seed,recorded_evaluation,ie,delta,logNe,logT,logNp,As_pct,Az_deg,R_Rsun,FS_Rsun,H_Rsun,incl_deg,Bbase_G,shift_x,shift_y,Q_total,Qimg_6p77,Qimg_9p69,Qspec
11001,1,0.704437673,3.75344181,7.28067589,8,2.71948028,-71.8152847,-56.5841599,0.016646076,0.041382201,0.0621215887,11.9621582,2878.94482,0,0,21.3764725,4.49326611,2.53610945,2.39118266
11001,1,0.631792247,2.73024583,6.20436525,8,0.366841108,7.03031921,-71.0240326,0.0249945167,0.0272538476,0.0897262394,33.9876022,4063.80225,0,0,11.0747643,5.79554272,2.13973737,0.523247421
11001,1,0.816398799,4.51902866,6.28743601,8,3.4476192,-64.868103,-33.0896835,0.0124223894,0.0531115234,0.0989238992,42.4551468,1350.7605,0,0,165.415833,1.5913763,1.9135102,26.9851589
11001,1,1.79665899,5.22320747,6.34611034,8,2.95563579,-72.0208206,-15.3742905,0.0211503096,0.00645870529,0.0327698924,7.13515472,3488.71606,-4,1,226.345337,1.17027402,1.61816132,37.2594833
11001,1,0.683025301,5.26013184,7.12079239,8,0.181578949,-47.1541328,63.5740356,0.00802969839,0.0253916793,0.0222971104,-57.1152496,1508.62366,4,-4,287.436707,1.24112642,2.17355442,47.3370056
11001,1,2.03487682,3.13965845,6.49996948,8,3.59695411,-17.7327194,77.9280396,0.0298216529,0.0361941308,0.0525899678,22.067749,1902.2876,0,0,67.5877991,9.16208935,2.42029595,9.33423615
11001,1,1.27612543,3.4835906,5.57496309,8,3.56283808,-14.2277985,-13.3887329,0.0164866149,0.0872359499,0.0589634366,-49.1368179,4961.52783,0,0,13.9692039,7.45704079,4.03867769,0.412247539
11001,1,1.88618696,5.42343998,7.95326614,8,0.222099796,43.7361984,-10.2059097,0.0103420671,0.0416272432,0.0761451498,13.5876007,4081.39233,0,0,325.290619,1.64187515,2.044734,53.6006699
11001,1,1.61961377,2.22330546,7.82196331,8,3.05114818,61.082016,-29.4534988,0.0259295423,0.0668520182,0.0543080904,57.6172791,4632.78564,0,0,110.962799,49.3033943,5.6618619,9.33292389
11001,1,2.310812,3.21666455,7.76493835,8,2.05391002,-79.0603561,-23.4695663,0.0173685886,0.0116880657,0.0807989016,25.1902161,3080.0481,0,0,143.019272,1.74905133,2.45089102,23.1365528
11001,1,0.679998457,2.82177711,6.51036739,8,1.23977757,49.1270752,-51.0469284,0.00998808444,0.0233776495,0.0694781989,-11.5383873,3362.09375,0,0,13.5727606,10.716815,2.41961122,0.0727223754
11001,1,0.498415768,3.91037178,6.60684872,8,1.05224597,-15.0349731,-40.9400101,0.0265567973,0.0939932689,0.0876895934,-1.36128616,4041.28784,0,0,14.4504242,9.42291451,4.01458502,0.168820634
11001,1,1.01290131,3.70206475,5.91060972,8,0.0208100062,-2.44187927,85.184433,0.0117853601,0.0287522264,0.0494598374,-30.7756577,2120.47656,0,0,231.813873,1.69561291,2.34857416,37.9616127
11001,1,1.52946067,3.71533728,7.55899429,8,2.53833127,-15.2564163,-37.7898254,0.0187645052,0.0999555066,0.0719737187,-59.536171,2139.06104,0,0,14.5104561,6.03905344,3.63335991,0.806340337
11001,1,2.48497033,5.48289967,5.94425631,8,3.7673912,-9.51927948,-6.36649323,0.0218402203,0.0477939807,0.0404071547,53.261322,3855.64136,5,-1,382.152618,1.09888303,3.05893946,62.9991341
11001,1,0.326935202,2.22501993,5.88804913,8,1.41900659,-46.3405113,-71.4760895,0.00338329002,0.0426365547,0.0654349104,-37.9558716,1122.96729,5,-6,19.0766544,1.01786661,2.37783027,2.61349297
11001,1,1.37461722,4.79499435,6.2231884,8,0.880101383,11.1103973,67.8560181,0.00814468879,0.043999169,0.0465265885,44.1013184,2150.93433,0,0,178.950958,1.75303268,2.04743886,29.1917458
11001,1,1.72742772,3.41457963,6.2141633,8,0.719750762,-18.3057709,-14.9193497,0.00663198065,0.0967712998,0.0854084566,-48.5039062,2224.98755,0,0,18.662014,4.38188744,3.15090513,1.8548702
11001,1,2.45219421,3.38786507,7.33149815,8,0.422785401,47.5855713,35.5140762,0.0111809392,0.0587086901,0.0740597248,-12.8567085,120.798492,0,0,921.027527,1.78509879,2.51074362,152.78862
11001,1,1.75623715,4.96120358,5.53884172,8,2.4266665,49.8227081,43.0802307,0.0223774388,0.0528311208,0.0693590865,33.0081635,3246.75903,0,0,127.941185,1.7263397,2.18210363,20.672123
11001,1,2.05626297,5.13477707,6.56499863,8,1.24307108,76.932663,65.3312531,0.0106835784,0.0652257875,0.0541266836,-16.7599907,1303.70398,0,0,391.405792,1.60393298,2.62498331,64.52948
11001,1,1.13891721,3.38257027,7.82144403,8,2.59004021,28.0469971,-84.1830444,0.0187913701,0.0569202825,0.0727051198,23.1086731,1514.04187,0,0,19.73736,13.0067883,1.76824808,0.827054083
11001,1,1.79715586,3.19723558,6.70234013,8,3.64202023,-1.62471008,17.8602066,0.0145114167,0.0224457718,0.0874393955,20.4323654,555.075439,0,0,311.728088,1.74007833,2.18352652,51.3007469
11001,1,1.07929218,3.54697895,7.99168015,8,3.67682791,68.0964813,-33.5104179,0.0075263679,0.0708356798,0.0944702849,40.1781998,3462.37012,0,0,13.1604347,7.92959547,2.6905117,0.423387825
11001,1,2.2380631,3.27415991,7.20849705,8,2.90451407,67.5738678,51.8252258,0.0181541108,0.0636401698,0.0236478262,54.9274979,1605.62805,0,0,86.2963409,1.79366589,2.24972153,13.7088251
11001,1,1.08039618,3.63424921,7.2805171,8,1.10018802,48.2349548,39.4972229,0.0253766216,0.0839753747,0.0490757041,-49.1896286,3512.73047,0,0,28.4464588,16.1296501,5.47836351,1.13974094
11001,1,2.31717801,4.37447453,7.26861668,8,1.11762452,-49.7614326,-4.36646271,0.0162178073,0.0248193592,0.0805883184,-32.7531471,1353.78809,0,0,990.478638,1.78332937,2.575804,164.353256
11001,1,1.07390475,4.00262785,7.71865463,8,3.17394805,-74.5583725,20.9929504,0.0150186047,0.0620442517,0.0368368626,-24.7666168,1690.56592,0,0,19.9880905,7.56991386,3.53298926,1.48086441
11001,1,0.331582546,2.5861032,7.4426899,8,1.08317149,40.4688721,-28.3427734,0.0284552053,0.0556651689,0.081504032,-29.151041,2132.72607,0,0,175.428314,90.2957611,5.33251524,13.3000069
11001,1,1.19428658,3.74085617,5.86559486,8,3.24554396,74.9628601,26.3791809,0.00734275021,0.0531441905,0.0614088699,45.928627,3812.97583,0,0,53.3496323,2.61503816,2.6063118,8.02138042
11001,1,0.229109734,3.53501463,5.92532587,8,2.07040524,17.3530197,19.4213791,0.0129230171,0.0200394914,0.0396638438,31.314888,964.947998,0,0,239.64917,1.72598553,2.12792754,39.2992096
11001,1,1.40441382,2.7915802,5.62658978,8,1.02277446,76.153244,11.3032608,0.0237467848,0.0429857112,0.0887734964,6.10041809,400.189423,0,0,109.706642,1.65041602,2.8137722,17.5404091
11001,1,0.802576959,5.20836449,7.36932755,8,1.12135243,-52.2374725,88.1955109,0.00524086226,0.0825353339,0.0867976099,42.1476135,4528.3667,0,0,49.2903824,1.77357137,2.08791661,7.57148266
11001,1,1.03779292,4.84995461,6.24775934,8,0.275340676,74.7239075,69.7832184,0.0157699175,0.0947828293,0.0944520161,-36.5632057,4749.33252,0,0,37.2152901,1.56357694,2.84043336,5.46854687
11001,1,0.546713173,4.83983135,6.06033993,8,0.741066098,-15.2234573,-74.2022324,0.0202096403,0.0287937447,0.0515084565,-2.04993439,4070.15625,0,0,173.194061,1.71867144,2.10370779,28.2286129
11001,1,1.43402267,5.29843521,7.54944801,8,1.74266386,-39.5059509,-28.3194351,0.0292240493,0.0443822369,0.0879193693,-20.9552078,4429.20898,0,0,31.0834064,2.67870617,2.67633653,4.28806067
11001,1,1.60904205,5.40208149,6.48827267,8,2.54703569,-42.4723282,-20.1625214,0.019378636,0.0556178726,0.0928740427,-41.9348602,705.017456,0,0,365.715637,1.78587961,2.14586449,60.2973099
11001,1,1.60306633,5.74963045,6.89771366,8,2.47051454,72.2210083,-46.0737,0.0190651808,0.0263441987,0.0522201546,-21.2341156,1365.75354,0,0,281.672302,1.74192953,2.17088461,46.2932434
11001,1,1.5961206,5.4985199,7.4584589,8,2.82779312,-64.1500244,46.0779419,0.0232773181,0.0574572124,0.0330446176,-1.64237213,1449.54858,0,0,77.6352997,1.79659152,3.33856773,12.0833569
11001,1,1.28769803,5.96423912,6.27519703,8,2.19666171,61.6729126,67.4517059,0.0285869017,0.0958955958,0.0775219053,-8.79998779,2744.70972,0,0,57.8583679,1.30190277,2.66716671,8.98154926
11001,1,2.07707405,5.83344173,7.59109783,8,1.06733847,37.6294327,26.6995468,0.017927967,0.0340532474,0.0616334416,26.5765686,664.808777,0,0,3725.68457,1.78616226,2.92933893,620.161499
11001,1,0.615166128,3.65018272,5.66374159,8,2.69818306,-60.8565445,-32.5817146,0.015196654,0.0162153039,0.036945954,-42.9957581,2770.34351,5,-6,93.5658569,1.56785643,2.67906952,14.8864889
11001,1,0.977483869,3.8679378,7.45212078,8,3.42582631,-54.8953171,-52.8059731,0.0180768427,0.0519240424,0.0278104395,15.4375763,3784.4436,0,0,18.6131458,8.76329041,4.27174234,0.929685593
11001,1,1.03252411,3.32190228,7.34396505,8,2.10817504,-20.1803932,72.0108032,0.0162423942,0.0558128208,0.0655440465,-53.3435936,1790.57349,0,0,32.8444824,23.6165447,3.70949841,0.919739664
11001,1,1.43280005,5.29600048,7.54750013,8,1.74000013,-39.5199966,-28.4399986,0.0292160027,0.0443300009,0.0878400058,-20.9999962,4034.7002,0,0,31.415411,3.00284004,2.51080704,4.31696081
11001,1,0.631792247,2.73024583,6.20436525,8,0.366841108,7.03031921,-71.0240326,0.0249945167,0.0272538476,0.0897262394,33.9876022,4063.80225,0,0,11.0747643,5.79554272,2.13973737,0.523247421
11001,1,0.800300002,2.0079999,7.36750031,8,1.12,-52.3199997,88.0200043,0.00522000017,0.0825200081,0.0867950097,42.1200027,4916.7002,0,0,10.5290461,1.75771976,2.08789468,1.11390531
11001,1,0.977400064,3.86400008,7.44999981,8,3.42400026,-55.0400009,-52.9199982,0.0180720016,0.0518350005,0.0275150016,-53.4000015,1790.50012,0,0,11.4148312,4.16561747,2.64429832,0.767485797
11001,1,1.03030002,3.32000017,6.59249973,8,2.10800004,-20.3199959,72,0.0162240006,0.0557300039,0.0278000012,15.3600006,3779.90015,0,0,31.638092,24.7880154,4.61038542,0.373281717
11001,1,1.72720015,3.41200018,6.2125001,8,0.716000021,-18.3999977,-14.9399948,0.00662000012,0.0967700034,0.0853700042,-38.0400009,1119.19995,0,0,36.9133148,3.68124056,2.53735948,5.1157856
11001,1,1.52939999,3.71200013,7.55749989,8,2.53600001,-5.27999878,69.6600037,0.0157480016,0.0947750062,0.0943950042,-36.5999985,4745.2002,0,0,23.2743607,13.2941284,4.66350079,0.88612175
11001,1,1.03720009,4.84800005,6.24749994,8,0.272000015,64.6400146,-52.1999969,0.018744003,0.0999050066,0.0718800053,-59.6399994,2138.3999,5,-6,32.0303535,1.33052981,3.19388914,4.58432245
11001,1,0.496699989,3.90799999,6.60500002,8,1.07200003,74.7200165,69.6600037,0.0157480016,0.0947750062,0.0943950042,-36.5999985,4745.2002,0,0,11.7122478,5.23491001,3.44827247,0.504844248
11001,1,1.03720009,4.84800005,6.24749994,8,0.252000004,-15.0399933,-41.0399971,0.026556002,0.0939200073,0.0876500085,-1.43999481,4039.6001,0,0,18.8389492,2.13934612,3.0241847,2.27923656
11001,1,0.570300043,3.23200011,7.78499985,8,0.716000021,-18.3999977,-14.9399948,0.00662000012,0.0967700034,0.0853700042,-48.5999985,2221.7002,0,0,13.6868782,8.18970776,3.02661729,0.41175887
11001,1,0.496699989,3.90799999,6.53000021,8,2.71600008,-71.8399963,-56.7000008,0.016644001,0.0412900001,0.0620949976,11.8800049,2878.30005,0,0,27.9793777,4.16711569,2.52329111,3.54816198
11001,1,0.703700006,3.75200009,7.35500002,8,1.05200005,-15.0399933,-41.0399971,0.026556002,0.0939200073,0.0876500085,-1.43999481,4039.6001,0,0,34.124649,17.0585175,5.33193827,1.95569861
11001,1,1.52939999,3.71200013,7.55749989,8,2.53600001,-15.3600006,51.6600037,0.0181280021,0.0636150017,0.023620002,54.840004,1604.30005,0,0,36.6067314,1.76216865,2.36157441,5.41383076
11001,1,2.23780012,3.27200007,7.20749998,8,2.90400004,67.5200043,-37.7999954,0.018744003,0.0999050066,0.0718800053,-59.6399994,2138.3999,-5,-5,6.49815845,1.41655993,1.75532615,0.554378748
11001,1,1.37300014,4.79199982,6.22249985,8,0.880000055,11.0400009,67.6800079,0.00813200045,0.0439500026,0.0465149991,44.0400085,2118.80029,0,0,178.127487,1.75324261,2.04704642,29.054533
11001,1,1.52939999,3.71200013,7.57250023,8,3.59600019,-17.7599945,77.7600098,0.0298040025,0.0361599997,0.0524999984,21.9600067,1751.30005,0,0,21.8139973,11.7677813,2.42241096,1.27063429
11001,1,2.03310013,3.13600016,6.48250008,8,0.936000049,-15.3600006,-37.7999954,0.018744003,0.0999050066,0.0718800053,-59.6399994,2138.3999,-7,-5,4.48569298,1.29812706,1.83382618,0.225623265
11001,1,0.800300002,5.20800018,7.36750031,8,1.12,-52.3199997,88.0200043,0.00522000017,0.0825200081,0.0867950097,15.3600006,3779.90015,0,0,329.324554,1.78599107,2.34326911,54.1992188
11001,1,0.977400064,3.86400008,7.44999981,8,3.42400026,-55.0400009,-54,0.0180720016,0.0518350005,0.0278000012,42.1200027,4524.7002,0,0,19.7369385,11.239481,4.83756638,0.609981716
11001,1,1.19360006,5.96400023,6.2750001,8,2.1960001,61.6000061,67.3200073,0.0285720024,0.0958200023,0.0774850026,-8.87999725,2741.1001,0,0,55.1322823,1.30454528,2.67802453,8.52495193
11001,1,1.28560007,3.74000025,5.86500025,8,3.2440002,74.8800049,26.2800064,0.00732000079,0.0530700013,0.0613350049,45.840004,3809.30005,0,0,53.1841431,2.65870261,2.62663746,7.98313379
11001,1,0.814100027,4.51599979,6.28499985,8,3.44400024,-64.9599991,-33.1199989,0.0124160005,0.0530700013,0.0988600031,42.3600082,1349.50012,0,0,165.555923,1.59029114,1.91288722,27.008791
11001,1,0.703700006,3.75200009,7.27999973,8,2.71600008,-71.8399963,-56.7000008,0.016644001,0.0412900001,0.0620949976,11.8800049,2878.30005,0,0,19.9692192,14.5322742,3.61514187,0.303633571
11001,1,1.01190007,3.70000005,7.82000017,8,3.0480001,60.9600067,-29.5199966,0.0259120017,0.0668449998,0.0543050021,57.6000061,4632.50049,0,0,33.1689987,20.6091938,4.05392122,1.41764712
11001,1,1.61910009,2.22000003,5.90999985,8,0.0200000014,-2.55999756,85.1400146,0.0117720012,0.0287499987,0.0493649989,-30.8399982,2118.80029,0,0,33.1555061,8.01014233,2.26987362,3.8125813
11001,1,1.72720015,3.41200018,6.2125001,8,0.716000021,-18.3999977,-15.1199951,0.0124160005,0.0530700013,0.0988600031,42.3600082,1349.50012,0,0,86.2098923,2.05468392,2.06731153,13.6813154
11001,1,0.814100027,4.51599979,6.28499985,8,3.44400024,-64.9599991,-32.9399986,0.00662000012,0.0967700034,0.0853700042,-48.5999985,2221.7002,0,0,59.9120789,1.77994788,2.50955606,9.27042866
11001,1,1.60300004,5.74800014,6.89750004,8,2.46800017,72.1600037,-46.079998,0.0190520007,0.0530700013,0.0988600031,42.3600082,1349.50012,-3,7,125.07769,1.08275664,2.2536912,20.2902069
11001,1,0.814100027,4.51599979,6.28499985,8,3.44400024,-64.9599991,-33.1199989,0.0124160005,0.0262800008,0.0522149988,-21.2399979,1364.20007,0,0,197.623505,1.71873391,2.36576676,32.2565002
11001,1,1.53400016,3.64800024,5.6624999,8,2.6960001,-60.9599991,-32.7599983,0.0151880011,0.016210001,0.0369199999,-43.0800018,2765.6001,0,0,117.944984,2.04441643,2.73383546,18.8611221
11001,1,0.482900023,2.78800011,5.625,8,1.0200001,76,11.1600037,0.0237280019,0.0429049991,0.0886950046,6,398.900024,0,0,64.7548981,1.57220781,2.52606463,10.109437
11001,1,1.07860005,3.42000008,7.82000017,8,3.0480001,60.9600067,-29.5199966,0.0259120017,0.0668449998,0.0543050021,57.6000061,4632.50049,0,0,41.7896271,23.2385845,4.34546041,2.36759758
11001,1,1.61910009,2.3440001,7.99000025,8,3.67600012,68.0000153,-33.659996,0.00751600042,0.0708350018,0.0943950042,40.0800095,3461.40015,0,0,42.300087,24.3074551,2.76484632,2.53796458
11001,1,0.282800019,5.29600048,7.54750013,8,1.74000013,-39.5199966,-28.4399986,0.0292160027,0.0443300009,0.0878400058,-20.9999962,4426.7002,0,0,21.0705776,3.02721262,2.72853351,2.55247211
11001,1,1.47650003,2.22399998,5.88749981,8,1.41600001,-46.3999977,-71.6399994,0.00337200006,0.0426199995,0.0654200017,-38.0400009,1119.19995,0,0,16.012064,2.04387212,2.05305719,1.9858557
11001,1,0.326499999,2.22399998,5.88749981,8,1.41600001,-79.1999969,-23.5799942,0.0173440017,0.0116499998,0.0807150081,25.0800095,3079.2002,0,0,78.7939987,62.349659,4.15573645,2.04810071
11001,1,2.30910015,3.21600008,7.76249981,8,2.05200005,-46.3999977,-71.6399994,0.00337200006,0.0426199995,0.0654200017,-38.0400009,1119.19995,5,-5,38.7324753,1.34293926,2.35248184,5.83950949
11001,1,1.03030002,3.32000017,7.34250021,8,2.10800004,-20.3199959,72,0.00970000029,0.0937300026,0.084800005,-59.6399994,3853.40015,0,0,13.468133,5.47985125,4.25321674,0.62251085
11001,1,1.32470012,3.80800009,6.49499989,8,3.37200022,-70.5599976,-57.9599991,0.0162240006,0.0557300039,0.0655150041,-53.4000015,1790.50012,0,0,89.6354828,1.71204078,2.12607169,14.2995615
11001,1,0.683000028,5.26000023,7.11999989,8,0.180000007,-47.1999969,63.5400085,0.00802000053,0.0253299996,0.0222900026,-57.1199989,2030.6001,3,-3,211.827179,1.08068824,1.70326889,34.840538
11001,1,1.19360006,3.74000025,5.86500025,8,3.2440002,74.8800049,26.2800064,0.00732000079,0.0530700013,0.0613350049,39.840004,3794.6001,0,0,38.5367317,2.7869637,2.50046611,5.54155016
11001,1,1.19360006,3.74000025,5.86500025,8,3.2440002,74.8800049,26.2800064,0.00732000079,0.0530700013,0.056394998,40.0800095,3461.40015,0,0,55.2131195,1.92085457,2.58187866,8.45173073
11001,1,1.07860005,3.54400015,7.99000025,8,3.67600012,68.0000153,-33.659996,0.00751600042,0.0708350018,0.0993350074,45.840004,3809.30005,0,0,17.4787693,11.0161705,2.63583994,0.637793243
11001,1,1.13840008,2.18000007,7.82000017,8,2.58800006,27.6800079,72,0.0162240006,0.0557300039,0.0655150041,-53.4000015,1790.50012,0,0,402.777374,301.379791,6.45071697,15.8244801
11001,1,1.03030002,3.32000017,7.34250021,8,2.10800004,-19.9999962,-84.2399979,0.0187720023,0.0568699986,0.0726400018,23.0400009,1511.20007,6,-6,23.8518658,0.972438097,2.68783164,3.36526585
11001,1,2.03310013,3.13600016,6.49749994,8,3.59600019,-17.7599945,77.7600098,0.0298040025,0.0367299989,0.0655150041,-53.4000015,1790.50012,0,0,89.5851746,3.54735518,4.795403,13.5404024
11001,1,1.03030002,3.32000017,7.34250021,8,2.10800004,-20.3199959,72,0.0162240006,0.0551599972,0.0524999984,21.9600067,1898.30005,0,0,28.6093884,23.5847893,2.95932126,0.34421286
11001,1,1.62830019,4.84399986,6.17000008,8,3.43600011,31.0400009,-33.1199989,0.0124160005,0.0530700013,0.0988600031,42.3600082,1349.50012,0,0,253.863174,1.78500915,2.50482059,41.5955582
11001,1,0.814100027,4.51599979,6.28499985,8,3.44400024,-64.3199997,-2.33999634,0.0263880026,0.0801450014,0.0794800073,12.2400055,4421.80029,0,0,15.429594,6.1949873,5.08146763,0.692189813
11001,1,1.01190007,3.70000005,5.90999985,8,0.0200000014,-2.55999756,85.1400146,0.0117720012,0.0287499987,0.0494600013,-49.2000008,4960.80029,3,-6,110.314766,0.920821428,2.14767885,17.8743763
11001,1,1.27410007,3.48000002,5.57250023,8,3.56000018,-14.2399979,-13.5,0.0164760016,0.0871750116,0.0588649996,-30.8399982,2118.80029,0,0,21.3975754,5.86292696,4.17105579,1.89393187
11001,1,2.31599998,4.37200022,7.26249981,8,2.6960001,-60.9599991,-32.7599983,0.0151880011,0.016210001,0.0369199999,-43.0800018,2765.6001,0,0,489.121124,1.5851686,2.19202042,80.8906555
11001,1,0.614000022,3.64800024,5.66750002,8,1.11600006,-49.9199982,-4.49999237,0.0161960013,0.0247600004,0.0805250034,-32.7599983,1349.50012,0,0,100.180115,2.2898016,2.30756044,15.9304581
11001,1,0.630100012,2.72800016,6.20249987,8,0.364000022,6.88000488,-71.0999985,0.0249880031,0.027040001,0.0927800015,-42,702.700012,0,0,60.8272552,1.78570759,2.08367038,9.49297905
11001,1,1.60760009,5.4000001,6.48750019,8,2.54400015,-42.5599976,-20.3399963,0.0193600003,0.0557300039,0.0896450058,33.9600067,4059.2002,-1,-4,152.400925,1.15163338,1.59837341,24.9418201
11001,1,1.60760009,5.4000001,6.48750019,8,2.55600023,68.0000153,-33.659996,0.00751600042,0.0708350018,0.0943950042,40.0800095,3461.40015,0,-5,122.630074,0.991528571,2.68375564,19.825798
11001,1,1.07860005,3.54400015,7.99000025,8,3.66400027,-42.5599976,-20.3399963,0.0193600003,0.0555399992,0.0927800015,-42,702.700012,5,-5,9.43944359,4.00773239,3.13670111,0.382501632
11001,1,1.07169998,4,7.71749973,8,3.17200017,-74.5599976,20.8800125,0.0151320007,0.0426199995,0.0654200017,-38.0400009,1119.19995,0,0,33.9408722,7.3459444,2.06913424,4.08763218
11001,1,1.61910009,2.3440001,7.99000025,8,3.67600012,68.0000153,-33.659996,0.00751600042,0.0708350018,0.0943950042,40.0800095,3461.40015,0,0,42.300087,24.3074551,2.76484632,2.53796458
11001,1,2.03310013,3.13600016,6.48250008,8,0.936000049,-15.3600006,-37.7999954,0.018744003,0.0999050066,0.0718800053,-59.6399994,2138.3999,-7,-5,4.48569298,1.29812706,1.83382618,0.225623265
11001,1,1.07860005,3.54400015,7.99000025,8,3.66400027,-42.5599976,-20.3399963,0.0193600003,0.0555399992,0.0927800015,-42,702.700012,5,-5,9.43944359,4.00773239,3.13670111,0.382501632
11001,1,2.31599998,2.3440001,7.99000025,8,3.67600012,68.0000153,-33.659996,0.00751600042,0.0708350018,0.0943950042,40.0800095,3461.40015,0,0,38.8854103,23.9673843,2.74460936,2.02890253
11001,1,1.61910009,4.37200022,7.26249981,8,2.6960001,-60.9599991,-32.7599983,0.0151880011,0.0155450003,0.0369199999,-43.0800018,2765.6001,-3,7,99.8879929,1.4943831,1.71595013,16.1129436
11001,1,1.03030002,3.32000017,7.34250021,8,2.10800004,-20.3199959,72,0.00978400093,0.0999050066,0.0718800053,-59.6399994,2138.3999,0,0,18.9646759,11.4052477,3.75162792,0.634633124
11001,1,2.23780012,3.27200007,7.20749998,8,2.90400004,67.5200043,-37.7999954,0.0186600015,0.0937300026,0.084800005,-59.6399994,3853.40015,0,0,10.326931,3.18152714,2.97409391,0.695218384
11001,1,1.47650003,2.22399998,5.88749981,8,1.41600001,-46.3999977,-56.3400002,0.0263880026,0.0801450014,0.0794800073,12.2400055,4421.80029,0,0,149.251831,73.684761,5.74044752,11.6377707
11001,1,0.814100027,4.51599979,6.28499985,8,3.44400024,-64.3199997,-17.6399994,0.00337200006,0.0426199995,0.0654200017,-38.0400009,1119.19995,0,0,247.458511,1.65559638,2.16219854,40.6067848
11001,1,1.03720009,4.84800005,6.24749994,8,0.252000004,-15.0399933,-41.0399971,0.026556002,0.0939200073,0.0876500085,57.6000061,4632.50049,0,0,16.0200806,4.45410156,5.65750027,0.984746218
11001,1,1.07860005,3.42000008,7.82000017,8,3.0480001,60.9600067,-29.5199966,0.0259120017,0.0668449998,0.0543050021,-1.43999481,4039.6001,0,0,41.6656799,20.8987446,4.01914501,2.79129815
11001,1,1.47650003,2.20799994,7.36750031,8,1.12,-52.3199997,88.0200043,0.00522000017,0.0825200081,0.0867950097,15.3600006,3779.90015,0,0,18.3024216,1.77555192,2.34689689,2.36332893
11001,1,0.800300002,5.22399998,5.88749981,8,1.41600001,-46.3999977,-71.6399994,0.00337200006,0.0426199995,0.0654200017,-38.0400009,1119.19995,0,0,304.24823,1.78457367,2.1720047,50.0486107
11001,1,0.282800019,5.29600048,7.54750013,8,1.74000013,-39.5199966,-71.6399994,0.00337200006,0.0426199995,0.0654200017,-38.0400009,1119.19995,0,0,160.495193,1.76918721,2.15213227,26.0956478
11001,1,2.30910015,3.21600008,7.76249981,8,2.05200005,-46.3999977,-28.4399986,0.0292160027,0.0443300009,0.0878400058,-20.9999962,4426.7002,0,0,60.4257278,46.4783211,3.19648623,1.79181981
11001,1,1.07860005,3.54400015,7.99000025,8,3.42400026,-55.0400009,-52.9199982,0.0180720016,0.0518350005,0.0275150016,-53.4000015,1790.50012,0,0,12.210907,6.45339537,2.95713282,0.466729701
11001,1,0.977400064,3.86400008,7.44999981,8,3.67600012,68.0000153,-33.659996,0.00751600042,0.0708350018,0.0993350074,45.840004,3809.30005,0,0,19.6372929,9.08740711,2.48339224,1.34441543
11001,1,0.703700006,3.75200009,7.35500002,8,1.05200005,-15.0399933,-41.0399971,0.026556002,0.0939200073,0.0876500085,-1.43999481,4039.6001,0,0,34.124649,17.0585175,5.33193827,1.95569861
11001,1,2.23780012,3.27200007,7.20749998,8,2.90400004,67.5200043,-37.7999954,0.018744003,0.0999050066,0.0718800053,-59.6399994,2138.3999,-5,-5,6.49815845,1.41655993,1.75532615,0.554378748
11001,1,1.03030002,3.32000017,7.34250021,8,2.10800004,-20.3199959,72,0.00970000029,0.0937300026,0.084800005,-60,702.700012,0,0,28.083353,8.06493282,4.45057154,2.59464169
11001,1,1.07860005,3.54400015,7.99000025,8,3.66400027,-42.5599976,-20.3399963,0.0193600003,0.0555399992,0.0927800015,-41.6399994,3853.40015,0,0,42.0373955,21.1218033,4.72527218,2.69838667
11001,1,0.570300043,3.23200011,7.78499985,8,0.716000021,-18.3999977,-14.9399948,0.00662000012,0.0967700034,0.0853700042,-48.5999985,2221.7002,0,0,13.6868782,8.18970776,3.02661729,0.41175887
11001,1,0.977400064,3.86400008,7.44999981,8,3.42400026,-55.0400009,-54,0.0180720016,0.0518350005,0.0278000012,42.1200027,4524.7002,0,0,19.7369385,11.239481,4.83756638,0.609981716
11001,1,1.47650003,4.84800005,6.24749994,8,0.252000004,-15.0399933,-41.0399971,0.026556002,0.0939200073,0.0876500085,-1.43999481,4039.6001,0,0,20.2169075,2.15432167,3.03604388,2.50442386
11001,1,1.03720009,2.22399998,5.88749981,8,1.41600001,-46.3999977,-71.6399994,0.00337200006,0.0426199995,0.0654200017,-38.0400009,1119.19995,0,0,16.1351509,2.01226616,2.05668855,2.01103282
11001,1,2.23780012,3.27200007,7.20749998,8,2.90400004,67.5200043,-37.7999954,0.018744003,0.0557300039,0.0655150041,-53.4000015,1790.50012,0,0,70.0224686,5.96131659,3.28620338,10.129158
11001,1,1.32470012,3.80800009,6.49499989,8,3.37200022,-70.5599976,-57.9599991,0.0162240006,0.0999050066,0.0718800053,-59.6399994,2138.3999,0,0,6.63689661,2.49601531,2.41604948,0.28747198
11001,1,0.326499999,2.22399998,5.88749981,8,1.41600001,-79.1999969,-23.5799942,0.0173440017,0.0116499998,0.0801450014,-36.5999985,4745.2002,0,0,63.8251038,40.4550095,3.30209255,3.34466648
11001,1,0.496699989,3.90799999,6.60500002,8,1.07200003,74.7200165,69.6600037,0.0157480016,0.0947750062,0.0949650034,25.0800095,3079.2002,5,-6,3.85408115,1.0880574,2.37548327,0.0650900826
11001,1,1.01190007,3.70000005,7.82000017,8,3.0480001,60.9600067,-29.5199966,0.0259120017,0.0668449998,0.0528800003,-59.6399994,2138.3999,0,0,20.937809,13.2467098,3.35458589,0.722752273
11001,1,2.03310013,3.13600016,6.48250008,8,0.936000049,-15.3600006,-37.7999954,0.018744003,0.0999050066,0.0733050033,57.6000061,4632.50049,0,0,29.112215,19.6042194,5.66404676,0.640658081
11001,1,1.07169998,4,7.71749973,8,3.17200017,-74.5599976,20.8800125,0.0151320007,0.0426199995,0.0654200017,-38.0400009,1119.19995,0,0,33.9408722,7.3459444,2.06913424,4.08763218
11001,1,1.72720015,3.41200018,6.2125001,8,0.716000021,-2.3999939,-15.1199951,0.0124160005,0.0530700013,0.0988600031,42.3600082,1349.50012,1,-6,146.753418,1.35394096,2.18840814,23.8685112
11001,1,1.53400016,3.64800024,5.70249987,8,0.364000022,6.88000488,-71.0999985,0.0249880031,0.027040001,0.0927800015,-42,702.700012,0,0,293.701721,1.78616166,2.08573508,48.3049698
11001,1,0.630100012,2.72800016,6.1624999,8,2.6960001,-60.9599991,-32.7599983,0.0151880011,0.016210001,0.0369199999,-43.0800018,2765.6001,0,0,31.9559975,22.9168911,4.21467781,0.804071426
11001,1,1.07169998,4,7.71749973,8,3.17200017,-74.5599976,20.8800125,0.0151320007,0.0426199995,0.0876500085,-1.43999481,4039.6001,0,0,16.5613689,11.5923014,3.52193499,0.24118872
11001,1,0.703700006,3.75200009,7.35500002,8,1.05200005,-15.0399933,-41.0399971,0.026556002,0.0939200073,0.0654200017,-38.0400009,1119.19995,0,0,29.4401875,19.6079674,4.16931581,0.943817377
11001,1,0.496699989,4.84399986,6.17000008,8,3.43600011,31.0400009,-33.1199989,0.0124160005,0.0530700013,0.0988600031,42.3600082,1349.50012,0,0,216.269089,1.78407836,2.49649143,35.3314209
11001,1,1.62830019,3.90799999,6.60500002,8,1.07200003,74.7200165,69.6600037,0.0157480016,0.0947750062,0.0943950042,-36.5999985,4745.2002,0,0,13.0986013,6.31056356,3.67145991,0.519429684
11001,1,1.19360006,3.74000025,5.86500025,8,3.2440002,74.8800049,26.2800064,0.00732000079,0.0530700013,0.0613350049,39.840004,3794.6001,0,0,38.5367317,2.7869637,2.50046611,5.54155016
11001,1,0.977400064,3.86400008,7.44999981,8,3.42400026,-55.0400009,-54,0.0180720016,0.0518350005,0.0278000012,42.1200027,4524.7002,0,0,19.7369385,11.239481,4.83756638,0.609981716
11001,1,1.28560007,3.74000025,5.86500025,8,3.67600012,68.0000153,-33.659996,0.00751600042,0.0708350018,0.0993350074,45.840004,3809.30005,0,0,39.7678642,4.47192049,2.89595556,5.39999819
11001,1,1.07860005,3.54400015,7.99000025,8,3.2440002,74.8800049,26.2800064,0.00732000079,0.0530700013,0.0613350049,45.840004,3809.30005,0,0,14.3058405,6.71471691,2.85604692,0.789179444
11001,1,1.07860005,3.54400015,7.99000025,8,3.67600012,68.0000153,-33.659996,0.00751600042,0.0708350018,0.0993350074,45.840004,3809.30005,0,0,17.4787693,11.0161705,2.63583994,0.637793243
11001,1,1.03720009,4.84800005,6.24749994,8,0.272000015,64.6400146,-52.1999969,0.018744003,0.0999050066,0.0718800053,-59.6399994,2138.3999,5,-6,32.0303535,1.33052981,3.19388914,4.58432245
11001,1,1.62830019,4.84399986,6.19500017,8,3.51600027,-18.3999977,-14.9399948,0.00662000012,0.0967700034,0.0853700042,-38.0400009,1119.19995,0,0,128.427444,1.65203536,2.41281438,20.7270985
11001,1,1.27410007,3.48000002,5.57250023,8,3.56000018,-14.2399979,-13.5,0.0164760016,0.0871750116,0.0588649996,-30.8399982,2118.80029,0,0,21.3975754,5.86292696,4.17105579,1.89393187
11001,1,0.496699989,3.90799999,6.53000021,8,2.71600008,-71.8399963,-56.7000008,0.016644001,0.0412900001,0.0620949976,11.8800049,2878.30005,0,0,27.9793777,4.16711569,2.52329111,3.54816198
11001,1,1.03030002,2.0079999,7.36750031,8,1.12,-52.3199997,88.0200043,0.00522000017,0.0825200081,0.0867950097,42.1200027,4916.7002,0,0,10.5290394,1.75771987,2.08789468,1.11390412
11001,1,0.84859997,3.42000008,7.82000017,8,3.0480001,60.9600067,-29.5199966,0.0259120017,0.0668449998,0.0543050021,57.6000061,4632.50049,0,0,41.7713509,23.2394466,4.34444523,2.36457658
11001,1,2.30910015,3.21600008,7.76249981,8,2.05200005,-46.3999977,-71.6399994,0.026556002,0.0939200073,0.0876500085,-1.43999481,4039.6001,0,0,59.1516647,20.4746475,3.875664,5.80022526
11001,1,1.03720009,4.84800005,6.24749994,8,0.252000004,-15.0399933,-41.0399971,0.00337200006,0.0426199995,0.0654200017,-38.0400009,1119.19995,0,0,302.227051,1.75772226,2.25540829,49.7023201
11001,1,0.800300002,2.0079999,7.36750031,8,1.12,-50.4000015,-14.9399948,0.00662000012,0.0967700034,0.0853700042,-48.5999985,2221.7002,0,0,46.2164917,26.6505165,2.86527109,2.78345037
11001,1,0.570300043,3.23200011,7.78499985,8,0.716000021,-20.3199959,88.0200043,0.00522000017,0.0825200081,0.0867950097,42.1200027,4916.7002,0,0,7.46969223,1.75121486,2.08404541,0.60573864
11001,1,1.03720009,4.84800005,6.24749994,8,0.263999999,67.5200043,-37.7999954,0.018744003,0.0999050066,0.0718800053,-59.6399994,2138.3999,-6,-6,33.5551758,0.953210354,1.88840735,5.11892653
11001,1,2.23780012,3.27200007,7.20749998,8,2.8920002,-15.0399933,-41.0399971,0.026556002,0.0939200073,0.0876500085,-1.43999481,4039.6001,0,0,37.9776611,21.7641163,3.91880226,2.04912353
11001,1,0.800300002,2.0079999,7.36750031,8,1.15200007,74.7200165,69.6600037,0.0157480016,0.0947750062,0.0915450081,-36.5999985,4745.2002,0,0,164.397385,74.6973114,4.50351906,14.1994238
11001,1,0.496699989,3.90799999,6.60500002,8,1.04000008,-52.3199997,88.0200043,0.00522000017,0.0825200081,0.0867950097,42.1200027,4916.7002,0,0,20.2705269,1.76334405,2.0878942,2.73654819
11001,1,1.60300004,5.74800014,6.89750004,8,2.46800017,72.1600037,-45.3599968,0.0162240006,0.0557300039,0.0655150041,-53.4000015,1790.50012,-6,-6,135.986755,1.03284252,2.22644973,22.1212444
11001,1,1.32470012,3.80800009,6.49499989,8,3.37200022,-70.5599976,-58.6800003,0.0190520007,0.0530700013,0.0988600031,42.3600082,1349.50012,5,-6,51.151619,1.36240602,3.71251273,7.67944956
11001,1,1.07860005,3.54400015,7.99000025,8,3.66400027,-42.5599976,-20.3399963,0.0193600003,0.0555399992,0.0927800015,-42,702.700012,5,-5,9.43944359,4.00773239,3.13670111,0.382501632
11001,1,0.814100027,4.51599979,6.28499985,8,3.44400024,-64.9599991,-32.9399986,0.00662000012,0.0967700034,0.0853700042,-48.5999985,2221.7002,0,0,59.9120789,1.77994788,2.50955606,9.27042866
11001,1,1.52939999,3.71200013,7.55749989,8,2.1960001,61.6000061,67.3200073,0.0285720024,0.0958200023,0.0774850026,-8.87999725,2741.1001,0,0,44.2627983,21.148634,5.45271921,2.94357395
11001,1,1.19360006,5.96400023,6.2750001,8,2.53600001,-15.3600006,51.6600037,0.0181280021,0.0636150017,0.023620002,54.840004,1604.30005,0,0,198.150589,1.73564672,2.53368354,32.3135452
11001,1,1.03720009,4.84800005,6.24749994,8,0.272000015,76.9600067,-29.5199966,0.0259120017,0.0668449998,0.0528800003,-59.6399994,2138.3999,0,0,25.4201927,2.80514097,3.40505266,3.20166636
11001,1,0.496699989,3.90799999,6.60500002,8,1.07200003,74.7200165,69.6600037,0.0157480016,0.0947750062,0.0949650034,25.0800095,3079.2002,5,-6,3.85408115,1.0880574,2.37548327,0.0650900826
11001,1,1.01190007,3.70000005,7.82000017,8,3.0480001,48.6399994,-52.1999969,0.018744003,0.0999050066,0.0718800053,-59.6399994,2138.3999,0,0,12.7978687,6.45932627,2.50260162,0.639323413
11001,1,1.07860005,3.54400015,7.99000025,8,3.66400027,-42.5599976,-20.3399963,0.0193600003,0.0555399992,0.0930650085,-53.4000015,1790.50012,0,0,33.0324097,25.1471786,2.96446228,0.820128024
11001,1,1.07860005,3.54400015,7.99000025,8,3.42400026,-55.0400009,-52.9199982,0.0180720016,0.0518350005,0.027230002,-42,702.700012,0,0,36.5095863,30.3912354,5.11911678,0.166538924
11001,1,0.570300043,3.43200016,7.78499985,8,0.716000021,-18.3999977,-14.9399948,0.00662000012,0.0967700034,0.0853700042,-48.5999985,2182.5,0,0,12.2979298,6.74680138,3.31642675,0.372450203
11001,1,1.03720009,4.84800005,6.24749994,8,0.252000004,-15.0399933,-41.0399971,0.026556002,0.0939200073,0.0876500085,57.6000061,4671.7002,0,0,16.0908318,4.54337406,5.92979527,0.936276913
11001,1,1.62830019,3.90799999,6.60500002,8,1.07200003,74.7200165,69.6600037,0.0157480016,0.0947750062,0.0943950042,-36.5999985,4745.2002,0,0,13.0986013,6.31056356,3.67145991,0.519429684
11001,1,1.72720015,3.41200018,6.2125001,8,0.716000021,-2.3999939,-15.1199951,0.0124160005,0.0530700013,0.0988600031,42.3600082,1349.50012,1,-6,146.753418,1.35394096,2.18840814,23.8685112
11001,1,2.30910015,3.21600008,7.76249981,8,2.05200005,-46.3999977,-28.4399986,0.0292160027,0.0524049997,0.0718800053,-59.6399994,2138.3999,0,0,43.571209,23.10672,3.00400233,2.91008115
11001,1,1.32470012,3.80800009,6.49499989,8,3.37200022,-70.5599976,-57.9599991,0.0162240006,0.0918300077,0.0878400058,-20.9999962,4426.7002,-5,-6,3.68282557,1.19007063,2.31748605,0.0292114746
11001,1,1.07169998,4.01999998,5.86500025,8,3.67600012,68.0000153,-33.659996,0.00751600042,0.0708350018,0.0993350074,45.840004,3809.30005,0,0,51.0966263,2.9028995,2.30975294,7.64732838
11001,1,1.28560007,3.72000003,7.71749973,8,3.17200017,-74.5599976,20.8800125,0.0207320023,0.0426199995,0.0876500085,-1.43999481,4039.6001,0,0,32.9737434,23.2082233,5.59201193,0.695584834
11001,1,0.630100012,2.72800016,6.1624999,8,2.6960001,-60.9599991,-32.7599983,0.0151880011,0.01602,0.0876500085,-1.43999481,4039.6001,0,0,100.534409,1.7415309,2.32934284,16.0772552
11001,1,2.23780012,3.27200007,7.20749998,8,2.8920002,-15.0399933,-41.0399971,0.026556002,0.0941100046,0.0369199999,-43.0800018,2765.6001,0,0,20.733654,12.4399538,3.04247284,0.875204623
11001,1,1.07860005,3.54400015,7.99000025,8,3.67600012,68.0000153,-33.659996,0.00522000017,0.0825200081,0.0867950097,42.1200027,4916.7002,0,0,16.9309387,2.85652542,2.23406339,1.97339153
11001,1,1.03030002,2.0079999,7.36750031,8,1.12,-52.3199997,88.0200043,0.00751600042,0.0708350018,0.0993350074,45.840004,3809.30005,0,0,19.5368214,1.75157344,2.08777118,2.61624622
11001,1,0.703700006,3.75200009,7.35500002,8,1.05200005,-15.0399933,-41.0399971,0.026556002,0.094205007,0.0718800053,-59.6399994,2138.3999,0,0,24.0231934,11.2036114,4.65681553,1.36046088
11001,1,1.03720009,4.84800005,6.24749994,8,0.272000015,64.6400146,-52.1999969,0.018744003,0.099620007,0.0654200017,-38.0400009,1119.19995,0,0,45.4564095,1.58139622,3.05888724,6.80268717
11001,1,1.47650003,4.84800005,6.24749994,8,0.252000004,-15.0399933,-41.0399971,0.026556002,0.0939200073,0.0876500085,-1.43999481,4039.6001,0,0,20.2169075,2.15432167,3.03604388,2.50442386
11001,1,1.01190007,3.70000005,7.79500008,8,3.0480001,60.9600067,-29.5199966,0.0259120017,0.0668449998,0.0528800003,-59.6399994,2138.3999,0,0,20.7496109,13.2040205,3.38264513,0.693824112
11001,1,0.496699989,3.90799999,6.60500002,8,1.07200003,74.7200165,69.6600037,0.0157480016,0.0947750062,0.0949650034,24.1200027,4524.7002,5,-6,5.22654247,1.05089045,2.53310251,0.273758203
11001,1,0.977400064,3.86400008,7.44999981,8,3.42400026,-55.0400009,-54,0.0180720016,0.0518350005,0.0278000012,43.0800018,3079.2002,0,0,19.9850922,11.5534163,5.5025692,0.488184273
11001,1,1.78010011,2.74800014,6.53000021,8,2.71600008,-71.8399963,-56.7000008,0.016644001,0.0412900001,0.0620949976,11.8800049,2878.30005,0,0,61.5476685,48.057373,5.4520936,1.33969986
11001,1,0.496699989,3.88800001,6.1624999,8,2.6960001,-60.9599991,-32.7599983,0.0151880011,0.016210001,0.0369199999,-43.0800018,2765.6001,5,-6,79.7204666,1.75216746,2.7711904,12.5328522
11001,1,2.23780012,3.90799999,6.60500002,8,1.07200003,74.7200165,69.6600037,0.0157480016,0.0947750062,0.0949650034,25.0800095,3079.2002,0,0,23.0483894,1.69539726,2.43074894,3.1537075
11001,1,0.496699989,3.27200007,7.20749998,8,2.8920002,-15.0399933,-41.0399971,0.026556002,0.0939200073,0.0876500085,-1.43999481,4039.6001,0,0,62.1022873,27.3053703,5.23295498,4.92732668
11001,1,0.84859997,3.42000008,7.82000017,8,3.0480001,60.9600067,-29.5199966,0.0259120017,0.0673200041,0.0853700042,-48.5999985,2221.7002,0,0,68.1351013,44.1221352,5.26565266,3.12455201
11001,1,0.800300002,2.0079999,7.36750031,8,1.12,-50.4000015,-14.9399948,0.00662000012,0.0962950066,0.0543050021,57.6000061,4632.50049,0,0,29.1411839,3.69166636,2.20392561,3.87426543
11001,1,0.977400064,3.86400008,5.88749981,8,1.41600001,-46.3999977,-71.6399994,0.00337200006,0.0426199995,0.0654200017,-38.0400009,1119.19995,0,0,168.935654,1.76939642,2.17123485,27.4991703
11001,1,1.03720009,2.22399998,7.44999981,8,3.67600012,68.0000153,-33.659996,0.00751600042,0.0708350018,0.0993350074,45.840004,3809.30005,0,0,34.6745148,22.3279629,3.01324153,1.55555201
11001,1,2.23780012,3.27200007,7.20749998,8,2.90400004,67.5200043,-37.7999954,0.018744003,0.0999050066,0.0718800053,-54,702.700012,0,0,37.3471298,29.7464809,3.49235415,0.684715629
11001,1,1.07860005,3.54400015,7.99000025,8,3.66400027,-42.5599976,-20.3399963,0.0193600003,0.0555399992,0.0927800015,-47.6399994,2138.3999,0,0,28.2023277,21.5853214,3.10523558,0.585294962
11001,1,1.47650003,2.20799994,7.36750031,8,1.12,-52.3199997,88.0200043,0.00522000017,0.0825200081,0.0867950097,42.1200027,4916.7002,0,0,8.15628719,1.75306904,2.08789945,0.719219744
11001,1,0.496699989,3.90799999,6.60500002,8,1.04000008,-52.3199997,88.0200043,0.00522000017,0.0825200081,0.0867950097,15.3600006,3779.90015,0,0,129.289337,1.78442311,2.33620715,20.8614502
11001,1,0.814100027,4.51599979,6.28499985,8,3.44400024,-64.9599991,-32.9399986,0.00662000012,0.0708350018,0.0943950042,40.0800095,3461.40015,0,4,60.9736328,1.35778511,2.34773755,9.54468536
11001,1,2.31599998,2.3440001,7.99000025,8,3.67600012,68.0000153,-33.659996,0.00751600042,0.0967700034,0.0853700042,-48.5999985,2221.7002,0,0,11.2097206,3.12244654,2.30282021,0.964075565
11001,1,1.62830019,4.84399986,6.19500017,8,3.51600027,-60,-33.659996,0.00751600042,0.0708350018,0.0993350074,45.840004,3809.30005,0,0,243.472137,1.74571621,2.47628927,39.8750229
11001,1,1.07860005,3.54400015,7.99000025,8,3.67600012,-18.3999977,-14.9399948,0.00662000012,0.0967700034,0.0853700042,-38.0400009,1119.19995,0,0,16.1750374,11.9893408,3.45819926,0.121249661
11001,1,1.03720009,2.22399998,5.88749981,8,1.41600001,-46.3999977,-71.6399994,0.00337200006,0.0426199995,0.0654200017,-38.0400009,1359.30005,0,0,14.0349274,2.08910227,2.04872513,1.64951658
11001,1,1.07860005,3.54400015,7.99000025,8,3.2440002,74.8800049,26.2800064,0.00732000079,0.0530700013,0.0613350049,45.840004,3569.19995,0,0,13.7069397,5.97891188,2.91186476,0.802693844
11001,1,0.570300043,3.23200011,7.78499985,8,0.716000021,-18.3999977,-14.9399948,0.00662000012,0.0967700034,0.0853700042,-48.5999985,2221.7002,0,0,13.6868782,8.18970776,3.02661729,0.41175887
11001,1,0.496699989,3.90799999,6.53000021,8,2.71600008,-71.8399963,-56.7000008,0.016644001,0.0412900001,0.0620949976,11.8800049,2878.30005,0,0,27.9793777,4.16711569,2.52329111,3.54816198
11001,1,0.496699989,3.90799999,6.53000021,8,2.67200017,74.7200165,69.6600037,0.0157480016,0.0947750062,0.0943950042,-36.5999985,4745.2002,0,0,12.1042099,4.85913277,3.41284919,0.638704598
11001,1,1.62830019,3.90799999,6.60500002,8,1.11600006,-71.8399963,-56.7000008,0.016644001,0.0412900001,0.0620949976,11.8800049,2878.30005,0,0,30.3970337,5.14179897,2.67655611,3.76311326
11001,1,1.0395,4.84800005,6.24749994,8,0.252000004,-15.0399933,-41.0399971,0.026556002,0.0939200073,0.0876500085,-1.43999481,4039.6001,0,0,18.8426247,2.1394136,3.02420712,2.27983379
11001,1,1.46730006,3.32000017,7.34250021,8,2.10800004,-20.3199959,72,0.00970000029,0.0937300026,0.084800005,-60,702.700012,0,0,29.2885036,8.67914963,4.48327255,2.68768024
11001,1,0.977400064,3.86400008,7.44999981,8,3.42400026,-55.0400009,-38.3400002,0.0157480016,0.0947750062,0.0949650034,25.0800095,3079.2002,0,0,20.9792137,15.1978874,5.21416092,0.094527714
11001,1,0.496699989,3.90799999,6.60500002,8,1.07200003,74.7200165,54,0.0180720016,0.0518350005,0.0278000012,42.1200027,4524.7002,0,0,18.9743156,12.3078947,3.91955757,0.457810611
11001,1,1.47650003,2.20799994,7.36750031,8,1.12,-60.4799995,-37.7999954,0.018744003,0.0999050066,0.0718800053,-59.6399994,2138.3999,0,0,66.1721115,20.9454346,3.19999003,7.00444746
11001,1,1.62830019,4.84399986,6.19500017,8,3.51600027,-18.3999977,-15.1199951,0.0151320007,0.0426199995,0.0876500085,-1.43999481,4039.6001,0,0,190.956299,1.67131114,2.47053957,31.1357422
11001,1,1.07169998,4,7.71749973,8,3.17200017,-74.5599976,21.0600052,0.00662000012,0.0967700034,0.0853700042,-38.0400009,1119.19995,0,0,30.7113972,5.47652435,2.42775941,3.80118561
11001,1,1.07860005,3.54400015,7.99000025,8,3.66400027,-42.5599976,-20.3399963,0.0194160026,0.0555399992,0.0927800015,-42,702.700012,5,-5,9.44075298,4.00801802,3.13667941,0.382675916
11001,1,1.72720015,3.41200018,6.2125001,8,0.716000021,-2.3999939,-15.1199951,0.0124160005,0.0530700013,0.0988600031,42.3600082,1349.50012,1,-6,146.753418,1.35394096,2.18840814,23.8685112
11001,1,0.977400064,3.86400008,7.44999981,8,3.41200018,-74.5599976,20.8800125,0.0151320007,0.0426199995,0.0876500085,-1.43999481,4039.6001,0,0,16.467247,11.4576397,3.41298175,0.26610437
11001,1,1.07169998,4,7.71749973,8,3.18400025,-55.0400009,-54,0.0180720016,0.0518350005,0.0278000012,42.1200027,4524.7002,0,0,19.7295284,10.9796896,4.74115419,0.668114007
11001,1,0.570300043,3.23200011,7.78499985,8,0.716000021,-20.3199959,88.0200043,0.00522000017,0.0825200081,0.0867950097,42.1200027,4916.7002,0,0,7.46969223,1.75121486,2.08404541,0.60573864
11001,1,1.27410007,3.48000002,5.57250023,8,3.56000018,-14.2399979,-13.5,0.0164760016,0.0871750116,0.0588649996,-30.8399982,2118.80029,0,0,21.3975754,5.86292696,4.17105579,1.89393187
11001,1,1.07860005,3.54400015,7.99000025,8,3.66400027,-42.5599976,-20.3399963,0.0193600003,0.0559200011,0.0774850026,-8.87999725,2594.1001,0,0,58.5067444,42.9958305,6.44091511,1.51166666
11001,1,1.52939999,3.71200013,7.55749989,8,2.1960001,61.6000061,67.3200073,0.0285720024,0.0954400003,0.0927800015,-42,702.700012,4,-6,37.1891327,0.7949754,2.88985562,5.58405066
11001,1,1.08780003,3.27200007,7.20749998,8,2.90400004,67.5200043,-37.7999954,0.0186600015,0.0937300026,0.084800005,-59.6399994,3853.40015,0,0,16.5548458,5.76990891,2.96424818,1.3034482
11001,1,2.12740016,3.86400008,7.44999981,8,3.42400026,-55.0400009,-54,0.0180720016,0.0518350005,0.0278000012,-17.8799973,4524.7002,0,0,23.9637432,8.52951622,3.34020829,2.01566982
11001,1,2.31599998,2.3440001,7.88749981,8,1.41600001,-46.3999977,-71.6399994,0.00337200006,0.0426199995,0.0654200017,-38.0400009,1119.19995,0,0,10.7369766,3.11576414,2.05473804,0.927745759
11001,1,1.03720009,2.22399998,5.98999977,8,3.67600012,68.0000153,-33.659996,0.00751600042,0.0708350018,0.0943950042,40.0800095,3461.40015,0,0,32.5940132,26.899025,3.0885489,0.434406638
11001,1,1.46730006,3.46400023,5.88749981,8,1.41600001,-46.3999977,-71.6399994,0.00337200006,0.0426199995,0.0654200017,-38.0400009,1119.19995,0,0,129.911896,1.75609767,2.16584849,20.9983253
11001,1,1.32470012,3.80800009,6.49499989,8,3.37200022,-70.5599976,-57.9599991,0.0162240006,0.0918300077,0.0878400058,-20.9999962,4426.7002,-5,-6,3.68282557,1.19007063,2.31748605,0.0292114746
11001,1,0.977400064,3.72000003,7.34250021,8,2.10800004,-20.3199959,72,0.00970000029,0.0937300026,0.084800005,-60,702.700012,0,0,66.3321381,1.41871238,4.33585405,10.096261
11001,1,1.01190007,3.70000005,7.82000017,8,3.0400002,-14.2399979,-13.5,0.0164760016,0.0871750116,0.0588649996,-30.8399982,2118.80029,0,0,29.5269051,19.8887386,5.60793257,0.671705544
11001,1,1.27410007,3.48000002,5.57250023,8,3.56800008,48.6399994,-52.1999969,0.018744003,0.0999050066,0.0718800053,-59.6399994,2138.3999,0,0,10.4974632,3.74135685,3.05170727,0.617399931
11001,1,0.239100009,3.21600008,5.76249981,8,2.05200005,-46.3999977,-28.4399986,0.0292160027,0.0517399982,0.0620949976,11.8800049,2878.30005,5,-6,13.4035988,5.942729,2.86664534,0.765703976
11001,1,1.62830019,3.90799999,6.60500002,8,1.11600006,-71.8399963,-56.7000008,0.016644001,0.0419550017,0.0718800053,-59.6399994,2138.3999,0,0,112.300987,1.72571051,2.15662622,18.0697765
11001,1,1.03720009,2.22399998,5.88749981,8,1.44000006,-52.3199997,88.0200043,0.00522000017,0.0825200081,0.0867950097,15.3600006,3779.90015,0,0,18.9280586,1.77570045,2.34676504,2.46759892
11001,1,0.496699989,3.90799999,6.60500002,8,1.01600003,-46.3999977,-71.6399994,0.00337200006,0.0426199995,0.0654200017,-38.0400009,1359.30005,0,0,98.9487076,1.74371994,2.19072723,15.8357096
11001,1,0.692200005,4.84800005,6.24749994,8,0.252000004,-15.0399933,-41.0399971,0.026556002,0.0939200073,0.0876500085,57.6000061,4671.7002,0,0,15.7541103,4.46352291,5.92615414,0.894072175
11001,1,1.04870009,3.75200009,7.35500002,8,1.05200005,-15.0399933,-41.0399971,0.026556002,0.094205007,0.0718800053,-59.6399994,2138.3999,0,0,23.9696426,11.1128168,4.67365694,1.36386132
11001,1,0.496699989,3.90799999,6.53000021,8,2.67200017,74.0800171,88.0200043,0.00751600042,0.0708350018,0.0993350074,45.840004,3809.30005,0,0,30.5807667,1.7830379,2.08976007,4.45132828
11001,1,1.03030002,2.0079999,7.36750031,8,1.12,-51.6800003,69.6600037,0.0157480016,0.0947750062,0.0943950042,-36.5999985,4745.2002,0,0,129.105942,50.6370468,4.56365871,12.3175402
11001,1,2.23780012,3.90799999,6.60500002,8,1.07200003,74.7200165,69.6600037,0.0157480016,0.0947750062,0.0949650034,25.0800095,3079.2002,0,0,23.0483894,1.69539726,2.43074894,3.1537075
11001,1,0.496699989,3.90799999,6.53000021,8,2.67200017,74.7200165,69.6600037,0.0157480016,0.0947750062,0.0943950042,-36.5999985,4745.2002,0,0,12.1042099,4.85913277,3.41284919,0.638704598
11001,1,0.496699989,3.90799999,6.60500002,8,1.07200003,74.7200165,69.6600037,0.0157480016,0.0947750062,0.0949650034,24.1200027,4745.2002,5,-6,5.50204468,1.04952836,2.49778199,0.325789064
11001,1,0.496699989,3.90799999,6.53000021,8,2.67200017,74.7200165,69.6600037,0.0157480016,0.0947750062,0.0943950042,-36.5999985,4524.7002,0,0,12.7806807,4.75265121,3.31147313,0.786092758
11001,1,0.570300043,3.23200011,7.78499985,8,0.716000021,-20.3199959,88.0200043,0.00522000017,0.0825200081,0.0867950097,47.4000015,4745.2002,0,0,5.74118233,1.75520062,2.08210969,0.317312032
11001,1,0.496699989,3.90799999,6.53000021,8,2.67200017,74.7200165,69.6600037,0.0157480016,0.0947750062,0.0943950042,-41.8799973,4916.7002,0,0,16.2466316,3.41199088,2.89390826,1.65678883
11001,1,0.570300043,3.23200011,7.78499985,8,2.90400004,67.5200043,-37.7999954,0.0186600015,0.0937300026,0.084800005,-59.6399994,3853.40015,0,0,19.5483971,6.043571,2.93201637,1.76213491
11001,1,1.08780003,3.27200007,7.20749998,8,0.716000021,-18.3999977,-14.9399948,0.00662000012,0.0967700034,0.0853700042,-48.5999985,2221.7002,0,0,12.73773,7.61872482,3.75749254,0.226918787
11001,1,1.62830019,3.90799999,6.60500002,8,0.972000062,-70.5599976,-57.9599991,0.0162240006,0.0918300077,0.0878400058,-20.9999962,4426.7002,-5,-6,3.84882069,1.18224657,2.31419969,0.0587290861
11001,1,1.32470012,3.80800009,6.49499989,8,3.51600027,-71.8399963,-56.7000008,0.016644001,0.0412900001,0.0620949976,11.8800049,2878.30005,0,0,27.7191105,5.26866055,2.60593605,3.30741882
11001,1,0.496699989,3.90799999,6.60500002,8,1.07200003,74.7200165,69.6600037,0.0180720016,0.0518350005,0.0278000012,42.1200027,4524.7002,0,0,22.6930771,15.4225826,4.57999897,0.448415637
11001,1,1.07169998,4,7.71749973,8,3.18400025,-55.0400009,-54,0.0157480016,0.0947750062,0.0949650034,24.1200027,4524.7002,0,0,14.9396219,9.86015892,2.81263638,0.377804399
11001,1,1.47880018,3.27200007,7.20749998,8,2.8920002,-15.0399933,-41.0399971,0.026556002,0.0941100046,0.0369199999,-43.0800018,2765.6001,0,0,26.9653873,15.4467421,3.84612513,1.27875328
11001,1,2.2355001,4.84800005,6.24749994,8,0.252000004,-15.0399933,-41.0399971,0.026556002,0.0939200073,0.0876500085,-1.43999481,4039.6001,0,0,225.936295,1.30933142,4.02190495,36.7675095
11001,1,1.07860005,3.54400015,7.99000025,8,3.67600012,-18.3999977,-14.9399948,0.00662000012,0.0967700034,0.0853700042,-38.0400009,1119.19995,0,0,16.1750374,11.9893408,3.45819926,0.121249661
11001,1,1.07860005,3.54400015,7.99000025,8,3.66400027,-42.5599976,-20.3399963,0.0193600003,0.0555399992,0.0930650085,-53.4000015,1790.50012,0,0,33.0324097,25.1471786,2.96446228,0.820128024
11001,1,1.0395,4.84800005,6.24749994,8,0.252000004,-15.0399933,-41.0399971,0.026556002,0.0939200073,0.0876500085,-1.43999481,4039.6001,0,0,18.8426247,2.1394136,3.02420712,2.27983379
11001,1,0.496699989,3.90799999,6.53000021,8,2.71600008,-71.8399963,-56.7000008,0.016644001,0.0412900001,0.0620949976,11.8800049,2878.30005,0,0,27.9793777,4.16711569,2.52329111,3.54816198
11001,1,0.570300043,3.23200011,6.24749994,8,0.252000004,-15.0399933,-41.0399971,0.026556002,0.0939200073,0.0876500085,-1.43999481,4039.6001,0,0,35.7884483,20.0683975,4.92286873,1.79953027
11001,1,1.0395,4.84800005,7.78499985,8,0.716000021,-18.3999977,-14.9399948,0.00662000012,0.0967700034,0.0853700042,-48.5999985,2221.7002,4,-5,26.3417072,1.28097403,3.19022608,3.64508462
11001,1,0.977400064,3.86400008,7.36750031,8,1.12,-52.3199997,88.0200043,0.00522000017,0.0825200081,0.0867950097,42.1200027,4916.7002,0,0,11.2271185,1.75861681,2.08792305,1.23009646
11001,1,1.47650003,2.20799994,7.44999981,8,3.41200018,-74.5599976,20.8800125,0.0151320007,0.0426199995,0.0876500085,-1.43999481,4039.6001,0,0,173.901108,94.0334702,4.45691252,12.5684547
11001,1,0.570300043,3.23200011,7.78499985,8,0.716000021,-20.3199959,88.0200043,0.00522000017,0.0825200081,0.0867950097,42.1200027,3079.2002,0,0,6.72729588,1.75259805,2.08399796,0.481783271
11001,1,0.496699989,3.90799999,6.60500002,8,1.07200003,74.7200165,69.6600037,0.0157480016,0.0947750062,0.0949650034,25.0800095,4916.7002,6,-6,6.5951376,1.20989382,3.66422224,0.286836892
11001,1,1.07860005,3.54400015,7.99000025,8,3.42400026,-55.0400009,-52.9199982,0.0180720016,0.0518350005,0.027230002,-41.6399994,2138.3999,0,0,18.9701099,12.70473,3.42226219,0.473852903
11001,1,1.01190007,3.70000005,7.79500008,8,3.0480001,60.9600067,-29.5199966,0.0259120017,0.0668449998,0.0528800003,-60,702.700012,0,0,27.0348701,20.7113266,5.07426548,0.208212957
11001,1,1.07860005,3.54400015,7.99000025,8,3.66400027,-42.5599976,-20.3399963,0.0193600003,0.0555399992,0.0949650034,25.0800095,3079.2002,0,0,49.8964882,40.585865,4.74698305,0.760606825
11001,1,2.23780012,3.90799999,6.60500002,8,1.07200003,74.7200165,69.6600037,0.0157480016,0.0947750062,0.0927800015,-47.6399994,2138.3999,0,0,113.502457,3.23582029,4.95766687,17.5514965
11001,1,1.01190007,3.70000005,7.79500008,8,3.0480001,60.9600067,-29.5199966,0.0259120017,0.0668449998,0.0528800003,-59.6399994,2138.3999,0,0,20.7496109,13.2040205,3.38264513,0.693824112
11001,1,0.496699989,3.90799999,6.53000021,8,2.67200017,74.7200165,69.6600037,0.0157480016,0.0947750062,0.0943950042,-36.5999985,4745.2002,0,0,12.1042099,4.85913277,3.41284919,0.638704598
11001,1,1.07860005,3.54400015,7.99000025,8,3.66400027,-42.5599976,-20.3399963,0.0193600003,0.0559200011,0.0774850026,-8.87999725,4426.7002,0,0,44.308712,27.0418854,5.21738768,2.00823951
11001,1,1.32470012,3.80800009,6.49499989,8,3.37200022,-70.5599976,-57.9599991,0.0162240006,0.0918300077,0.0878400058,-20.9999962,2594.1001,4,-5,6.73001766,1.12148046,2.39242625,0.536018491
11001,1,1.03720009,5.1079998,6.60500002,8,1.07200003,74.7200165,69.6600037,0.0157480016,0.0947750062,0.0943950042,-36.5999985,4745.2002,0,0,36.0444183,1.65687299,2.95415473,5.23889828
11001,1,1.62830019,3.64800024,6.24749994,8,0.252000004,-15.0399933,-41.0399971,0.026556002,0.0939200073,0.0876500085,57.6000061,4671.7002,0,0,27.3207512,16.6837749,7.51896572,0.519668579
11001,1,1.01190007,3.70000005,7.82000017,8,3.0480001,48.8000183,-14.9399948,0.00662000012,0.0967700034,0.0853700042,-38.0400009,1119.19995,0,0,34.4094429,4.43062544,2.25627995,4.62042332
11001,1,1.07860005,3.54400015,7.99000025,8,3.67600012,-18.5599976,-52.1999969,0.018744003,0.0999050066,0.0718800053,-59.6399994,2138.3999,-5,-6,14.0866709,0.99941051,2.42840576,1.77647579
11001,1,0.977400064,3.86400008,7.49000025,8,3.66400027,-42.5599976,-20.3399963,0.0194160026,0.0555399992,0.0927800015,-42,702.700012,0,0,25.6712017,1.48083282,2.61116052,3.59653473
11001,1,1.07860005,3.54400015,7.94999981,8,3.42400026,-55.0400009,-38.3400002,0.0157480016,0.0947750062,0.0949650034,25.0800095,3079.2002,0,0,33.027256,19.3824158,4.35802555,1.54780233
11001,1,0.977400064,3.86400008,7.44999981,8,3.42400026,-55.0400009,-38.3400002,0.0157480016,0.0947750062,0.0943950042,-36.5999985,4745.2002,0,0,12.598877,5.6018281,3.03350735,0.660590291
11001,1,1.62830019,3.90799999,6.60500002,8,1.07200003,74.7200165,69.6600037,0.0157480016,0.0947750062,0.0949650034,25.0800095,3079.2002,5,-6,3.96334457,1.0909462,2.39886713,0.0789218619
11001,1,1.07169998,4,7.71749973,8,3.18400025,-55.0400009,-54,0.0180720016,0.0518350005,0.0278000012,42.1200027,4524.7002,0,0,19.7295284,10.9796896,4.74115419,0.668114007
11001,1,1.03720009,2.22399998,5.88749981,8,1.41600001,-46.3999977,-71.6399994,0.00337200006,0.0426199995,0.0654200017,-38.0400009,1359.30005,0,0,14.0349274,2.08910227,2.04872513,1.64951658
11001,1,0.961300015,3.86400008,7.44999981,8,3.41200018,-74.5599976,20.8800125,0.0151320007,0.0426199995,0.0876500085,-1.43999481,4054.30029,0,0,16.4339886,11.443759,3.45131755,0.256485313
11001,1,1.03720009,2.22399998,5.88749981,8,1.41600001,-46.3999977,-71.6399994,0.00337200006,0.0426199995,0.0654200017,-38.0400009,1344.6001,0,0,14.1268997,2.07820821,2.04907608,1.66660261
11001,1,0.496699989,3.90799999,6.60500002,8,1.07200003,74.7200165,54,0.0180720016,0.0518350005,0.0278000012,42.1200027,4524.7002,0,0,18.9743156,12.3078947,3.91955757,0.457810611
11001,1,0.496699989,3.90799999,6.60500002,8,1.07200003,74.7200165,69.6600037,0.0157480016,0.0947750062,0.0949650034,25.0800095,3079.2002,5,-6,3.85408115,1.0880574,2.37548327,0.0650900826
11001,1,0.570300043,2.20799994,7.36750031,8,1.12,-52.3199997,88.0200043,0.00522000017,0.0825200081,0.0867950097,42.1200027,4916.7002,0,0,8.15625954,1.75306916,2.08789945,0.719215214
11001,1,1.47650003,3.43200016,7.78499985,8,0.716000021,-18.3999977,-14.9399948,0.00662000012,0.0967700034,0.0853700042,-48.5999985,2182.5,0,0,12.2282333,6.78737211,3.17738366,0.37724629
11001,1,0.800300002,2.02399993,7.99000025,8,3.2440002,74.8800049,26.2800064,0.00732000079,0.0530700013,0.0613350049,45.840004,3569.19995,-7,-5,20.8282204,3.75728607,1.89969933,2.52853894
11001,1,1.07860005,3.52800012,7.36750031,8,1.12,-50.4000015,-14.9399948,0.00662000012,0.0962950066,0.0543050021,57.6000061,4632.50049,0,0,141.751953,1.76237154,2.20974851,22.9633045
11001,1,0.570300043,3.43200016,7.78499985,8,0.716000021,-18.3999977,-13.5,0.0164760016,0.0871750116,0.0588649996,-30.8399982,2118.80029,0,0,41.8807983,26.1667633,5.27391624,1.74002004
11001,1,1.27410007,3.48000002,5.57250023,8,3.56000018,-14.2399979,-14.9399948,0.00662000012,0.0967700034,0.0853700042,-48.5999985,2182.5,0,0,31.8363609,2.35493374,2.55306625,4.48806
11001,1,1.47650003,3.43200016,7.78499985,8,0.716000021,-18.3999977,-14.9399948,0.00662000012,0.0967700034,0.0853700042,-48.5999985,2182.5,0,0,12.2282333,6.78737211,3.17738366,0.37724629
11001,1,1.32470012,3.80800009,6.49499989,8,3.37200022,-70.5599976,-57.9599991,0.0162240006,0.0918300077,0.0878400058,-20.9999962,4426.7002,-5,-6,3.68282557,1.19007063,2.31748605,0.0292114746
11001,1,1.32470012,3.80800009,6.49499989,8,3.37200022,-70.5599976,-57.9599991,0.0162240006,0.0918300077,0.0878400058,-20.9999962,2594.1001,4,-5,6.73001766,1.12148046,2.39242625,0.536018491
11001,1,1.62830019,3.64800024,6.24749994,8,0.252000004,-15.0399933,-41.0399971,0.026556002,0.0939200073,0.0876500085,57.6000061,4671.7002,0,0,27.3207512,16.6837749,7.51896572,0.519668579
11001,1,0.692200005,4.84800005,6.24749994,8,0.252000004,-15.0399933,-41.0399971,0.026556002,0.0939200073,0.0876500085,57.6000061,4671.7002,0,0,15.7541103,4.46352291,5.92615414,0.894072175
11001,1,1.27410007,3.48000002,5.57250023,8,3.56800008,48.6399994,-52.1999969,0.018744003,0.0999050066,0.0718800053,-59.6399994,4671.7002,0,0,9.56289291,4.65379333,3.07407665,0.305837244
11001,1,0.692200005,4.84800005,6.24749994,8,0.252000004,-15.0399933,-41.0399971,0.026556002,0.0939200073,0.0876500085,57.6000061,2138.3999,0,0,34.7890625,1.40648735,2.14774942,5.20580387
11001,1,1.07169998,4,7.71749973,8,3.18400025,-55.0400009,-54,0.0180720016,0.0518350005,0.0278000012,42.1200027,4524.7002,0,0,19.7295284,10.9796896,4.74115419,0.668114007
11001,1,1.07860005,3.52800012,7.36750031,8,1.12,-50.4000015,-14.9399948,0.00662000012,0.0962950066,0.0543050021,57.6000061,4632.50049,0,0,141.751953,1.76237154,2.20974851,22.9633045
11001,1,0.496699989,3.90799999,6.60500002,8,1.07200003,74.7200165,68.4000092,0.018744003,0.0999050066,0.0718800053,-59.6399994,2138.3999,0,0,16.2801132,10.4288969,4.70505857,0.191026434
11001,1,1.27410007,3.48000002,5.57250023,8,3.56800008,48.6399994,-50.9399986,0.0157480016,0.0947750062,0.0949650034,25.0800095,3079.2002,0,0,21.6704388,3.2672646,2.49416995,2.6515007
11001,1,0.961300015,2.20799994,7.36750031,8,1.12,-52.3199997,88.0200043,0.00522000017,0.0825200081,0.0867950097,42.1200027,4916.7002,0,0,8.15628433,1.75306904,2.08789945,0.719219327
11001,1,0.586400032,3.86400008,7.44999981,8,3.42400026,-55.0400009,-38.3400002,0.0157480016,0.0947750062,0.0943950042,-36.5999985,4745.2002,0,0,12.7003775,5.59171629,3.00423551,0.684070885
11001,1,1.01190007,3.70000005,7.79500008,8,3.07200003,74.7200165,69.6600037,0.0180720016,0.0518350005,0.0278000012,42.1200027,4524.7002,0,0,32.1538925,26.710144,4.05489826,0.231475025
11001,1,0.496699989,3.90799999,6.60500002,8,1.0480001,60.9600067,-29.5199966,0.0259120017,0.0668449998,0.0528800003,-60,702.700012,0,0,47.7971764,4.2303257,3.39583158,6.6951704
11001,1,1.07860005,3.54400015,7.86750031,8,1.12,-52.3199997,88.0200043,0.00522000017,0.0825200081,0.0867950097,42.1200027,4916.7002,0,0,6.035882,1.75569797,2.08791542,0.365378141
11001,1,0.977400064,3.86400008,7.49000025,8,3.67600012,-18.5599976,-52.1999969,0.018744003,0.0999050066,0.0718800053,-59.6399994,2138.3999,-5,-6,6.68588543,0.925511301,2.47172213,0.548108637
11001,1,0.496699989,3.86400008,7.36750031,8,1.12,-52.3199997,88.0200043,0.00522000017,0.0825200081,0.0867950097,42.1200027,4916.7002,0,0,10.9344139,1.75888705,2.08791876,1.18126786
11001,1,0.977400064,3.90799999,6.60500002,8,1.07200003,74.7200165,54,0.0180720016,0.0518350005,0.0278000012,42.1200027,4524.7002,0,0,19.5271969,12.7385244,4.09551764,0.448859245
11001,1,0.692200005,4.84800005,6.24749994,8,0.252000004,-15.0399933,-41.0399971,0.026556002,0.0939200073,0.0876500085,57.6000061,2138.3999,0,0,34.7890625,1.40648735,2.14774942,5.20580387
11001,1,1.27410007,3.48000002,5.57250023,8,3.56800008,48.6399994,-52.1999969,0.018744003,0.0999050066,0.0718800053,-59.6399994,4671.7002,0,0,9.56289291,4.65379333,3.07407665,0.305837244
11001,1,0.496699989,3.90799999,6.60500002,8,1.07200003,74.7200165,69.6600037,0.0157480016,0.0947750062,0.0949650034,24.1200027,4745.2002,5,-6,5.50204468,1.04952836,2.49778199,0.325789064
11001,1,0.496699989,3.90799999,6.53000021,8,2.67200017,74.7200165,69.6600037,0.0157480016,0.0947750062,0.0943950042,-41.8799973,4916.7002,0,0,16.2466316,3.41199088,2.89390826,1.65678883
11001,1,0.977400064,3.86400008,7.49000025,8,3.66400027,-42.5599976,-20.3399963,0.0194160026,0.0518350005,0.027230002,-41.6399994,2138.3999,0,0,19.1568947,12.9961243,4.82926989,0.221916869
11001,1,1.07860005,3.54400015,7.99000025,8,3.42400026,-55.0400009,-52.9199982,0.0180720016,0.0555399992,0.0927800015,-42,702.700012,0,0,11.2322807,1.72732401,2.11483192,1.23168755
11001,1,1.27410007,3.48000002,5.57250023,8,3.56800008,48.6399994,-52.1999969,0.018744003,0.0999050066,0.0718800053,-59.6399994,2138.3999,0,0,10.4974632,3.74135685,3.05170727,0.617399931
11001,1,1.62830019,3.90799999,6.60500002,8,1.07200003,74.7200165,69.6600037,0.0157480016,0.0947750062,0.0949650034,25.0800095,3079.2002,5,-6,3.96334457,1.0909462,2.39886713,0.0789218619
11001,1,1.03260005,3.54400015,7.99000025,8,3.67600012,-18.5599976,-52.1999969,0.018744003,0.0999050066,0.0718800053,-59.6399994,2138.3999,-5,-6,14.0833931,0.999425352,2.42842865,1.77592325
11001,1,1.0855,4.84800005,6.24749994,8,0.252000004,-15.0399933,-41.0399971,0.026556002,0.0939200073,0.0876500085,-1.43999481,4039.6001,0,0,18.920208,2.14075518,3.02473807,2.29245257
11001,1,1.03720009,2.22399998,5.88749981,8,1.44000006,-52.3199997,88.0200043,0.00522000017,0.0825200081,0.0867950097,-36.5999985,4745.2002,0,0,19.7111282,14.9800644,2.65927601,0.345297933
11001,1,0.977400064,3.86400008,7.44999981,8,3.42400026,-55.0400009,-38.3400002,0.0157480016,0.0947750062,0.0943950042,15.3600006,3779.90015,0,0,16.8097954,13.2622328,3.14442635,0.0671895668
11001,1,0.239100009,3.21600008,5.76249981,8,2.05200005,-45.5999985,-14.9399948,0.00662000012,0.0967700034,0.0853700042,-48.5999985,2221.7002,0,0,28.0897503,4.81584406,2.57546568,3.44973993
11001,1,1.08780003,3.27200007,7.20749998,8,0.716000021,-19.1999969,-28.4399986,0.0292160027,0.0517399982,0.0620949976,11.8800049,2878.30005,0,0,62.5584602,50.1521454,4.90833759,1.24966276
11001,1,0.496699989,3.90799999,6.60500002,8,1.07200003,74.7200165,88.0200043,0.00522000017,0.0825200081,0.0867950097,42.1200027,4916.7002,0,0,17.7352257,1.76333344,2.2286911,2.29053354
11001,1,0.977400064,3.86400008,7.36750031,8,1.12,-52.3199997,54,0.0180720016,0.0518350005,0.0278000012,42.1200027,4524.7002,0,0,13.596344,10.1293926,2.61832571,0.14143759
11001,1,1.27410007,3.48000002,5.57250023,8,3.56800008,48.6399994,-52.1999969,0.018744003,0.0999050066,0.0718800053,-59.6399994,2138.3999,0,0,10.4974632,3.74135685,3.05170727,0.617399931
11001,1,1.07860005,3.54400015,7.99000025,8,3.42400026,-55.0400009,-52.9199982,0.0180720016,0.0518350005,0.027230002,-41.6399994,2138.3999,0,0,18.9701099,12.70473,3.42226219,0.473852903
11001,1,1.01190007,3.70000005,7.79500008,8,3.0480001,60.9600067,-29.5199966,0.0259120017,0.0668449998,0.0528800003,-59.6399994,2138.3999,0,0,20.7496109,13.2040205,3.38264513,0.693824112
11001,1,1.27410007,3.48000002,5.57250023,8,3.56800008,48.6399994,-52.1999969,0.018744003,0.0999050066,0.0718800053,-59.6399994,2138.3999,0,0,10.4974632,3.74135685,3.05170727,0.617399931
11001,1,1.07169998,4,7.71749973,8,3.18400025,-55.0400009,-54,0.0180720016,0.0518350005,0.028464999,24.1200027,3054.7002,0,0,17.7911472,8.99210262,5.26359224,0.58924222
11001,1,1.07169998,4,7.71749973,8,3.18400025,-55.0400009,-54,0.0157480016,0.0947750062,0.0943000093,42.1200027,4524.7002,0,0,18.0271378,10.6416111,5.10535288,0.380029142
11001,1,0.496699989,3.90799999,6.53000021,8,2.67200017,74.7200165,69.6600037,0.0157480016,0.0947750062,0.0943950042,-41.8799973,4916.7002,0,0,16.2466316,3.41199088,2.89390826,1.65678883
11001,1,0.496699989,3.90799999,6.53000021,8,2.67200017,74.7200165,69.6600037,0.0157480016,0.0947750062,0.0943950042,-36.5999985,4524.7002,0,0,12.7806807,4.75265121,3.31147313,0.786092758
11001,1,0.961300015,3.86400008,7.44999981,8,3.41200018,-74.5599976,20.8800125,0.0151320007,0.0426199995,0.0876500085,-9,4426.7002,0,0,19.3076134,10.86691,2.27704692,1.02727616
11001,1,1.85830009,3.90799999,6.60500002,8,0.972000062,-70.5599976,-57.9599991,0.0162240006,0.0918300077,0.0878400058,-13.4399986,4054.30029,-5,-6,9.91717529,1.1701473,2.33195138,1.06917942
11001,1,1.03720009,2.22399998,5.88749981,8,1.44000006,-53.2799988,69.6600037,0.0157480016,0.0947750062,0.0949650034,25.0800095,3079.2002,0,0,54.4352798,10.5616465,2.24851418,6.93751955
11001,1,0.570300043,3.23200011,7.78499985,8,0.716000021,-20.3199959,88.0200043,0.00522000017,0.0825200081,0.0867950097,47.4000015,2182.5,0,0,6.29888821,1.7467227,2.0833919,0.411462247
11001,1,1.47650003,3.43200016,7.78499985,8,0.716000021,-18.3999977,-14.9399948,0.00662000012,0.0967700034,0.0853700042,-48.5999985,4745.2002,0,0,18.8873768,13.44275,2.98795462,0.409445226
11001,1,1.62830019,3.90799999,6.60500002,8,1.07200003,65.7600098,-14.9399948,0.00662000012,0.0967700034,0.0853700042,-48.5999985,2182.5,-3,-4,44.8426132,0.82770133,1.5479058,7.07783461
11001,1,1.27410007,3.48000002,5.57250023,8,3.56000018,-5.27999878,69.6600037,0.0157480016,0.0947750062,0.0949650034,25.0800095,3079.2002,0,0,11.2680635,1.76390779,2.44828534,1.17597842
11001,1,1.03720009,2.22399998,5.88749981,8,1.47200012,74.7200165,69.6600037,0.0157480016,0.0947750062,0.0943950042,-41.8799973,4916.7002,0,0,109.735497,66.8760452,4.69562101,6.36063862
11001,1,0.496699989,3.90799999,6.53000021,8,2.61600018,-46.3999977,-71.6399994,0.00337200006,0.0426199995,0.0654200017,-38.0400009,1359.30005,0,0,102.553436,1.74689841,2.18211508,16.4374046
11001,1,1.47880018,3.27200007,7.20749998,8,2.8920002,-15.0399933,-41.0399971,0.026556002,0.0941100046,0.0369199999,-43.0800018,3079.2002,0,0,21.7136536,10.2424803,4.4594698,1.16861713
11001,1,0.496699989,3.90799999,6.60500002,8,1.07200003,74.7200165,69.6600037,0.0157480016,0.0947750062,0.0949650034,25.0800095,2765.6001,5,-6,4.31907892,1.15817606,2.42608547,0.122469574
11001,1,0.570300043,3.23200011,7.78499985,8,2.90400004,67.5200043,-37.7999954,0.0181560013,0.0941100046,0.0369199999,-43.0800018,2765.6001,5,-6,11.2378359,1.07376063,2.89855766,1.2109195
11001,1,1.47880018,3.27200007,7.20749998,8,2.8920002,-15.0399933,-41.0399971,0.0270600021,0.0937300026,0.084800005,-59.6399994,3853.40015,0,0,48.4980392,16.7099209,2.41916656,4.89482546
11001,1,0.977400064,3.86400008,7.44999981,8,3.42400026,-55.0400009,-38.3400002,0.0157480016,0.0947750062,0.0927800015,-42,702.700012,0,0,10.0807781,3.31218219,2.31003666,0.743093193
11001,1,0.977400064,3.86400008,7.49000025,8,3.66400027,-42.5599976,-20.3399963,0.0194160026,0.0555399992,0.0943950042,-36.5999985,4745.2002,0,0,19.0627365,13.9431772,4.14406776,0.162582129
11001,1,1.32470012,3.80800009,6.49499989,8,3.37200022,-70.5599976,-57.9599991,0.0162240006,0.0947750062,0.0943950042,-36.5999985,4745.2002,5,-6,4.19777679,1.06959152,2.59236598,0.0893032178
11001,1,0.977400064,3.86400008,7.44999981,8,3.42400026,-55.0400009,-38.3400002,0.0157480016,0.0918300077,0.0878400058,-20.9999962,2594.1001,0,0,11.8696823,6.26530695,3.92753315,0.279473633
11001,1,1.07169998,4,7.71749973,8,3.18400025,-55.0400009,-54,0.0180720016,0.0518350005,0.0278000012,42.1200027,4524.7002,0,0,19.7295284,10.9796896,4.74115419,0.668114007
11001,1,0.977400064,3.86400008,7.36750031,8,1.12,-52.3199997,88.0200043,0.00522000017,0.0825200081,0.0867950097,42.1200027,4916.7002,0,0,11.2271185,1.75861681,2.08792305,1.23009646
11001,1,0.570300043,3.22399998,7.36750031,8,1.12,-52.3199997,88.0200043,0.00522000017,0.0825200081,0.0867950097,42.1200027,4916.7002,0,0,5.0960083,1.7539233,2.08791327,0.209028557
11001,1,0.977400064,3.87200022,7.78499985,8,0.716000021,-20.3199959,88.0200043,0.00522000017,0.0825200081,0.0867950097,42.1200027,3079.2002,0,0,11.9833441,1.75536275,2.08388972,1.35734856
11001,1,1.27410007,3.48000002,5.57250023,8,3.56800008,48.6399994,-38.3400002,0.0157480016,0.0947750062,0.0943950042,-36.5999985,4745.2002,0,0,7.91015434,1.90182352,2.65889454,0.5582394
11001,1,1.32470012,3.80800009,6.49499989,8,3.37200022,-70.5599976,-57.9599991,0.0162240006,0.0918300077,0.0878400058,-20.9999962,4426.7002,-5,-6,3.68282557,1.19007063,2.31748605,0.0292114746
11001,1,0.586400032,3.86400008,7.44999981,8,3.42400026,-55.0400009,-52.1999969,0.018744003,0.0999050066,0.0718800053,-59.6399994,4671.7002,0,0,12.866004,6.97672415,2.57989621,0.551563919
11001,1,0.977400064,3.86400008,7.44999981,8,3.42400026,-55.0400009,-38.3400002,0.0157480016,0.0947750062,0.0943950042,15.3600006,3779.90015,0,0,16.8097954,13.2622328,3.14442635,0.0671895668
11001,1,1.07860005,3.54400015,7.86750031,8,1.12,-52.3199997,88.0200043,0.00522000017,0.0825200081,0.0867950097,42.1200027,4916.7002,0,0,6.035882,1.75569797,2.08791542,0.365378141
11001,1,1.07169998,4,7.71749973,8,3.18400025,74.7200165,69.6600037,0.0157480016,0.0947750062,0.0949650034,24.1200027,4745.2002,5,-6,11.7456436,0.951334536,2.63750124,1.35946774
11001,1,0.496699989,3.90799999,6.60500002,8,1.07200003,-55.0400009,-54,0.0180720016,0.0518350005,0.0278000012,42.1200027,4524.7002,0,0,19.8235016,8.02088833,4.7773056,1.17088449
11001,1,0.892300069,2.20799994,7.36750031,8,1.12,-52.3199997,87.6600037,0.0157480016,0.0947750062,0.0943950042,-36.5999985,4524.7002,0,0,92.8367386,34.8219833,4.08447933,8.98837852
11001,1,0.496699989,3.90799999,6.53000021,8,2.67200017,74.7200165,70.0200043,0.00522000017,0.0825200081,0.0867950097,42.1200027,4916.7002,0,0,22.2288036,1.75716102,2.73260832,2.95650578
11001,1,1.32470012,3.80800009,6.49499989,8,3.37200022,-70.5599976,-57.9599991,0.0162240006,0.0918300077,0.0813800022,-59.6399994,4671.7002,0,0,10.6588917,6.05387545,2.61698794,0.331337959
11001,1,1.27410007,3.48000002,5.57250023,8,3.56800008,48.6399994,-52.1999969,0.018744003,0.0999050066,0.0783400014,-20.9999962,2594.1001,0,0,17.2475243,1.92279685,2.97697926,2.05795789
11001,1,1.27410007,3.48000002,5.57250023,8,3.56000018,-5.27999878,69.6600037,0.0157480016,0.0947750062,0.0943950042,-41.8799973,4916.7002,0,0,18.3865719,4.05862474,4.26484632,1.67718351
11001,1,0.496699989,3.90799999,6.53000021,8,2.67200017,74.7200165,69.6600037,0.0157480016,0.0947750062,0.0949650034,25.0800095,3079.2002,5,-6,3.80995417,1.09907925,2.37279391,0.0563468337
11001,1,1.03720009,2.22399998,5.88749981,8,1.44000006,-70.5599976,-57.9599991,0.0162240006,0.0918300077,0.0878400058,-20.9999962,2594.1001,0,0,60.299015,19.9071789,2.44479823,6.32450676
11001,1,1.32470012,3.80800009,6.49499989,8,3.37200022,-52.3199997,88.0200043,0.00522000017,0.0825200081,0.0867950097,-36.5999985,4745.2002,0,0,29.4763546,3.67609096,2.53384566,3.87773633
11001,1,1.62830019,3.64800024,6.24749994,8,1.12,-52.3199997,88.0200043,0.00522000017,0.0825200081,0.0867950097,42.1200027,4916.7002,0,0,18.8089695,1.76138985,2.0878942,2.49328089
11001,1,0.496699989,3.86400008,7.36750031,8,0.252000004,-15.0399933,-41.0399971,0.026556002,0.0939200073,0.0876500085,57.6000061,4671.7002,0,0,36.2671394,18.2326965,7.41492367,1.76991987
11001,1,0.586400032,3.86400008,7.44999981,8,3.42400026,-55.0400009,-38.3400002,0.0157480016,0.0947750062,0.0943950042,-36.5999985,4720.7002,0,0,12.6740608,5.62348175,2.96697664,0.680600524
11001,1,0.961300015,2.20799994,7.36750031,8,1.12,-52.3199997,88.0200043,0.00522000017,0.0825200081,0.0867950097,42.1200027,4941.2002,0,0,8.22067356,1.7534529,2.08789706,0.729887307
11001,1,1.62830019,3.90799999,6.60500002,8,1.07200003,74.7200165,69.6600037,0.0157480016,0.0947750062,0.0949650034,25.0800095,3079.2002,5,-6,3.96334457,1.0909462,2.39886713,0.0789218619
11001,1,1.32470012,3.80800009,6.49499989,8,3.37200022,-70.5599976,-57.9599991,0.0162240006,0.0918300077,0.0878400058,-20.9999962,4426.7002,-5,-6,3.68282557,1.19007063,2.31748605,0.0292114746
11001,1,0.977400064,3.86400008,7.44999981,8,3.42400026,-55.0400009,-38.3400002,0.0157480016,0.0947750062,0.0927800015,-42,4745.2002,0,0,18.7918987,8.64470577,2.63910842,1.25134742
11001,1,1.32470012,3.80800009,6.49499989,8,3.37200022,-70.5599976,-57.9599991,0.0162240006,0.0947750062,0.0943950042,-36.5999985,702.700012,0,0,80.3375778,1.78317297,2.60792136,12.6577473
11001,1,1.07169998,4,7.71749973,8,3.18400025,-55.0400009,-54,0.0180720016,0.0518350005,0.0278000012,42.1200027,4916.7002,0,0,20.7205849,13.6392193,3.77949119,0.550312519
11001,1,0.570300043,3.22399998,7.35750008,8,1.12,-52.3199997,88.0200043,0.00522000017,0.0825200081,0.0867950097,42.1200027,4524.7002,0,0,5.87625122,1.75997007,2.08793283,0.338058025
11001,1,0.496699989,3.90799999,6.53000021,8,2.67200017,74.7200165,69.6600037,0.0157480016,0.0947750062,0.0962950066,42.1200027,4916.7002,0,0,4.9631319,1.66440856,2.2631309,0.172598749
11001,1,0.977400064,3.86400008,7.36750031,8,1.12,-52.3199997,88.0200043,0.00522000017,0.0825200081,0.0848950073,-41.8799973,4916.7002,4,5,22.7556286,1.25857818,2.96698904,3.08834362
11001,1,1.27410007,3.48000002,5.57250023,8,3.56000018,-5.27999878,69.6600037,0.0159440003,0.0918300077,0.0878400058,-13.4399986,4054.30029,0,0,20.8055782,1.80632997,3.10838532,2.64847732
11001,1,1.85830009,3.90799999,6.60500002,8,0.972000062,-70.5599976,-57.9599991,0.0160280019,0.0947750062,0.0949650034,25.0800095,3079.2002,0,0,12.1976242,7.43604803,3.4582274,0.217224807
11001,1,0.586400032,3.86400008,7.44999981,8,3.42400026,-55.0400009,-38.3400002,0.0157480016,0.0947750062,0.0943950042,-36.5999985,4745.2002,0,0,12.7003775,5.59171629,3.00423551,0.684070885
11001,1,0.977400064,3.90799999,6.60500002,8,1.07200003,74.7200165,54,0.0180720016,0.0518350005,0.0278000012,42.1200027,4524.7002,0,0,19.5271969,12.7385244,4.09551764,0.448859245
11001,1,0.586400032,3.86400008,7.44999981,8,3.42400026,-55.0400009,-38.3400002,0.0157480016,0.0999050066,0.0718800053,-59.6399994,4671.7002,0,0,5.96817684,1.80710864,2.49417019,0.277816385
11001,1,1.27410007,3.48000002,5.57250023,8,3.56800008,48.6399994,-52.1999969,0.018744003,0.0947750062,0.0943950042,-36.5999985,4745.2002,0,0,4.75097752,1.97765362,2.51050973,0.0438023582
11001,1,0.692200005,4.84800005,6.24749994,8,0.272000015,74.7200165,88.0200043,0.00522000017,0.0825200081,0.0867950097,42.1200027,4916.7002,0,0,77.4936981,1.77065408,2.42901134,12.2156734
11001,1,0.496699989,3.90799999,6.60500002,8,1.05200005,-15.0399933,-41.0399971,0.026556002,0.0939200073,0.0876500085,57.6000061,4671.7002,0,0,23.5782051,14.0304108,7.07137537,0.412736446
11001,1,1.32470012,3.80800009,6.49499989,8,3.37200022,-70.5599976,-57.9599991,0.0161960013,0.0939200073,0.0876500085,57.6000061,4671.7002,0,0,18.9243584,14.1179352,4.08726168,0.119860373
11001,1,0.692200005,4.84800005,6.24749994,8,0.252000004,-15.0399933,-41.0399971,0.0265840013,0.0947750062,0.0943950042,-36.5999985,4745.2002,0,0,8.40544033,2.36652637,3.11190057,0.487835526
11001,1,1.32470012,3.80800009,6.49499989,8,3.37200022,-70.5599976,-57.9599991,0.0162240006,0.0947750062,0.0943950042,-45,2594.1001,0,0,4.12506104,1.69348395,2.27492738,0.0261083096
11001,1,0.977400064,3.86400008,7.44999981,8,3.42400026,-55.0400009,-38.3400002,0.0157480016,0.0918300077,0.0878400058,-12.5999985,4745.2002,0,0,20.0794868,14.4894857,3.04271102,0.424548417
11001,1,0.972800016,3.27200007,7.20749998,8,2.8920002,-15.0399933,-41.0399971,0.0270600021,0.0937300026,0.084800005,-59.6399994,3853.40015,0,0,48.6221352,16.9299202,2.39199424,4.8833704
11001,1,1.48340011,3.86400008,7.44999981,8,3.42400026,-55.0400009,-38.3400002,0.0157480016,0.0918300077,0.0878400058,-20.9999962,2594.1001,0,0,11.9079714,6.28797054,4.03830338,0.263616264
11001,1,0.977400064,3.90799999,6.60500002,8,1.07200003,74.7200165,54,0.0180720016,0.0518350005,0.0283700004,-48.5999985,4745.2002,0,0,23.9699593,10.791625,4.37582779,1.46708453
11001,1,1.47650003,3.43200016,7.78499985,8,0.716000021,-18.3999977,-14.9399948,0.00662000012,0.0967700034,0.084800005,42.1200027,4524.7002,0,0,26.066906,19.5691643,2.6947298,0.633835495
11001,1,1.27410007,3.48000002,5.57250023,8,3.56800008,48.6399994,-52.1999969,0.018744003,0.0999050066,0.0718800053,-59.6399994,2138.3999,0,0,10.4974632,3.74135685,3.05170727,0.617399931
11001,1,1.27410007,3.48000002,5.57250023,8,3.56800008,48.6399994,-52.1999969,0.018744003,0.0999050066,0.0718800053,-59.6399994,2138.3999,0,0,10.4974632,3.74135685,3.05170727,0.617399931
11001,1,1.27410007,3.48000002,5.57250023,8,3.56800008,48.6399994,-52.1999969,0.018744003,0.0999050066,0.0715950057,42.1200027,4916.7002,0,0,14.5666103,10.2008657,4.070961,0.0491306484
11001,1,1.47650003,3.43200016,7.78499985,8,0.716000021,-18.3999977,-14.9399948,0.00662000012,0.0967700034,0.0853700042,-48.5999985,4745.2002,0,0,18.8873768,13.44275,2.98795462,0.409445226
11001,1,0.977400064,3.86400008,7.44999981,8,3.42400026,-55.0400009,-38.3400002,0.0157480016,0.0947750062,0.0943950042,15.3600006,3779.90015,0,0,16.8097954,13.2622328,3.14442635,0.0671895668
11001,1,0.496699989,3.90799999,6.60500002,8,1.07200003,74.7200165,88.0200043,0.00522000017,0.0825200081,0.0867950097,42.1200027,4916.7002,0,0,17.7352257,1.76333344,2.2286911,2.29053354
11001,1,0.496699989,3.90799999,6.60500002,8,1.07200003,74.7200165,69.6600037,0.0157480016,0.0947750062,0.0949650034,24.1200027,4745.2002,5,-6,5.50204468,1.04952836,2.49778199,0.325789064
11001,1,1.32470012,3.80800009,6.49499989,8,3.37200022,-70.5599976,-57.9599991,0.0162240006,0.0947750062,0.0943950042,-36.5999985,4745.2002,5,-6,4.19777679,1.06959152,2.59236598,0.0893032178
11001,1,1.32470012,3.80800009,6.49499989,8,3.37200022,-70.5599976,-57.9599991,0.0162240006,0.0918300077,0.0878400058,-20.9999962,4426.7002,-5,-6,3.68282557,1.19007063,2.31748605,0.0292114746
11001,1,1.07860005,3.54400015,7.99000025,8,3.42400026,-55.0400009,-52.9199982,0.0180720016,0.0558250025,0.0949650034,25.0800095,3079.2002,0,0,46.6865768,32.1108704,3.80150723,1.79570043
11001,1,1.62830019,3.90799999,6.60500002,8,1.07200003,74.7200165,69.6600037,0.0157480016,0.0944900066,0.0927800015,-42,702.700012,0,0,239.420837,1.76861989,3.27050471,39.0636177
11001,1,0.496699989,3.90799999,6.53000021,8,2.67200017,74.7200165,69.6600037,0.0157480016,0.0947750062,0.0943950042,-36.5999985,4745.2002,0,0,12.1042099,4.85913277,3.41284919,0.638704598
11001,1,0.586400032,3.86400008,7.44999981,8,3.42400026,-55.0400009,-38.3400002,0.0157480016,0.0947750062,0.0943950042,-36.5999985,4524.7002,0,0,12.8641682,5.95026207,3.12307525,0.631805003
11001,1,1.07169998,4,7.71749973,8,3.18400025,-55.0400009,-54,0.0180720016,0.0518350005,0.0878400058,-20.9999962,2594.1001,0,0,8.05933189,4.31573534,2.81288719,0.155118123
11001,1,1.07169998,4,6.53000021,8,2.67200017,74.7200165,69.6600037,0.0157480016,0.0947750062,0.0943950042,-41.8799973,4916.7002,0,0,20.1451111,3.50821209,2.96348548,2.27890205
11001,1,0.496699989,3.90799999,7.71749973,8,3.18400025,-55.0400009,-54,0.0180720016,0.0518350005,0.0278000012,42.1200027,4524.7002,0,0,19.7796345,11.5647984,4.59912872,0.602617979
11001,1,0.496699989,3.90799999,6.53000021,8,2.64800024,48.6399994,-52.1999969,0.018744003,0.0999050066,0.0718800053,-59.6399994,2138.3999,5,-6,6.16035843,1.33599949,2.93022037,0.315689772
11001,1,1.27410007,3.48000002,5.57250023,8,3.59200025,74.7200165,69.6600037,0.0157480016,0.0947750062,0.0943950042,-41.8799973,4916.7002,5,-6,23.8507347,1.25412095,3.86519384,3.12190294
11001,1,0.977400064,3.86400008,5.57250023,8,3.56800008,48.6399994,-50.9399986,0.0157480016,0.0947750062,0.0949650034,25.0800095,3079.2002,4,-6,34.8712196,0.94818145,2.53726268,5.23096275
11001,1,1.27410007,3.48000002,7.44999981,8,3.42400026,-55.0400009,69.6600037,0.0157480016,0.0918300077,0.0878400058,-20.9999962,2594.1001,0,0,24.7619686,14.3660307,3.0509553,1.22416401
11001,1,0.496699989,3.86400008,7.36750031,8,0.252000004,-15.0399933,69.6600037,0.0157480016,0.0918300077,0.0878400058,-20.9999962,2594.1001,0,0,7.93396378,3.68021011,2.89816785,0.225930974
11001,1,1.32470012,3.80800009,6.49499989,8,3.37200022,-70.5599976,-57.9599991,0.0162240006,0.0918300077,0.0878400058,-20.9999962,4426.7002,-5,-6,3.68282557,1.19007063,2.31748605,0.0292114746
11001,1,1.27410007,3.48000002,7.44999981,8,3.42400026,-55.0400009,-41.0399971,0.026556002,0.0939200073,0.0876500085,57.6000061,4671.7002,0,0,49.8255234,22.409193,6.17856598,3.53962779
11001,1,1.27410007,3.48000002,7.44999981,8,3.42400026,-55.0400009,-38.3400002,0.0157480016,0.0999050066,0.0718800053,-59.6399994,4671.7002,0,0,8.07189846,2.04230881,2.67827535,0.558552444
11001,1,0.586400032,3.86400008,7.44999981,8,3.42400026,-55.0400009,69.6600037,0.0157480016,0.0918300077,0.0878400058,-20.9999962,2594.1001,0,0,11.0142717,7.66053677,2.95297909,0.0667927265
11001,1,0.961300015,2.20799994,7.36750031,8,1.12,-52.3199997,88.0200043,0.00522000017,0.0825200081,0.0867950097,42.1200027,4941.2002,0,0,8.22067356,1.7534529,2.08789706,0.729887307
11001,1,1.07169998,4,7.71749973,8,3.18400025,-55.0400009,-54,0.0180720016,0.0518350005,0.0278000012,42.1200027,4916.7002,0,0,20.7205849,13.6392193,3.77949119,0.550312519
11001,1,0.586400032,3.86400008,7.44999981,8,3.18400025,-55.0400009,-54,0.0180720016,0.0518350005,0.0278000012,42.1200027,4524.7002,0,0,19.6090488,11.1820126,4.76626778,0.610127985
11001,1,0.496699989,3.90799999,7.71749973,8,3.42400026,-55.0400009,-52.1999969,0.018744003,0.0999050066,0.0718800053,-59.6399994,4671.7002,0,0,13.2485304,6.95059013,2.59055591,0.617897332
11001,1,0.496699989,3.90799999,7.71749973,8,3.18400025,-55.0400009,-54,0.0180720016,0.0518350005,0.0278949998,-36.5999985,4745.2002,0,0,16.1494961,11.6808643,3.35466933,0.185660422
11001,1,1.32470012,3.80800009,6.49499989,8,3.37200022,-70.5599976,-57.9599991,0.0162240006,0.0947750062,0.0943000093,42.1200027,4524.7002,0,0,15.2376442,10.0556335,4.85135031,0.055110123
11001,1,0.496699989,3.90799999,6.53000021,8,2.67200017,74.7200165,69.6600037,0.0157480016,0.0947750062,0.0962950066,42.1200027,4916.7002,0,0,4.9631319,1.66440856,2.2631309,0.172598749
11001,1,1.32470012,3.80800009,6.49499989,8,3.37200022,-70.5599976,-57.9599991,0.0162240006,0.0918300077,0.0878400058,-20.9999962,4426.7002,-5,-6,3.68282557,1.19007063,2.31748605,0.0292114746
11001,1,0.496699989,3.90799999,6.60500002,8,1.07200003,74.7200165,88.0200043,0.00522000017,0.0825200081,0.0867950097,42.1200027,4916.7002,0,0,17.7352257,1.76333344,2.2286911,2.29053354
11001,1,1.07860005,3.54400015,7.86750031,8,1.12,-52.3199997,88.0200043,0.00522000017,0.0825200081,0.0867950097,42.1200027,4916.7002,0,0,6.035882,1.75569797,2.08791542,0.365378141
11001,1,1.47650003,3.43200016,7.78499985,8,0.716000021,-18.3999977,-14.9399948,0.00662000012,0.0967700034,0.0853700042,-48.5999985,4745.2002,0,0,18.8873768,13.44275,2.98795462,0.409445226
11001,1,1.47650003,3.43200016,7.78499985,8,0.716000021,-18.3999977,-14.9399948,0.00662000012,0.0967700034,0.084800005,42.1200027,4524.7002,0,0,26.066906,19.5691643,2.6947298,0.633835495
11001,1,1.32470012,3.80800009,6.49499989,8,3.37200022,-70.5599976,-57.9599991,0.0162240006,0.0918300077,0.0878400058,-20.9999962,4456.1001,-5,-6,3.64818478,1.17926657,2.32014942,0.0247948188
11001,1,1.48340011,3.86400008,7.44999981,8,3.42400026,-55.0400009,-38.3400002,0.0157480016,0.0918300077,0.0878400058,-20.9999962,2564.7002,0,0,11.5908604,5.98952913,4.09293175,0.251399964
11001,1,1.07169998,4,7.71749973,8,3.18400025,-55.0400009,-54,0.0164200012,0.0825200081,0.0867950097,42.1200027,4916.7002,0,0,18.4135075,10.5897837,5.48936701,0.389059395
11001,1,1.62830019,3.64800024,6.24749994,8,1.12,-52.3199997,88.0200043,0.00687200017,0.0518350005,0.0878400058,-20.9999962,2594.1001,0,0,57.458786,1.73558831,2.12054992,8.93377495
11001,1,1.27410007,3.48000002,5.57250023,8,3.59200025,74.7200165,69.6600037,0.0157480016,0.0947750062,0.0943950042,-41.8799973,4745.2002,0,0,25.2576942,1.90357161,3.14199615,3.36868763
11001,1,0.977400064,3.86400008,7.44999981,8,3.42400026,-55.0400009,-38.3400002,0.0157480016,0.0947750062,0.0927800015,-42,4916.7002,0,0,19.2755795,9.33938217,2.75846291,1.19628894
11001,1,1.07169998,4,7.71749973,8,3.18400025,-55.0400009,-54,0.0185480006,0.0918300077,0.0878400058,-12.5999985,4745.2002,0,0,12.2190723,4.78999043,2.64206219,0.797836661
11001,1,0.977400064,3.86400008,7.44999981,8,3.42400026,-55.0400009,-38.3400002,0.0152720017,0.0518350005,0.0278000012,42.1200027,4916.7002,0,0,21.0805817,11.4730377,3.80425358,0.9672153
11001,1,0.977400064,3.86400008,7.44999981,8,3.42400026,-55.0400009,-38.3400002,0.0157480016,0.0947750062,0.0943950042,-41.8799973,4916.7002,0,0,20.0872669,9.75726414,2.81530333,1.25244987
11001,1,1.07169998,4,6.53000021,8,2.67200017,74.7200165,69.6600037,0.0157480016,0.0947750062,0.0943950042,15.3600006,3779.90015,5,-6,4.39559746,1.17734194,2.43182468,0.131071836
11001,1,1.32470012,3.80800009,6.49499989,8,3.37200022,-70.5599976,-57.9599991,0.0160280019,0.0947750062,0.0949650034,25.0800095,3079.2002,0,0,11.2861605,7.36335659,3.33336735,0.0982394069
11001,1,1.62830019,3.90799999,6.60500002,8,1.07200003,74.7200165,69.6600037,0.0159440003,0.0918300077,0.0878400058,-20.9999962,4426.7002,5,-6,5.1151886,1.44924235,2.86813188,0.132969081
11001,1,1.27410007,3.48000002,5.57250023,8,3.56000018,-5.27999878,69.6600037,0.0157480016,0.0947750062,0.0943950042,-36.5999985,4745.2002,0,0,18.6429749,3.72588897,3.72751594,1.86492825
11001,1,0.496699989,3.90799999,6.53000021,8,2.67200017,74.7200165,69.6600037,0.0157480016,0.0947750062,0.0943950042,-41.8799973,4916.7002,0,0,16.2466316,3.41199088,2.89390826,1.65678883
11001,1,1.62830019,3.90799999,6.60500002,8,1.07200003,74.7200165,69.6600037,0.0157480016,0.0947750062,0.0949650034,24.1200027,4745.2002,5,-6,5.10974693,1.03772247,2.57668233,0.249223754
11001,1,0.496699989,3.90799999,6.60500002,8,1.07200003,74.7200165,69.6600037,0.0157480016,0.0947750062,0.0949650034,25.0800095,3079.2002,5,-6,3.85408115,1.0880574,2.37548327,0.0650900826
11001,1,0.977400064,3.86400008,7.44999981,8,3.42400026,-55.0400009,-38.3400002,0.0157480016,0.0947750062,0.0927800015,-42,4745.2002,0,0,18.7918987,8.64470577,2.63910842,1.25134742
11001,1,1.47650003,3.43200016,7.78499985,8,0.716000021,-18.3999977,-14.9399948,0.00662000012,0.0967700034,0.0853700042,-48.5999985,4745.2002,0,0,18.8873768,13.44275,2.98795462,0.409445226
11001,1,1.62830019,3.90799999,6.60500002,8,1.07200003,75.6800079,88.0200043,0.00522000017,0.0825200081,0.0867950097,42.1200027,4524.7002,0,0,16.3164234,1.77331328,2.16850758,2.06243372
11001,1,0.570300043,3.22399998,7.35750008,8,1.12,-53.2799988,69.6600037,0.0157480016,0.0947750062,0.0949650034,25.0800095,3079.2002,0,0,26.0700207,5.98382473,2.24851418,2.97294664
11001,1,0.496699989,3.90799999,6.53000021,8,2.67200017,74.7200165,69.6600037,0.0157480016,0.0947750062,0.0876500085,57.6000061,4671.7002,5,-5,6.47777843,1.30886269,2.4977951,0.445186764
11001,1,0.496699989,3.90799999,6.60500002,8,1.05200005,-15.0399933,-41.0399971,0.026556002,0.0939200073,0.0949650034,25.0800095,3079.2002,0,0,17.0472755,13.523756,3.05281568,0.078450501
11001,1,1.47650003,3.43200016,7.78499985,8,0.716000021,-18.3999977,-14.9399948,0.00662000012,0.0967700034,0.0813800022,-59.6399994,4671.7002,0,0,10.9917812,5.14264488,2.7463305,0.517134249
11001,1,0.586400032,3.86400008,7.44999981,8,3.42400026,-55.0400009,-38.3400002,0.0157480016,0.0999050066,0.0753000006,42.1200027,4524.7002,0,0,23.3167953,17.7553959,3.56516886,0.332705081
11001,1,0.586400032,3.86400008,7.44999981,8,3.42400026,-55.0400009,-52.1999969,0.0162240006,0.0918300077,0.0878400058,-20.9999962,4426.7002,0,0,13.0717192,4.70245934,3.00485492,0.894067347
11001,1,1.32470012,3.80800009,6.49499989,8,3.37200022,-70.5599976,-57.9599991,0.018744003,0.0999050066,0.0718800053,-59.6399994,4671.7002,4,-5,6.02265072,1.32769454,2.72697091,0.327997595
11001,1,1.27869999,3.90799999,7.71749973,8,3.18400025,-55.0400009,-54,0.0180720016,0.0518350005,0.0278000012,42.1200027,4524.7002,0,0,19.973175,11.6364889,4.69130611,0.607563078
11001,1,0.4921,3.48000002,5.57250023,8,3.56000018,-5.27999878,69.6600037,0.0159440003,0.0918300077,0.0878400058,-13.4399986,4054.30029,0,0,18.3650513,1.69961846,3.03298402,2.2720747
11001,1,0.692200005,4.84800005,6.24749994,8,0.252000004,-15.0399933,-41.0399971,0.0265840013,0.0947750062,0.0943950042,-36.5999985,4745.2002,0,0,8.40544033,2.36652637,3.11190057,0.487835526
11001,1,1.07169998,4,7.71749973,8,3.18400025,74.7200165,69.6600037,0.0157480016,0.0947750062,0.0949650034,24.1200027,4745.2002,5,-6,11.7456436,0.951334536,2.63750124,1.35946774
11001,1,1.27410007,3.48000002,5.57250023,8,3.56800008,48.6399994,-52.1999969,0.018744003,0.0999050066,0.0715950057,42.1200027,4524.7002,0,0,15.8246651,9.77014351,5.80682993,0.0412819795
11001,1,1.27410007,3.48000002,5.57250023,8,3.56800008,48.6399994,-52.1999969,0.018744003,0.0999050066,0.0718800053,-59.6399994,2138.3999,0,0,10.4974632,3.74135613,3.05170727,0.617399931
11001,1,0.496699989,3.90799999,6.60500002,8,1.07200003,74.7200165,88.0200043,0.00522000017,0.0825200081,0.0867950097,42.1200027,4916.7002,0,0,17.7352257,1.76333344,2.2286911,2.29053354
11001,1,1.07169998,4,7.72000027,8,3.37200022,-70.5599976,-57.9599991,0.0162240006,0.0918300077,0.0878400058,-20.9999962,4426.7002,-6,-6,7.31038618,1.25551736,2.3855629,0.611550987
11001,1,1.32470012,3.80800009,6.49250031,8,3.18400025,-55.0400009,-54,0.0180720016,0.0518350005,0.0878400058,-20.9999962,2594.1001,4,-6,10.8262138,0.979267001,2.44617701,1.23346174
11001,1,1.27410007,3.48000002,5.57250023,8,3.56800008,58.7200012,69.6600037,0.0157480016,0.0947750062,0.0962950066,42.1200027,4916.7002,0,0,5.83907986,1.68712866,2.3713336,0.296769559
11001,1,0.496699989,3.90799999,6.53000021,8,2.67200017,64.6400146,-52.1999969,0.018744003,0.0999050066,0.0783400014,-20.9999962,2594.1001,0,0,8.78000355,2.05618978,2.35062122,0.728865504
11001,1,1.07860005,3.54400015,7.86750031,8,1.12,-52.3199997,88.0200043,0.00522000017,0.0825200081,0.0848950073,-36.5999985,4745.2002,0,0,16.4601936,2.71344399,2.25235724,1.91573226
11001,1,1.27410007,3.48000002,5.57250023,8,3.56800008,48.6399994,-52.1999969,0.018744003,0.0947750062,0.0962950066,42.1200027,4916.7002,0,0,16.2961349,9.38257217,5.17671728,0.289474279
11001,1,1.85830009,3.90799999,6.60500002,8,0.972000062,-70.5599976,88.0200043,0.00522000017,0.0825200081,0.0867950097,42.1200027,4524.7002,0,0,17.4628201,1.77170074,2.20398593,2.24785566
11001,1,0.570300043,3.22399998,7.35750008,8,1.12,-52.3199997,-57.9599991,0.0160280019,0.0947750062,0.0949650034,25.0800095,3079.2002,0,0,43.5295601,24.9543343,3.77128911,2.46732283
11001,1,1.85830009,3.90799999,6.60500002,8,0.972000062,-70.5599976,-57.9599991,0.0160280019,0.0947750062,0.0878400058,-20.9999962,4426.7002,0,0,9.18525887,2.16590524,2.47992396,0.756571531
11001,1,1.32470012,3.80800009,6.49499989,8,3.37200022,-70.5599976,-57.9599991,0.0162240006,0.0918300077,0.0949650034,25.0800095,3079.2002,0,0,10.0820904,6.25618792,3.21053791,0.102560781
11001,1,1.07169998,4,7.71749973,8,3.18400025,74.7200165,69.6600037,0.0157480016,0.0947750062,0.0949650034,35.4000015,4745.2002,5,-5,8.92390537,1.23669446,2.46958232,0.869604707
11001,1,1.27410007,3.48000002,5.57250023,8,3.56800008,48.6399994,-52.1999969,0.018744003,0.0947750062,0.0943950042,-47.8799973,4745.2002,5,-6,5.03335857,1.06299603,2.91863036,0.175288692
11001,1,1.32470012,3.80800009,6.49499989,8,3.37200022,-70.5599976,-57.9599991,0.0162240006,0.0918300077,0.0878400058,-20.9999962,4426.7002,-5,-6,3.68282557,1.19007063,2.31748605,0.0292114746
11001,1,1.32470012,3.80800009,6.49499989,8,3.37200022,-70.5599976,-57.9599991,0.0162240006,0.0947750062,0.0943950042,-45,2594.1001,0,0,4.12506104,1.69348395,2.27492738,0.0261083096
11001,1,1.48340011,3.64800024,6.24749994,8,0.252000004,-15.0399933,-41.0399971,0.0265840013,0.0947750062,0.0943950042,-36.5999985,4745.2002,0,0,16.9345455,6.46734905,3.98198104,1.0808692
11001,1,1.32470012,3.80800009,6.49499989,8,3.37200022,-70.5599976,-57.9599991,0.0162240006,0.0918300077,0.0878400058,-20.9999962,4456.1001,-5,-6,3.64818478,1.17926657,2.32014942,0.0247948188
11001,1,0.692200005,5.06400013,7.44999981,8,3.42400026,-55.0400009,-38.3400002,0.0157480016,0.0918300077,0.0878400058,-20.9999962,2564.7002,0,0,13.7305346,2.32505155,2.66495156,1.4567554
11001,1,1.62830019,3.90799999,6.60500002,8,1.07200003,74.7200165,69.6600037,0.0157480016,0.0947750062,0.0949650034,35.4000015,4745.2002,5,-5,4.37557602,1.24527061,2.49272966,0.106262639
11001,1,1.07169998,4,7.71749973,8,3.18400025,74.7200165,69.6600037,0.0159440003,0.0918300077,0.0878400058,-20.9999962,4426.7002,0,0,8.90251255,4.68538046,2.62960958,0.264587075
11001,1,0.496699989,3.90799999,6.60500002,8,1.07200003,74.7200165,69.6600037,0.0157480016,0.0947750062,0.0876500085,57.6000061,4671.7002,5,-5,6.06164455,1.3067342,2.50169015,0.37553677
11001,1,0.496699989,3.90799999,6.53000021,8,2.67200017,74.7200165,69.6600037,0.0157480016,0.0947750062,0.0949650034,25.0800095,3079.2002,5,-6,3.80995417,1.09907925,2.37279391,0.0563468337
11001,1,1.07169998,4,7.69999981,8,3.42400026,-55.0400009,-38.3400002,0.0157480016,0.0999050066,0.0718800053,-59.6399994,4671.7002,0,0,5.8979578,1.75339437,2.52575779,0.269800901
11001,1,1.27410007,3.48000002,7.46750021,8,3.18400025,74.7200165,69.6600037,0.0157480016,0.0947750062,0.0949650034,35.4000015,4745.2002,5,-5,16.4466553,1.22679102,2.54394698,2.11265278
11001,1,1.07169998,4.26399994,7.44999981,8,3.42400026,-55.0400009,-38.3400002,0.0157480016,0.0918300077,0.0878400058,-20.9999962,2564.7002,0,0,7.50317955,4.09324169,3.27771068,0.0220378172
11001,1,1.48340011,3.5999999,7.71749973,8,3.18400025,74.7200165,69.6600037,0.0157480016,0.0947750062,0.0949650034,35.4000015,4745.2002,5,-5,15.6224947,1.22707009,2.51638222,1.9798404
11001,1,1.32470012,3.80800009,6.49499989,8,3.37200022,-70.5599976,-57.9599991,0.0162240006,0.0918300077,0.0878400058,-20.9999962,4426.7002,-5,-6,3.68282557,1.19007063,2.31748605,0.0292114746
11001,1,1.32470012,3.80800009,6.49250031,8,3.18400025,-55.0400009,-54,0.0180720016,0.0518350005,0.0878400058,-20.9999962,2594.1001,4,-6,10.8262138,0.979267001,2.44617701,1.23346174
11001,1,0.496699989,3.90799999,6.53000021,8,2.67200017,74.7200165,88.0200043,0.00522000017,0.0825200081,0.0867950097,42.1200027,4916.7002,0,0,19.4034004,1.76369572,2.23122692,2.56807971
11001,1,1.07860005,3.54400015,7.86750031,8,1.12,-52.3199997,69.6600037,0.0157480016,0.0947750062,0.0876500085,57.6000061,4671.7002,0,0,17.2515812,6.51298189,2.5340023,1.36743295
11001,1,1.62830019,3.90799999,6.60500002,8,1.07200003,74.7200165,69.6600037,0.0157480016,0.0947750062,0.0949650034,42.1200027,4941.2002,0,0,4.45379734,1.67408943,2.37819934,0.0669180453
11001,1,0.961300015,2.20799994,7.36750031,8,1.12,-52.3199997,88.0200043,0.00522000017,0.0825200081,0.0867950097,24.1200027,4745.2002,0,0,8.26403999,1.76821363,2.08809876,0.734621286
11001,1,1.26030004,2.20799994,7.36750031,8,1.12,-52.3199997,88.0200043,0.00522000017,0.0825200081,0.0867950097,42.1200027,4941.2002,0,0,8.22067738,1.7534529,2.08789706,0.729887962
11001,1,0.975099981,3.48000002,7.44999981,8,3.42400026,-55.0400009,-38.3400002,0.0157480016,0.0999050066,0.0718800053,-59.6399994,4671.7002,0,0,8.08633995,2.0421114,2.6719842,0.562040687
11001,1,1.85830009,3.90799999,6.60500002,8,0.972000062,-70.5599976,-57.9599991,0.0160280019,0.0947750062,0.0878400058,-22.9199982,3079.2002,4,-5,18.8296356,0.953164101,2.14418316,2.6220479
11001,1,0.496699989,3.90799999,6.60500002,8,1.07200003,74.7200165,69.6600037,0.0157480016,0.0947750062,0.0949650034,27,4426.7002,5,-6,5.47657681,1.34363377,3.13035512,0.167098045
11001,1,0.977400064,3.86400008,7.44999981,8,3.42400026,-55.0400009,-38.3400002,0.0157480016,0.0947750062,0.0927800015,-42,4745.2002,0,0,18.7918987,8.64470577,2.63910842,1.25134742
11001,1,1.27410007,3.48000002,7.44999981,8,3.42400026,-55.0400009,-38.3400002,0.0157480016,0.0999050066,0.0718800053,-59.6399994,4671.7002,0,0,8.07189846,2.04230881,2.67827535,0.558552444
11001,1,1.27410007,3.40799999,6.49499989,8,3.37200022,-70.5599976,-57.9599991,0.0162240006,0.0947750062,0.0943950042,-45,2594.1001,0,0,8.27374458,1.80661547,2.28419971,0.69715482
11001,1,1.32470012,3.88000011,5.57250023,8,3.56800008,48.6399994,-52.1999969,0.018744003,0.0999050066,0.0718800053,-59.6399994,2138.3999,5,-6,15.9897957,1.2661531,3.12242174,1.93353689
11001,1,1.07169998,4,7.71749973,8,3.17200017,-70.5599976,-57.9599991,0.0162240006,0.0918300077,0.0949650034,25.0800095,3079.2002,0,0,12.13731,6.6466589,3.27053022,0.370020151
11001,1,1.32470012,3.80800009,6.49499989,8,3.38400006,74.7200165,69.6600037,0.0157480016,0.0947750062,0.0949650034,24.1200027,4745.2002,5,-6,5.58407116,1.03367877,2.55605006,0.332390338
11001,1,0.977400064,3.86400008,7.44999981,8,3.42400026,-55.0400009,-38.3400002,0.0152720017,0.0518350005,0.028464999,35.4000015,4745.2002,0,0,22.5919151,13.2325954,3.62499952,0.955719769
11001,1,1.07169998,4,7.71749973,8,3.18400025,74.7200165,69.6600037,0.0157480016,0.0947750062,0.0943000093,42.1200027,4916.7002,0,0,6.98737526,1.7001332,2.29843378,0.498134732
11001,1,1.27410007,3.48000002,5.57250023,8,3.56800008,48.6399994,-52.1999969,0.018744003,0.0825200081,0.0867950097,42.1200027,4941.2002,0,0,17.1123772,10.1490297,4.6489048,0.38574031
11001,1,0.961300015,2.20799994,7.36750031,8,1.12,-52.3199997,88.0200043,0.00522000017,0.0947750062,0.0943950042,-47.8799973,4745.2002,0,0,16.1751652,6.45875359,2.42911172,1.21455002
11001,1,0.692200005,4.84800005,6.24749994,8,0.252000004,-15.0399933,-41.0399971,0.0265840013,0.0947750062,0.0943950042,-36.5999985,4426.7002,-5,-5,6.96013641,0.987933099,2.59499097,0.562868714
11001,1,1.32470012,3.80800009,6.49499989,8,3.37200022,-70.5599976,-57.9599991,0.0162240006,0.0918300077,0.0878400058,-20.9999962,4745.2002,-5,-6,3.44697618,1.02862787,2.36955357,0.00813245121
11001,1,1.32470012,3.80800009,6.49250031,8,2.97200012,-70.5599976,-57.9599991,0.0162240006,0.0918300077,0.0949650034,25.0800095,3079.2002,0,0,10.0845909,6.2523036,3.21081376,0.103578977
11001,1,1.32470012,3.80800009,6.49499989,8,3.58400011,-55.0400009,-54,0.0180720016,0.0518350005,0.0878400058,-20.9999962,2594.1001,4,-6,10.7878456,0.978664994,2.44638371,1.2271328
11001,1,1.07860005,3.54400015,7.86750031,8,1.12,-52.3199997,88.0200043,0.00522000017,0.0825200081,0.0848950073,-36.8400002,4671.7002,0,0,19.065712,7.08056927,2.22414446,1.62683308
11001,1,0.496699989,3.90799999,7.71749973,8,3.42400026,-55.0400009,-52.1999969,0.018744003,0.0999050066,0.0718800053,-59.4000015,4745.2002,0,0,13.6188898,6.66642809,2.61394763,0.723085523
11001,1,0.692200005,4.84800005,6.23000002,8,1.07200003,74.7200165,69.6600037,0.0159440003,0.0918300077,0.0878400058,-20.9999962,4426.7002,0,0,26.7163544,1.83691442,2.64679933,3.70544028
11001,1,1.62830019,3.90799999,6.62249994,8,0.252000004,-15.0399933,-41.0399971,0.0265840013,0.0947750062,0.0943950042,-36.5999985,4745.2002,0,0,14.873333,5.71715164,3.90350199,0.875446439
11001,1,1.27410007,3.48000002,5.57250023,8,3.37200022,-70.5599976,-57.9599991,0.0160280019,0.0947750062,0.0949650034,25.0800095,3079.2002,0,0,13.0141249,5.68663931,3.40215564,0.654221714
11001,1,1.32470012,3.80800009,6.49499989,8,3.56800008,48.6399994,-52.1999969,0.018744003,0.0947750062,0.0943950042,-47.8799973,4745.2002,5,-6,7.3529644,1.0764724,2.83653212,0.573326647
11001,1,1.32470012,3.80800009,6.49499989,8,3.37200022,-70.5599976,-57.9599991,0.0162240006,0.0947750062,0.0943950042,-45,2594.1001,0,0,4.12506104,1.69348395,2.27492738,0.0261083096
11001,1,1.32470012,3.80800009,6.49499989,8,3.37200022,-70.5599976,-57.9599991,0.0162240006,0.0918300077,0.0878400058,-20.9999962,4426.7002,-5,-6,3.68282557,1.19007063,2.31748605,0.0292114746
11001,1,0.692200005,4.84800005,6.24749994,8,0.252000004,-15.0399933,-41.0399971,0.0265840013,0.0946800113,0.0878400058,-20.9999962,4426.7002,0,0,9.48830032,2.30188489,2.87377429,0.718773425
11001,1,1.32470012,3.80800009,6.49499989,8,3.37200022,-70.5599976,-57.9599991,0.0162240006,0.0919250026,0.0943950042,-36.5999985,4745.2002,0,0,5.6819334,1.67168367,2.38126755,0.271497011
11001,1,1.32470012,3.80800009,6.49250031,8,3.18400025,-55.0400009,-54,0.0180720016,0.0518350005,0.0878400058,-20.9999962,2594.1001,4,-6,10.8262138,0.979267001,2.44617701,1.23346174
11001,1,1.07169998,4,7.72000027,8,3.37200022,-70.5599976,-57.9599991,0.0162240006,0.0918300077,0.0878400058,-20.9999962,4426.7002,-6,-6,7.31038618,1.25551736,2.3855629,0.611550987
11001,1,1.27410007,3.48000002,7.44999981,8,3.42400026,-55.0400009,-38.3400002,0.0157480016,0.0999050066,0.0718800053,-41.8799973,4916.7002,0,0,29.1792984,17.9969234,2.54706883,1.43921757
11001,1,0.496699989,3.90799999,6.53000021,8,2.67200017,74.7200165,69.6600037,0.0157480016,0.0947750062,0.0943950042,-59.6399994,4671.7002,0,0,15.1195087,8.29166412,3.99766827,0.471696109
11001,1,1.85830009,3.90799999,7.71749973,8,3.18400025,-55.0400009,-54,0.0180720016,0.0518350005,0.0278949998,-36.5999985,4745.2002,0,0,17.2357903,11.4235067,4.00634766,0.30098933
11001,1,0.496699989,3.90799999,6.60500002,8,0.972000062,-70.5599976,-57.9599991,0.0160280019,0.0947750062,0.0878400058,-20.9999962,4426.7002,0,0,4.86811638,2.07670331,2.52275348,0.0447766595
11001,1,0.496699989,3.90799999,7.74499989,8,3.37200022,-70.5599976,-57.9599991,0.0162240006,0.0918300077,0.0949650034,25.0800095,3079.2002,0,0,12.8770161,6.90697002,3.25351286,0.452755392
11001,1,1.32470012,3.80800009,6.46750021,8,3.42400026,-55.0400009,-52.1999969,0.018744003,0.0999050066,0.0718800053,-59.6399994,4671.7002,0,0,9.36911297,5.35567474,2.53117371,0.247044101
11001,1,0.961300015,2.20799994,7.36750031,8,1.07200003,74.7200165,69.6600037,0.0157480016,0.0947750062,0.0943950042,15.3600006,3779.90015,0,0,52.1619873,3.95229125,2.53981066,7.61164808
11001,1,1.07169998,4,6.53000021,8,2.72000003,-52.3199997,88.0200043,0.00522000017,0.0825200081,0.0867950097,42.1200027,4941.2002,0,0,23.1660576,1.76403749,2.08788705,3.21902227
11001,1,1.47650003,3.43200016,7.78499985,8,0.716000021,-18.3999977,-16.1999969,0.0185480006,0.0918300077,0.0878400058,-12.5999985,4745.2002,0,0,43.6786537,21.7837925,4.36880112,2.92101026
11001,1,1.26030004,3.90799999,6.60500002,8,1.07200003,74.7200165,69.6600037,0.0157480016,0.0947750062,0.0949650034,24.1200027,4745.2002,5,-6,5.32152081,1.0413239,2.55489516,0.28755033
11001,1,1.6421001,3.48000002,5.57250023,8,3.56800008,58.7200012,69.6600037,0.0157480016,0.0947750062,0.0962950066,42.1200027,4916.7002,0,0,6.20859432,1.6859988,2.36189723,0.360116452
11001,1,0.496699989,3.90799999,6.53000021,8,2.67200017,74.7200165,69.6600037,0.0157480016,0.0947750062,0.0876500085,57.6000061,4671.7002,5,-5,6.47777843,1.30886269,2.4977951,0.445186764
11001,1,0.496699989,3.90799999,6.53000021,8,2.67200017,74.7200165,69.6600037,0.0157480016,0.0947750062,0.0943950042,-41.8799973,4916.7002,0,0,16.2466316,3.41199088,2.89390826,1.65678883
11001,1,1.32470012,3.80800009,6.49499989,8,3.37200022,-70.5599976,-57.9599991,0.0162240006,0.0947750062,0.0943000093,42.1200027,4941.2002,0,0,13.3674736,8.48527813,4.35917997,0.0871693343
11001,1,0.961300015,2.20799994,7.36750031,8,1.12,-52.3199997,88.0200043,0.00522000017,0.0825200081,0.0867950097,42.1200027,4524.7002,0,0,8.65774822,1.75169396,2.08791351,0.803023458
11001,1,1.07860005,3.54400015,7.78000021,8,2.67200017,74.7200165,69.6600037,0.0157480016,0.0947750062,0.0943950042,15.3600006,3779.90015,0,0,20.3906441,2.28713417,2.53473473,2.59479594
11001,1,1.07169998,4,6.61750031,8,1.12,-52.3199997,88.0200043,0.00522000017,0.0825200081,0.0848950073,-36.5999985,4745.2002,0,0,41.1415558,1.82213533,2.46489716,6.14242029
11001,1,1.6421001,3.48000002,5.57250023,8,3.56800008,58.7200012,69.6600037,0.0157480016,0.0947750062,0.0962950066,42.1200027,4916.7002,0,0,6.20859432,1.6859988,2.36189723,0.360116452
11001,1,1.32470012,3.80800009,6.49499989,8,3.37200022,-70.5599976,-57.9599991,0.0162240006,0.0918300077,0.0878400058,-20.9999962,4745.2002,-5,-6,3.44697618,1.02862787,2.36955357,0.00813245121
11001,1,0.692200005,4.84800005,6.24749994,8,0.252000004,-15.0399933,-41.0399971,0.0265840013,0.0946800113,0.0878400058,-20.9999962,4426.7002,0,0,9.48830032,2.30188489,2.87377429,0.718773425
11001,1,1.32470012,3.80800009,6.36749983,8,1.12,-52.3199997,88.0200043,0.00522000017,0.0825200081,0.0867950097,24.1200027,4745.2002,0,0,31.8033028,1.77780747,2.08807874,4.65623617
11001,1,0.961300015,2.20799994,7.49499989,8,3.37200022,-70.5599976,-57.9599991,0.0162240006,0.0918300077,0.0878400058,-20.9999962,4426.7002,0,0,78.5103531,11.8290548,2.42193031,10.7098951
11001,1,1.62830019,3.90799999,6.60500002,8,1.07200003,74.7200165,69.6600037,0.0157480016,0.0918300077,0.0878400058,-20.9999962,2564.7002,5,-6,12.7840815,1.43994808,2.62723255,1.45281684
11001,1,1.07169998,4.26399994,7.44999981,8,3.42400026,-55.0400009,-38.3400002,0.0157480016,0.0947750062,0.0949650034,35.4000015,4745.2002,0,0,17.3240051,12.7517748,4.12591887,0.0743853375
11001,1,0.975099981,3.48000002,7.36750031,8,1.12,-52.3199997,88.0200043,0.00522000017,0.0947750062,0.0943950042,-47.8799973,4745.2002,4,4,21.5602093,0.976013362,1.77731466,3.13448024
11001,1,0.961300015,2.20799994,7.44999981,8,3.42400026,-55.0400009,-38.3400002,0.0157480016,0.0999050066,0.0718800053,-59.6399994,4671.7002,0,0,33.6989594,5.72454786,3.19206309,4.13039112
11001,1,1.48340011,3.5999999,7.71749973,8,3.18400025,74.5599976,-41.0399971,0.0265840013,0.0946800113,0.0878400058,-20.9999962,4426.7002,0,0,38.9033203,9.96127605,3.02877665,4.3188777
11001,1,0.692200005,4.84800005,6.24749994,8,0.252000004,-14.8799973,69.6600037,0.0157480016,0.0947750062,0.0949650034,35.4000015,4745.2002,5,-6,12.9695377,1.48552167,2.67928553,1.46745527
11001,1,1.32470012,3.90799999,7.71749973,8,3.42400026,-55.0400009,-52.1999969,0.018744003,0.0999050066,0.0718800053,-59.4000015,4745.2002,0,0,13.3847065,6.66101456,2.63523698,0.681409299
11001,1,0.496699989,3.80800009,6.46750021,8,3.42400026,-55.0400009,-52.1999969,0.018744003,0.0999050066,0.0718800053,-59.6399994,4671.7002,0,0,9.39984989,5.40509939,2.5099504,0.247466743
11001,1,0.692200005,4.80000019,6.53000021,8,2.72000003,-52.3199997,88.0200043,0.00522000017,0.0825200081,0.0867950097,42.1200027,4941.2002,0,0,51.9173279,1.77385116,2.08771324,8.00929451
11001,1,1.07169998,4.04800034,6.24749994,8,0.252000004,-15.0399933,-41.0399971,0.0265840013,0.0947750062,0.0943950042,-36.5999985,4426.7002,0,0,8.71144772,3.85609245,3.88288617,0.162078246
11001,1,0.692200005,3.88000011,5.57250023,8,3.56800008,48.6399994,-52.1999969,0.018744003,0.0999050066,0.0718800053,-59.6399994,2138.3999,5,-6,15.7584972,1.25944424,3.09937072,1.89994705
11001,1,1.32470012,4.84800005,6.24749994,8,0.252000004,-15.0399933,-41.0399971,0.0265840013,0.0946800113,0.0878400058,-20.9999962,4426.7002,0,0,10.6594906,2.26090193,2.9504621,0.908021152
11001,1,1.26030004,2.20799994,7.36750031,8,3.42400026,-55.0400009,-52.1999969,0.018744003,0.0999050066,0.0718800053,-59.6399994,4671.7002,-6,-6,34.0380936,1.27887154,2.41233444,5.0578146
11001,1,1.32470012,3.80800009,6.46750021,8,1.12,-52.3199997,88.0200043,0.00522000017,0.0825200081,0.0867950097,42.1200027,4941.2002,0,0,19.3114319,1.76189208,2.08788967,2.57694173
11001,1,1.6421001,3.48000002,5.60500002,8,1.07200003,74.7200165,69.6600037,0.0157480016,0.0947750062,0.0949650034,42.1200027,4941.2002,0,0,7.11094332,1.67946947,2.46216917,0.494884074
11001,1,1.62830019,3.90799999,6.57250023,8,3.56800008,58.7200012,69.6600037,0.0157480016,0.0947750062,0.0962950066,42.1200027,4916.7002,0,0,4.27525806,1.68028808,2.34349179,0.0419130772
11001,1,0.496699989,3.90799999,6.53000021,8,2.66400003,74.7200165,69.6600037,0.0157480016,0.0947750062,0.0949650034,24.1200027,4745.2002,5,-6,5.09506989,1.06905544,2.47879767,0.257869512
11001,1,1.32470012,3.80800009,6.49499989,8,3.3920002,74.7200165,69.6600037,0.0157480016,0.0947750062,0.0876500085,57.6000061,4671.7002,5,-5,5.52675724,1.3072902,2.52620482,0.28221041
11001,1,1.18669999,3.90799999,6.53000021,8,2.67200017,74.7200165,69.6600037,0.0157480016,0.0947750062,0.0943950042,-59.6399994,4671.7002,0,0,15.128624,8.6816473,3.93708181,0.418315828
11001,1,0.584100008,3.40799999,6.49499989,8,3.37200022,-70.5599976,-57.9599991,0.0162240006,0.0947750062,0.0943950042,-45,2594.1001,0,0,8.36580563,1.79127085,2.27693152,0.716267169
11001,1,1.27410007,3.40799999,6.49499989,8,3.37200022,-70.5599976,-57.9599991,0.0162240006,0.0947750062,0.0943950042,-45,4745.2002,5,-6,11.0022364,1.19653094,2.39700007,1.23478413
11001,1,1.26030004,3.90799999,6.60500002,8,1.07200003,74.7200165,69.6600037,0.0157480016,0.0947750062,0.0949650034,24.1200027,2594.1001,5,-6,4.89192295,1.25861895,2.37257934,0.210120842
11001,1,1.32470012,3.80800009,6.49499989,8,3.37200022,-70.5599976,-57.9599991,0.0162240006,0.0918300077,0.0878400058,-20.9999962,4426.7002,-5,-6,3.68282557,1.19007063,2.31748605,0.0292114746
11001,1,1.32470012,3.80800009,6.49499989,8,3.37200022,-70.5599976,-57.9599991,0.0162240006,0.0918300077,0.0878400058,-20.9999962,4426.7002,-5,-6,3.68282557,1.19007063,2.31748605,0.0292114746
11001,1,1.62830019,3.90799999,6.60500002,8,1.07200003,74.7200165,69.6600037,0.0157480016,0.0947750062,0.0949650034,27,4426.7002,5,-6,5.35964584,1.34155083,3.16479826,0.142216116
11001,1,0.496699989,3.90799999,6.60500002,8,1.07200003,74.7200165,69.6600037,0.0157480016,0.0947750062,0.0949650034,35.4000015,4745.2002,5,-5,4.40872765,1.25078321,2.47867393,0.113211744
11001,1,1.26030004,3.90799999,6.60500002,8,1.07200003,74.7200165,69.6600037,0.0157480016,0.0947750062,0.0949650034,24.1200027,4745.2002,5,-6,5.32152081,1.0413239,2.55489516,0.28755033
11001,1,0.496699989,3.90799999,6.53000021,8,2.67200017,74.7200165,69.6600037,0.0157480016,0.0947750062,0.0949650034,25.0800095,3079.2002,5,-6,3.80995417,1.09907925,2.37279391,0.0563468337
11001,1,0.961300015,2.20799994,7.36750031,8,1.12,-52.3199997,88.0200043,0.00522000017,0.0825200081,0.0867950097,42.1200027,4524.7002,0,0,8.65774822,1.75169396,2.08791351,0.803023458
11001,1,0.496699989,3.90799999,6.60500002,8,0.972000062,-70.5599976,-57.9599991,0.0160280019,0.0947750062,0.0878400058,-20.6399994,4426.7002,0,0,4.89140797,2.06843901,2.5403688,0.0471000336
11001,1,1.07169998,4,7.71749973,8,3.18400025,74.7200165,69.6600037,0.0159440003,0.0918300077,0.0878400058,-20.9999962,4426.7002,0,0,8.90251255,4.68538046,2.62960958,0.264587075
11001,1,1.07169998,4,7.71749973,8,3.18400025,74.7200165,69.6600037,0.0157480016,0.0947750062,0.0943000093,42.1200027,4916.7002,0,0,6.98737526,1.7001332,2.29843378,0.498134732
11001,1,1.27410007,3.48000002,7.44999981,8,3.42400026,-55.0400009,-38.3400002,0.0157480016,0.0999050066,0.0718800053,-59.6399994,4671.7002,0,0,8.07189846,2.04230881,2.67827535,0.558552444
11001,1,1.07169998,4,7.71749973,8,3.18400025,74.7200165,69.6600037,0.0157480016,0.0947750062,0.0943000093,42.1200027,4916.7002,0,0,6.98737526,1.7001332,2.29843378,0.498134732
11001,1,0.961300015,2.20799994,7.36750031,8,1.12,-52.3199997,88.0200043,0.00522000017,0.0825200081,0.0867950097,24.6000061,2594.1001,0,0,10.9337387,1.7714951,2.08811903,1.17902064
11001,1,1.32470012,3.80800009,6.49499989,8,3.37200022,-70.5599976,-57.9599991,0.0162240006,0.0947750062,0.0943950042,-45.4799995,4745.2002,0,0,5.78257799,1.69122374,2.323071,0.294713855
11001,1,1.62830019,3.90799999,6.60500002,8,1.07200003,74.7200165,69.6600037,0.0157480016,0.0947750062,0.0946800113,-59.6399994,4671.7002,0,0,15.7756824,9.2974472,4.56552553,0.318785042
11001,1,1.27410007,3.48000002,7.44999981,8,3.42400026,-55.0400009,-38.3400002,0.0157480016,0.0999050066,0.0721650049,35.4000015,4745.2002,0,0,29.3024788,20.7404861,3.88207006,0.779987097
11001,1,1.07860005,3.54400015,7.86750031,8,1.12,-51.8399963,-54,0.0180720016,0.0518350005,0.0878400058,-20.9999962,2594.1001,0,0,24.2259121,11.9899826,2.57555032,1.61006331
11001,1,1.32470012,3.80800009,6.49250031,8,3.18400025,-55.5199966,69.6600037,0.0157480016,0.0947750062,0.0876500085,57.6000061,4671.7002,0,0,8.09814739,4.60619974,2.56151795,0.155071557
11001,1,1.62830019,3.90799999,6.60500002,8,1.07200003,74.7200165,69.6600037,0.0157480016,0.0947750062,0.0949650034,25.0800095,3079.2002,5,-6,3.96334457,1.0909462,2.39886713,0.0789218619
11001,1,1.27410007,3.48000002,5.57250023,8,3.37200022,-70.5599976,-57.9599991,0.0160280019,0.0947750062,0.0949650034,35.4000015,4745.2002,0,0,14.8467045,7.53897333,4.53630114,0.461904943
11001,1,0.692200005,4.84800005,6.24749994,8,0.252000004,-15.0399933,-41.0399971,0.0265840013,0.0947750062,0.0943950042,-36.5999985,4426.7002,-5,-5,6.96013641,0.987933099,2.59499097,0.562868714
11001,1,0.692200005,4.84800005,6.24749994,8,0.252000004,-15.0399933,-41.0399971,0.0265840013,0.0946800113,0.0878400058,-20.9999962,4426.7002,0,0,9.48830032,2.30188489,2.87377429,0.718773425
11001,1,1.07169998,4,7.74250031,8,2.97200012,-70.5599976,-57.9599991,0.0162240006,0.0918300077,0.0949650034,25.0800095,3079.2002,0,0,12.2261677,6.64908409,3.24851394,0.388094991
11001,1,1.32470012,3.80800009,6.47000027,8,3.37200022,-70.5599976,-57.9599991,0.0162240006,0.0918300077,0.0878400058,-20.9999962,4426.7002,-5,-6,3.71547174,1.18777394,2.31892157,0.0347960554
11001,1,1.6421001,3.48000002,5.57250023,8,3.58400011,-55.0400009,-38.3400002,0.0157480016,0.0999050066,0.0718800053,-59.6399994,4671.7002,0,0,11.2492161,1.97123766,2.73757887,1.09006667
11001,1,1.07169998,4,7.69999981,8,3.40800023,58.7200012,69.6600037,0.0157480016,0.0947750062,0.0962950066,42.1200027,4916.7002,0,0,7.69970942,1.68308008,2.43510246,0.596921146
11001,1,1.32470012,3.80800009,6.49499989,8,3.37200022,-70.5599976,-57.9599991,0.0162240006,0.0947750062,0.0949650034,24.1200027,4745.2002,0,0,12.134038,8.8975668,2.86680317,0.0616113804
11001,1,1.32470012,3.80800009,6.49499989,8,3.38400006,74.7200165,69.6600037,0.0157480016,0.0947750062,0.0943950042,-45,2594.1001,0,0,18.2222252,3.28893828,3.58315778,1.89168811
11001,1,0.977400064,3.86400008,7.44999981,8,3.42400026,-55.0400009,-38.3400002,0.0152720017,0.0518350005,0.028464999,35.4000015,4745.2002,0,0,22.5919151,13.2325954,3.62499952,0.955719769
11001,1,0.496699989,3.90799999,6.53000021,8,2.67200017,74.7200165,69.6600037,0.0157480016,0.0947750062,0.0876500085,57.6000061,4671.7002,5,-5,6.47777843,1.30886269,2.4977951,0.445186764
11001,1,0.496699989,3.90799999,6.60500002,8,1.07200003,74.7200165,69.6600037,0.0157480016,0.0951550081,0.0718800053,-59.6399994,4671.7002,0,0,19.9792805,11.6143789,4.11861849,0.707713783
11001,1,1.27410007,3.48000002,7.44999981,8,3.42400026,-55.0400009,-38.3400002,0.0157480016,0.0995250046,0.0949650034,27,4426.7002,0,0,31.17342,20.3172283,5.1461668,0.951670468
11001,1,1.62830019,3.90799999,6.60500002,8,1.07200003,74.7200165,69.6600037,0.0157480016,0.0947750062,0.0949650034,35.4000015,4745.2002,5,-5,4.37557602,1.24527061,2.49272966,0.106262639
11001,1,1.27410007,3.40799999,6.49499989,8,3.37200022,-70.5599976,-57.9599991,0.0162240006,0.0947750062,0.0943950042,-45,2594.1001,0,0,8.27374458,1.80661547,2.28419971,0.69715482
11001,1,1.07169998,4,7.71749973,8,3.17200017,-70.5599976,-57.9599991,0.0162240006,0.0918300077,0.0878400058,-20.9999962,4745.2002,-5,-6,8.06303978,1.01188326,2.36967373,0.780247152
11001,1,1.32470012,3.80800009,6.49499989,8,3.38400006,74.7200165,69.6600037,0.0159440003,0.0918300077,0.0878400058,-20.9999962,4426.7002,0,0,7.07884073,3.86938262,2.63862371,0.0951390564
11001,1,1.26030004,3.90799999,6.60500002,8,1.07200003,74.7200165,69.6600037,0.0157480016,0.0947750062,0.0867950097,42.1200027,4916.7002,0,0,4.49184942,1.88590205,2.23943615,0.0610852204
11001,1,0.496699989,3.90799999,6.53000021,8,2.67200017,74.7200165,88.0200043,0.00522000017,0.0825200081,0.0949650034,24.1200027,4745.2002,0,0,299.629517,1.78611732,2.09413171,49.2915421
11001,1,1.07169998,4,7.71749973,8,3.18400025,74.7200165,69.6600037,0.0157480016,0.0947750062,0.0943000093,42.1200027,4916.7002,0,0,6.98737526,1.7001332,2.29843378,0.498134732
11001,1,1.32470012,3.80800009,6.49499989,8,3.37200022,-70.5599976,-57.9599991,0.0162240006,0.0918300077,0.0878400058,-20.9999962,4745.2002,-5,-6,3.44697618,1.02862787,2.36955357,0.00813245121
11001,1,1.07169998,4,7.71749973,8,3.17200017,-70.5599976,-57.9599991,0.0162240006,0.0918300077,0.0878400058,-20.9999962,4745.2002,-5,-6,8.06304169,1.01188326,2.36967373,0.780247331
11001,1,1.26030004,3.90799999,6.60500002,8,1.07200003,74.7200165,69.6600037,0.0157480016,0.0947750062,0.0949650034,24.1200027,4745.2002,5,-6,5.32152081,1.0413239,2.55489516,0.28755033
11001,1,1.6421001,3.48000002,5.60500002,8,1.07200003,74.7200165,69.6600037,0.0157480016,0.0947750062,0.0949650034,42.1200027,4941.2002,0,0,7.11094332,1.67946947,2.46216917,0.494884074
11001,1,1.26030004,3.90799999,6.60500002,8,1.07200003,74.7200165,69.6600037,0.0157480016,0.0947750062,0.0962950066,42.1200027,4916.7002,0,0,4.61724186,1.66309893,2.26603055,0.114685349
11001,1,1.62830019,3.90799999,6.57250023,8,3.56800008,58.7200012,69.6600037,0.0157480016,0.0947750062,0.0867950097,42.1200027,4916.7002,0,0,4.4464283,1.92741823,2.16476536,0.0590408258
11001,1,1.27410007,3.48000002,7.44999981,8,3.42400026,-55.0400009,-38.3400002,0.0157480016,0.0918300077,0.0878400058,-20.9999962,4745.2002,0,0,20.6354752,7.73153448,2.76862669,1.68921876
11001,1,1.32470012,3.80800009,6.49499989,8,3.37200022,-70.5599976,-57.9599991,0.0162240006,0.0999050066,0.0718800053,-59.6399994,4671.7002,0,0,8.96944046,1.77549553,2.90938401,0.714093566
11001,1,1.32470012,3.80800009,6.49499989,8,3.37200022,-70.5599976,-57.9599991,0.0162240006,0.0947750062,0.0943950042,-20.9999962,4426.7002,-6,-6,4.43464184,1.27957034,2.40570402,0.124894626
11001,1,0.692200005,4.84800005,6.24749994,8,0.252000004,-15.0399933,-41.0399971,0.0265840013,0.0946800113,0.0878400058,-45.4799995,4745.2002,0,0,7.4828434,2.52559304,3.18308163,0.295694828
11001,1,1.07169998,4.26399994,7.47000027,8,3.3920002,74.7200165,69.6600037,0.0157480016,0.0947750062,0.0876500085,57.6000061,4671.7002,5,-5,5.70752907,1.30373335,2.51122284,0.315428853
11001,1,1.32470012,3.80800009,6.4749999,8,3.42400026,-55.0400009,-38.3400002,0.0157480016,0.0947750062,0.0949650034,35.4000015,4745.2002,0,0,17.3266945,12.7722158,4.30534744,0.0415218435
11001,1,1.07169998,4,7.72000027,8,3.38400006,74.7200165,69.6600037,0.0157480016,0.0947750062,0.0943950042,-45,2594.1001,0,0,20.2781487,15.7049589,3.73797512,0.139202133
11001,1,1.32470012,3.80800009,6.4749999,8,3.40800023,58.7200012,69.6600037,0.0157480016,0.0947750062,0.0962950066,42.1200027,4916.7002,0,0,4.23885059,1.67990136,2.33329821,0.0376085043
11001,1,1.32470012,3.80800009,6.49499989,8,3.37200022,-69.2799988,69.6600037,0.0157480016,0.0947750062,0.0949650034,25.0800095,3079.2002,0,0,7.1349535,1.74017167,2.24704194,0.524623334
11001,1,0.496699989,3.90799999,6.53000021,8,2.67200017,73.4400024,-57.9599991,0.0162240006,0.0918300077,0.0878400058,-20.9999962,4745.2002,0,0,4.76973534,2.05703235,2.47726297,0.0392400138
11001,1,1.32470012,3.80800009,6.49499989,8,3.37200022,-70.5599976,-57.9599991,0.0162240006,0.0918300077,0.0878400058,-20.9999962,4426.7002,-5,-6,3.68282557,1.19007063,2.31748605,0.0292114746
11001,1,1.07169998,4,7.71749973,8,3.18400025,74.7200165,69.6600037,0.0157480016,0.0947750062,0.0943000093,42.1200027,4916.7002,0,0,6.98737526,1.7001332,2.29843378,0.498134732
11001,1,1.26030004,3.90799999,6.60500002,8,1.07200003,74.7200165,69.6600037,0.0157480016,0.0947750062,0.0949650034,25.0800095,3079.2002,5,-6,3.87512159,1.08993161,2.39027262,0.0658195615
11001,1,1.62830019,3.90799999,6.60500002,8,1.07200003,74.7200165,69.6600037,0.0157480016,0.0947750062,0.0949650034,24.1200027,4745.2002,5,-6,5.10974693,1.03772247,2.57668233,0.249223754
11001,1,1.32470012,3.80800009,6.49499989,8,3.37200022,-70.5599976,-57.9599991,0.0162240006,0.0947750062,0.0949650034,35.4000015,4745.2002,0,0,14.6461258,9.19663906,5.1332407,0.052707687
11001,1,0.496699989,3.90799999,6.60500002,8,1.07200003,74.7200165,69.6600037,0.0157480016,0.0918300077,0.0878400058,-20.9999962,4745.2002,0,0,5.98200417,1.89362788,2.67281032,0.235927686
11001,1,1.07169998,4.04800034,6.24749994,8,0.252000004,-14.5599976,-57.9599991,0.0162240006,0.0918300077,0.0878400058,-20.9999962,4745.2002,5,-6,4.37198544,1.02159214,2.36101246,0.164896756
11001,1,1.07169998,4,7.71749973,8,3.17200017,-71.0400009,-41.0399971,0.0265840013,0.0947750062,0.0943950042,-36.5999985,4426.7002,0,0,33.4981842,10.5602674,2.63977289,3.3830235
11001,1,1.32470012,3.80800009,6.49499989,8,3.37200022,-70.5599976,-57.9599991,0.0162240006,0.0918300077,0.0878400058,-20.9999962,4426.7002,-5,-6,3.68282557,1.19007063,2.31748605,0.0292114746
11001,1,1.32470012,3.80800009,6.49499989,8,3.38400006,74.7200165,69.6600037,0.0159440003,0.0918300077,0.0878400058,-20.9999962,4426.7002,0,0,7.07884073,3.86938262,2.63862371,0.0951390564
11001,1,0.692200005,4.04800034,6.24749994,8,0.252000004,-15.0399933,-41.0399971,0.0265840013,0.0947750062,0.0943950042,-36.5999985,4426.7002,0,0,8.845438,3.86166501,3.77018452,0.202264696
11001,1,1.07169998,4.84800005,6.24749994,8,0.252000004,-15.0399933,-41.0399971,0.0265840013,0.0947750062,0.0943950042,-36.5999985,4426.7002,-5,-5,7.66646051,0.96999073,2.65306473,0.673900843
11001,1,1.32470012,3.80800009,6.49250031,8,3.18400025,-55.5199966,88.0200043,0.00522000017,0.0825200081,0.0867950097,42.1200027,4941.2002,0,0,17.8147621,1.76987946,2.08778834,2.32618237
11001,1,0.692200005,4.80000019,6.53000021,8,2.72000003,-52.3199997,69.6600037,0.0157480016,0.0947750062,0.0876500085,57.6000061,4671.7002,0,0,22.0976124,1.95015955,2.68828082,2.90986228
11001,1,1.32470012,3.80800009,6.49499989,8,3.37200022,-70.5599976,-57.9599991,0.0162240006,0.0947750062,0.0943950042,-45.4799995,4745.2002,0,0,5.78257799,1.69122374,2.323071,0.294713855
11001,1,1.32470012,3.80800009,6.49499989,8,3.37200022,-70.5599976,-57.9599991,0.0162240006,0.0918300077,0.0878400058,-20.9999962,4426.7002,-5,-6,3.68282557,1.19007063,2.31748605,0.0292114746
11001,1,1.6421001,3.48000002,5.57250023,8,3.58400011,-55.0400009,-38.3400002,0.0157480016,0.0999050066,0.0718800053,-59.6399994,4671.7002,0,0,11.2492161,1.97123766,2.73757887,1.09006667
11001,1,1.07169998,4,7.71749973,8,3.18400025,74.7200165,69.6600037,0.0157480016,0.0947750062,0.0943000093,42.1200027,4916.7002,0,0,6.98737526,1.7001332,2.29843378,0.498134732
11001,1,0.977400064,3.86400008,7.44999981,8,3.42400026,-55.0400009,-38.3400002,0.0152720017,0.0518350005,0.028464999,35.4000015,4745.2002,0,0,22.5919151,13.2325954,3.62499952,0.955719769
11001,1,1.07169998,4,7.71749973,8,3.18400025,74.7200165,69.6600037,0.0157480016,0.0947750062,0.0943000093,42.1200027,4916.7002,0,0,6.98737526,1.7001332,2.29843378,0.498134732
11001,1,1.07169998,4,7.71749973,8,3.18400025,74.7200165,69.6600037,0.0159440003,0.0918300077,0.0878400058,-20.9999962,4426.7002,0,0,8.90251255,4.68538046,2.62960958,0.264587075
11001,1,1.27410007,3.48000002,7.44999981,8,3.42400026,-55.0400009,-38.3400002,0.0157480016,0.0999050066,0.0718800053,-59.6399994,4671.7002,0,0,8.07189846,2.04230881,2.67827535,0.558552444
11001,1,1.32470012,3.80800009,6.49499989,8,3.37200022,-70.5599976,-57.9599991,0.0162240006,0.0947750062,0.0949650034,24.1200027,4745.2002,0,0,12.134038,8.8975668,2.86680317,0.0616113804
11001,1,1.26030004,3.90799999,6.60500002,8,1.07200003,74.7200165,69.6600037,0.0157480016,0.0918300077,0.0878400058,-20.9999962,4426.7002,5,-6,5.305439,1.4444716,2.87624454,0.16412051
11001,1,1.62830019,3.90799999,6.57250023,8,3.37200022,-70.5599976,-57.9599991,0.0162240006,0.0947750062,0.0943950042,-45,4745.2002,5,-6,4.93661118,1.32921493,2.4012177,0.201029763
11001,1,1.27410007,3.40799999,6.49499989,8,3.56800008,58.7200012,69.6600037,0.0157480016,0.0947750062,0.0962950066,42.1200027,4916.7002,0,0,7.54536629,1.68977964,2.2867043,0.594813704
11001,1,0.496699989,3.90799999,6.53000021,8,2.67200017,74.7200165,69.6600037,0.0157480016,0.0947750062,0.0878400058,-20.9999962,4426.7002,5,-6,8.64143085,1.14754498,2.34908319,0.857467175
11001,1,1.07169998,4,7.71749973,8,3.18400025,74.7200165,69.6600037,0.0159440003,0.0918300077,0.0876500085,57.6000061,4671.7002,0,0,9.27453995,4.93627787,2.52678943,0.30191204
11001,1,1.32470012,3.80800009,6.49499989,8,3.37200022,-70.5599976,-57.9599991,0.0162240006,0.0918300077,0.0878400058,-20.9999962,4745.2002,-5,-6,3.44697618,1.02862787,2.36955357,0.00813245121
11001,1,1.07169998,4,7.71749973,8,3.17200017,-70.5599976,-57.9599991,0.0162240006,0.0918300077,0.0878400058,-20.9999962,4426.7002,-6,-6,7.29321575,1.25548661,2.38556314,0.608694315
11001,1,1.27410007,3.40799999,6.49499989,8,3.37200022,-70.5599976,-57.9599991,0.0162240006,0.0947750062,0.0943950042,-45,2594.1001,0,0,8.27374458,1.80661547,2.28419971,0.69715482
11001,1,1.32470012,3.80800009,6.49499989,8,3.38400006,74.7200165,69.6600037,0.0159440003,0.0918300077,0.0878400058,-20.9999962,4426.7002,0,0,7.07884073,3.86938262,2.63862371,0.0951390564
11001,1,1.62830019,3.90799999,6.60500002,8,1.07200003,74.7200165,69.6600037,0.0157480016,0.0947750062,0.0949650034,25.0800095,3079.2002,5,-6,3.96334457,1.0909462,2.39886713,0.0789218619
11001,1,1.62830019,3.90799999,6.60500002,8,1.07200003,74.7200165,69.6600037,0.0157480016,0.0947750062,0.0949650034,27,4426.7002,5,-6,5.35964584,1.34155083,3.16479826,0.142216116
11001,1,1.07169998,4.04800034,6.24749994,8,0.272000015,74.7200165,69.6600037,0.0157480016,0.0947750062,0.0867950097,42.1200027,4916.7002,0,0,7.09197998,1.73595452,2.28967071,0.511059046
11001,1,1.26030004,3.90799999,6.60500002,8,1.05200005,-15.0399933,-41.0399971,0.0265840013,0.0947750062,0.0943950042,-36.5999985,4426.7002,0,0,15.0699425,5.27272415,4.35582972,0.906898201
11001,1,1.26030004,3.90799999,6.60500002,8,1.07200003,74.7200165,69.6600037,0.0157480016,0.0947750062,0.0867950097,42.1200027,4916.7002,0,0,4.49184942,1.88590205,2.23943615,0.0610852204
11001,1,0.496699989,3.90799999,6.60500002,8,1.07200003,74.7200165,69.6600037,0.0157480016,0.0947750062,0.0949650034,35.4000015,4745.2002,5,-5,4.40872765,1.25078321,2.47867393,0.113211744
11001,1,1.32470012,3.80800009,6.49499989,8,3.37200022,-70.5599976,-57.9599991,0.0162240006,0.0919250026,0.0943000093,42.1200027,4916.7002,0,0,16.1057472,10.2907686,4.58368015,0.205216423
11001,1,1.07169998,4,7.71749973,8,3.18400025,74.7200165,69.6600037,0.0157480016,0.0946800113,0.0878400058,-20.9999962,4745.2002,0,0,6.61471748,3.48447657,2.57393312,0.0927179679
11001,1,0.584100008,3.40799999,6.49499989,8,3.37200022,-70.5599976,-57.9599991,0.0162240006,0.0918300077,0.0878400058,-20.9999962,4426.7002,0,0,8.81788349,3.19868183,2.44222045,0.529496908
11001,1,1.32470012,3.80800009,6.49499989,8,3.37200022,-70.5599976,-57.9599991,0.0162240006,0.0947750062,0.0943950042,-45,2594.1001,0,0,4.12506104,1.69348395,2.27492738,0.0261083096
11001,1,1.27410007,3.40799999,6.49499989,8,3.37200022,-70.5599976,-57.9599991,0.0162240006,0.0947750062,0.0943950042,-45,4426.7002,5,-6,10.7340441,1.30141938,2.42122841,1.16856599
11001,1,1.32470012,3.80800009,6.47000027,8,3.37200022,-70.5599976,-57.9599991,0.0162240006,0.0918300077,0.0878400058,-20.9999962,4745.2002,-5,-6,3.43095779,1.031443,2.36967659,0.00497300876
11001,1,1.32470012,3.80800009,6.49499989,8,3.38400006,74.7200165,69.6600037,0.0157480016,0.0947750062,0.0949650034,35.4000015,4745.2002,5,-5,4.58801842,1.24348736,2.49619865,0.141388685
11001,1,1.27410007,3.48000002,5.57250023,8,3.37200022,-70.5599976,-57.9599991,0.0162240006,0.0918300077,0.0878400058,-20.9999962,4426.7002,-5,-6,6.49678278,1.18646395,2.37562704,0.489115328
11001,1,0.496699989,3.80800009,6.46750021,8,3.42400026,-55.0400009,-52.1999969,0.018744003,0.0999050066,0.0718800053,-59.6399994,4671.7002,0,0,9.39984989,5.40509939,2.5099504,0.247466743
11001,1,0.496699989,3.90799999,6.60500002,8,1.07200003,74.7200165,69.6600037,0.0157480016,0.0951550081,0.0718800053,-59.6399994,4671.7002,0,0,19.9792805,11.6143789,4.11861849,0.707713783
11001,1,1.32470012,3.80800009,6.47000027,8,3.37200022,-70.5599976,-57.9599991,0.0162240006,0.0918300077,0.0878400058,-20.9999962,4745.2002,-5,-6,3.43095779,1.031443,2.36967659,0.00497300876
11001,0,0,0,0,0,0,0,0,0,0,0,0,0,0,0,0,0,0,0
11001,0,0,0,0,0,0,0,0,0,0,0,0,0,0,0,0,0,0,0
11001,0,0,0,0,0,0,0,0,0,0,0,0,0,0,0,0,0,0,0
11001,0,0,0,0,0,0,0,0,0,0,0,0,0,0,0,0,0,0,0
11001,0,0,0,0,0,0,0,0,0,0,0,0,0,0,0,0,0,0,0
11001,0,0,0,0,0,0,0,0,0,0,0,0,0,0,0,0,0,0,0
11001,0,0,0,0,0,0,0,0,0,0,0,0,0,0,0,0,0,0,0
11001,0,0,0,0,0,0,0,0,0,0,0,0,0,0,0,0,0,0,0
11001,0,0,0,0,0,0,0,0,0,0,0,0,0,0,0,0,0,0,0
11001,0,0,0,0,0,0,0,0,0,0,0,0,0,0,0,0,0,0,0
11001,0,0,0,0,0,0,0,0,0,0,0,0,0,0,0,0,0,0,0
11001,0,0,0,0,0,0,0,0,0,0,0,0,0,0,0,0,0,0,0
11001,0,0,0,0,0,0,0,0,0,0,0,0,0,0,0,0,0,0,0
11001,0,0,0,0,0,0,0,0,0,0,0,0,0,0,0,0,0,0,0
11001,0,0,0,0,0,0,0,0,0,0,0,0,0,0,0,0,0,0,0
11001,0,0,0,0,0,0,0,0,0,0,0,0,0,0,0,0,0,0,0
11001,0,0,0,0,0,0,0,0,0,0,0,0,0,0,0,0,0,0,0
11001,0,0,0,0,0,0,0,0,0,0,0,0,0,0,0,0,0,0,0
11001,0,0,0,0,0,0,0,0,0,0,0,0,0,0,0,0,0,0,0
11001,0,0,0,0,0,0,0,0,0,0,0,0,0,0,0,0,0,0,0
11001,0,0,0,0,0,0,0,0,0,0,0,0,0,0,0,0,0,0,0
11001,0,0,0,0,0,0,0,0,0,0,0,0,0,0,0,0,0,0,0
