seed,recorded_evaluation,ie,delta,logNe,logT,logNp,As_pct,Az_deg,R_Rsun,FS_Rsun,H_Rsun,incl_deg,Bbase_G,shift_x,shift_y,Q_total,Qimg_6p77,Qimg_9p69,Qspec
22003,1,0.546999574,5.87061501,7.24349737,8,2.71181917,-64.3570404,61.2190552,0.0274350066,0.0261726342,0.0597274378,14.8428192,3479.37866,0,0,74.9894028,1.40213585,2.7536509,11.8056021
22003,1,1.15097082,2.58066463,5.55901337,8,3.66414905,35.4827194,-48.1897278,0.0031201127,0.0337721668,0.0566650368,26.4838715,4143.27734,0,0,44.6101265,4.29086208,2.75486541,6.26073313
22003,1,1.39659321,5.41993046,5.76952028,8,0.484914064,8.68200684,-61.8056335,0.0222956799,0.0532397963,0.0777507052,40.9887085,4506.396,0,0,173.436127,1.67713583,2.65238428,28.184433
22003,1,1.55174232,5.89791203,7.04873276,8,3.48020625,25.9631424,59.9033356,0.0136878649,0.0368840136,0.0352808163,32.1845169,3222.04419,0,0,102.473808,1.29465866,2.37197351,16.4678631
22003,1,2.25643921,2.67083263,6.70116425,8,0.971850455,66.3600006,18.6231384,0.0245587602,0.0691116825,0.0422505029,37.115181,2780.94165,0,0,44.991169,26.7720032,3.64852452,2.42844009
22003,1,1.2638073,3.39381146,6.45413733,8,1.84297681,13.4702454,27.1456375,0.0108996164,0.0403135195,0.0513676628,48.498436,3783.60791,0,0,24.8071728,7.15330362,3.24917293,2.40078282
22003,1,1.88906825,2.91631889,6.08921337,8,2.55941629,-75.0502777,65.1991882,0.0241910107,0.080135338,0.0525141768,-29.0392437,3917.15918,0,0,50.2851334,30.5749035,6.53858185,2.19527459
22003,1,1.15172207,3.47736406,6.51988077,8,3.18174577,-63.2820625,-30.3694153,0.0274542421,0.0169479735,0.0927137583,13.4342651,1298.10547,0,0,26.7788239,11.20473,3.05277634,2.08688617
22003,1,0.327615023,5.61221027,7.8926239,8,3.55568624,77.4833984,-77.8476715,0.0249460004,0.0908066109,0.0496761911,-15.1473503,3921.64771,-5,7,25.9815025,1.37392128,2.26526856,3.72371888
22003,1,1.36951292,4.22394133,5.99213266,8,3.01460075,-35.2526169,1.239151,0.0165370647,0.0890560001,0.0977103338,-33.5786171,1202.89941,0,0,72.4884338,2.28988719,2.46414351,11.2890682
22003,1,1.02976978,4.81347084,6.82737637,8,0.689219058,62.6208954,26.6995697,0.013741957,0.0457738005,0.0995051041,13.8893967,4852.29785,0,0,19.3336525,1.70995748,2.45139575,2.52871656
22003,1,1.08958697,3.50248885,5.72226858,8,0.0694860145,-49.4913826,37.3692093,0.0210883748,0.0814060569,0.0992028862,-28.3609409,2439.71875,0,0,37.9595222,1.95896459,2.28991604,5.61844015
22003,1,1.82069492,4.50653934,6.89776897,8,1.12237406,-14.7514191,14.6701736,0.0110834185,0.043192856,0.0377539508,-28.7623291,718.007812,0,0,708.308167,1.73956335,2.13527894,117.405556
22003,1,1.63274026,4.00337982,5.71635866,8,1.22774398,62.8251801,-39.6673698,0.0162483435,0.0602726564,0.0691366941,39.6659927,1566.99927,-3,-3,129.062531,0.889345586,1.66560233,21.0845985
22003,1,2.17237496,4.89099503,6.70140266,8,0.420847684,-19.7701302,22.4001923,0.00981246214,0.0610681847,0.0835825726,-56.5133553,1105.51172,0,0,3084.61865,1.78615987,2.82370901,513.334778
22003,1,1.19569933,3.41605568,7.08513689,8,3.67574239,-7.30836487,3.76091766,0.0208459459,0.0768243298,0.0854414776,-9.54481506,3659.44067,0,0,40.226944,31.9808273,5.50452614,0.456931233
22003,1,0.602152586,5.45204258,6.48491907,8,2.96153665,42.3806686,-30.8045387,0.0190471895,0.00786291808,0.0197900217,-45.2593079,3442.7251,-4,4,292.853668,1.21967733,1.52447712,48.3515892
22003,1,1.82504749,4.85205746,6.88631916,8,1.80831051,-75.4037704,40.3515472,0.0283776969,0.0214171894,0.0687107816,-43.5126534,3469.03833,0,0,293.194031,1.58814645,2.4292233,48.1961098
22003,1,1.33635128,3.1525979,5.68245459,8,1.13373351,71.5675049,-47.6628571,0.0242591016,0.0114042517,0.0710267648,-16.5840797,4800.2168,0,0,16.5830593,9.66003227,2.88876557,0.672376931
22003,1,1.74998856,2.78131819,6.48240662,8,0.574402213,-79.3528976,-17.2976685,0.0290177949,0.0558456704,0.0966393575,-34.1604614,4409.82422,0,0,105.864212,63.4949188,5.84197855,6.08788586
22003,1,0.27388522,3.48555064,5.58120489,8,0.990564287,10.8225327,-71.2924805,0.0131240347,0.0875415951,0.0622290447,-33.816906,998.728088,0,0,47.3941422,1.73539877,3.06935811,7.09823132
22003,1,0.702393711,5.2365799,5.80513334,8,2.30721569,41.4329834,30.6670074,0.00726189092,0.0514646135,0.081270501,-58.9165039,3772.65454,0,0,150.81279,1.52803874,2.40048385,24.480711
22003,1,1.08323371,3.25717402,6.65886641,8,2.30956769,-12.2816315,18.0040131,0.00491532404,0.0387196392,0.0227987207,-3.32131958,2614.7688,0,0,58.52565,4.79901075,3.56337285,8.3605442
22003,1,0.33120507,5.2266922,5.77087021,8,2.09188771,-31.0078773,-65.2487564,0.00779830012,0.0823546201,0.0592700653,-32.9214592,1905.84424,5,-6,143.486206,1.33319688,2.46749473,23.2809181
22003,1,0.877152085,2.76354098,7.30408716,8,2.44829655,29.8930969,-67.0310059,0.00703749713,0.041044753,0.0968006253,39.4085999,2752.7207,0,0,34.6272202,29.6614952,3.07823586,0.314581722
22003,1,0.257760406,5.4315958,6.16061115,8,0.869791627,73.6253662,-7.59907532,0.0130363442,0.018390689,0.0503634959,49.6971741,1983.2085,-2,-1,124.611038,0.910033762,2.57820106,20.1871338
22003,1,0.266669899,4.91125107,5.83951044,8,3.51743197,57.2900543,25.6421661,0.00915100146,0.0476362444,0.0854399577,-31.1886959,3222.59863,-2,7,84.3926468,0.908059537,2.43160892,13.5088301
22003,1,2.27984428,5.04478693,6.5236392,8,2.16336417,30.9296494,-21.9901276,0.00745539181,0.0226449296,0.0776518136,17.4074097,951.761169,0,0,3006.15454,1.78616154,2.20718193,500.360168
22003,1,1.11700583,4.71269131,6.55794716,8,1.3969897,71.7166901,-42.0190506,0.0142853074,0.0472552329,0.0466373004,56.7186508,3110.8606,0,0,76.6279449,2.05364704,3.28271842,11.8819294
22003,1,0.256019503,2.72458029,7.0140152,8,0.320349038,33.5888062,56.0887451,0.00935614575,0.0237803124,0.0891231298,-4.80212021,557.333862,5,-6,27.8088188,1.38340616,2.53047419,3.98248982
22003,1,1.01358986,2.86480141,6.34272623,8,2.18114638,-56.4171486,-1.14060211,0.0104617067,0.0568952747,0.0598536134,30.4139862,662.238159,0,0,24.6189194,12.4046297,3.16551256,1.50812972
22003,1,2.21754932,4.58949566,7.23895693,8,1.20055294,-71.8621445,-66.8937683,0.00604282971,0.064044401,0.0432439409,33.807579,3852.30029,0,0,504.887482,1.7670747,2.26551604,83.4758148
22003,1,1.81680691,4.97433281,6.3964119,8,3.47422171,62.6592102,-25.1086807,0.020595016,0.0426211432,0.0982381701,-8.89044952,198.366928,0,0,1536.76062,1.78615475,2.00682116,255.494614
22003,1,1.1951381,5.38453388,6.78870535,8,0.421523064,12.5964355,60.2789001,0.00786338001,0.0328456797,0.0166985765,-22.0567551,2667.59399,-3,6,132.159256,0.943270028,3.59782815,21.2696934
22003,1,1.7275697,3.24474335,6.83503056,8,0.635189474,40.4831314,-54.4517708,0.0122603215,0.0667424873,0.058070384,-1.85391235,3074.41919,0,0,14.0432844,9.90241814,3.86488914,0.0459961407
22003,1,0.350899488,4.03457832,7.73432255,8,0.707371771,-46.1301079,-72.6478424,0.0207662955,0.0710247159,0.0692335069,40.5709076,4196.71484,0,0,23.6190319,16.1842003,5.88818932,0.257773817
22003,1,1.95818651,3.10423183,5.5332303,8,3.07992196,-4.42645264,79.4429016,0.0264799241,0.0379571356,0.0209465809,36.9724731,2963.02954,0,0,50.4558678,8.11035824,3.56563234,6.46331263
22003,1,1.77215624,4.80203056,6.16084242,8,1.03416812,30.1189117,-26.0719986,0.0127442619,0.0159931816,0.0311219729,-25.4697914,1551.60083,0,0,403.817657,1.74474192,2.14988327,66.6538391
22003,1,0.241517723,4.79610729,6.49514437,8,2.1629281,-64.3251724,67.3213959,0.0278501175,0.0247477554,0.0246371962,25.898613,3693.47778,-7,6,62.6912346,1.79077029,2.25713706,9.77388763
22003,1,0.296402514,4.09689045,7.50972414,8,2.75408316,-56.4208412,63.1663361,0.0191170853,0.0888265073,0.0682637393,27.8591919,3309.31909,0,0,12.4770651,5.04639578,3.36910319,0.676927686
22003,1,0.559888124,2.00656104,6.8355341,8,1.99333429,48.4360352,-1.13805389,0.00881245825,0.0232145488,0.043413125,27.5391541,1197.09521,0,0,63.2539101,58.1316566,2.83644128,0.38096869
22003,1,0.61267221,5.517869,7.53290606,8,2.06799293,-46.1883392,10.5927811,0.01828954,0.0638050884,0.0707859918,-29.1972656,3840.67529,0,0,33.0784645,3.21664739,4.33672476,4.25418186
22003,1,1.53558576,2.29149199,6.83467197,8,3.11978936,-76.9697647,35.0242538,0.0162093416,0.0328387655,0.04426945,-29.1121063,3161.92163,0,0,197.933426,158.556259,6.08010864,5.54950905
22003,1,0.296994537,3.2661643,6.6316824,8,2.19809651,-50.3560028,-74.6323166,0.0191393606,0.019101968,0.0574305058,15.4597397,293.39917,0,0,134.508713,2.05569506,2.1489718,21.7173405
22003,1,0.339226007,2.52074194,6.64133692,8,3.27805138,36.8474731,1.39890289,0.0285187177,0.0771623701,0.0847310275,12.2267227,4947.07861,0,0,129.868225,67.548912,5.65950871,9.44329929
22003,1,1.09577131,5.01797009,6.38445759,8,3.32526016,20.0942078,20.9043961,0.00507603865,0.00839669257,0.0821773335,-35.7555847,2383.55322,0,0,185.40239,1.55788159,2.2230711,30.2702408
22003,1,1.20425916,2.14581513,5.9913764,8,2.02727079,-66.7331772,16.2058945,0.0234056748,0.0437265709,0.0384587944,26.2164383,1514.89465,0,0,133.64534,110.094696,4.63960505,3.15183949
22003,1,1.22063398,3.89672041,6.5362711,8,1.81469715,32.9321899,34.6801376,0.0253512915,0.0784744918,0.0477190353,41.7783585,2206.21875,0,0,11.5594997,5.34935331,5.15594959,0.175699562
22003,1,2.21587873,4.20466232,7.81136894,8,1.17302394,23.9767914,30.4875183,0.0203438364,0.0434303544,0.0565767959,-25.631382,2215.07227,0,3,202.33313,1.04468775,3.12140536,33.0278397
22003,1,1.84759963,3.69573355,7.48651028,8,0.734591901,78.4921875,63.7720337,0.0117720077,0.0882199779,0.0746375844,-48.073616,148.749603,0,0,269.113647,1.65898037,3.47441292,43.9967079
22003,1,2.32393503,2.46505547,7.95624733,8,3.2624917,-1.38800049,-12.4367828,0.0221953355,0.0811535418,0.0701603666,-11.9757881,2141.51074,0,0,174.075882,101.319519,4.94308949,11.3022127
22003,1,2.00982785,3.21602774,7.88646412,8,1.19347107,64.0783386,72.0412445,0.0299256947,0.0993661135,0.0986070633,9.03929901,2428.43481,0,0,73.4327621,31.1714096,3.10413957,6.5262022
22003,1,1.42976511,2.36363459,6.97013235,8,1.38895071,21.7874756,-47.6499252,0.018879557,0.0831842646,0.0361998603,12.0150757,4331.47217,0,0,57.4916,36.9456749,4.16273308,2.73053193
22003,1,1.06151867,5.73513222,7.70739746,8,3.39605594,-31.0234528,28.1085815,0.00421120506,0.0254546925,0.0733465552,46.9246674,4690.7002,0,0,260.033295,1.76791668,2.23150945,42.6723137
22003,1,0.269109011,4.42347527,5.73051739,8,1.26795805,9.22959137,62.0038605,0.00298647163,0.0404591672,0.0248408094,-14.5342331,2784.17261,5,-6,282.153748,1.44807231,2.8902216,46.302578
22003,1,1.19360006,5.38399982,6.78750038,8,0.420000017,12.4800034,60.1200104,0.00785200018,0.0328349993,0.0166849997,-22.079998,3657.40015,-2,5,112.39138,1.00368774,3.44256735,17.9908543
22003,1,1.22063398,3.89672041,6.5362711,8,1.81469715,32.9321899,34.6801376,0.0253512915,0.0784744918,0.0477190353,41.7783585,2206.21875,0,0,11.5594997,5.34935331,5.15594959,0.175699562
22003,1,1.19360006,3.41599989,7.08500004,8,3.67200017,-7.35999298,3.6000061,0.0208440013,0.0768200085,0.0853700042,-9.59999847,2662.69995,0,0,38.2401848,31.6226521,4.77862787,0.306484133
22003,1,2.00779986,3.21600008,7.88500023,8,1.19200003,64,73.2600098,0.00701200031,0.0410050005,0.0967700034,39.3600082,2750.90015,0,0,5.95330143,1.77512586,2.10029769,0.34631303
22003,1,0.876199961,2.75999999,7.30249977,8,2.44800019,29.7600098,-68.4000015,0.0299160015,0.0993350074,0.0985750109,9.00000763,2427.5,0,0,168.456009,73.2698212,4.16350508,15.1704483
22003,1,0.255199999,2.72399998,7.01249981,8,0.320000023,33.4400101,55.980011,0.00933600124,0.0237150006,0.0890750065,-4.91999817,555.700012,0,0,16.4527302,1.73698199,2.1180408,2.09961796
22003,1,2.27920008,5.04400015,6.52250004,8,2.16000009,30.8800049,-22.1399994,0.00743200071,0.0225749984,0.0775800049,17.4000015,947.700012,0,0,3021.54077,1.78616166,2.20735216,502.924561
22003,1,0.29430002,4.09600019,7.50750017,8,2.75200009,-56.4799995,63,0.00880400091,0.0231450014,0.0433799997,27.4800034,1192.70007,0,0,112.201172,1.68810928,2.1478281,18.060873
22003,1,0.558799982,2.00399995,6.83500004,8,1.9920001,48.3200073,-1.25999451,0.0191080011,0.0887900069,0.0681750029,27.840004,3304.6001,0,0,144.812042,72.8102722,4.19839716,11.3005629
22003,1,2.00779986,3.21600008,7.88500023,8,1.19200003,33.4400101,55.980011,0.00933600124,0.0237150006,0.0887900069,-4.91999817,555.700012,0,0,267.610931,1.78264761,2.12080312,43.9512482
22003,1,0.255199999,2.72399998,7.01249981,8,0.320000023,64,72,0.0299160015,0.0993350074,0.0985750109,9.00000763,2427.5,0,0,105.310791,33.4033394,2.345263,11.5936985
22003,1,1.21890008,3.47600007,6.51749992,8,3.18000007,-63.3600006,-30.4199944,0.0274520013,0.0168749988,0.0926850066,13.3199997,1295.6001,0,0,26.9858208,11.1525135,3.06222463,2.12851381
22003,1,1.14990008,3.89600015,6.53499985,8,1.81200004,32.8000031,34.5600052,0.0253240019,0.0784350112,0.0476550013,41.7600098,2202.1001,0,0,11.6491985,5.4499979,5.16500902,0.172365218
22003,1,0.29430002,4.09600019,7.50750017,8,2.75200009,-57.4399986,-48.2399979,0.00312000024,0.0336900018,0.0565850027,26.4000015,4142.5,-6,6,83.9054031,0.913923502,1.65466249,13.5561361
22003,1,1.14990008,2.57999992,5.55749989,8,3.66400027,36.3200073,63,0.0191080011,0.0887900069,0.0681750029,27.840004,3304.6001,0,0,38.4295578,13.7210493,4.0679121,3.440099
22003,1,1.26260006,3.3920002,6.45249987,8,1.84000003,13.4400101,27.0000076,0.0108760009,0.0402450003,0.0513599999,48.4800034,3794.6001,0,0,25.0252743,6.96158123,3.16089082,2.48380065
22003,1,1.01190007,2.86400008,6.34250021,8,2.18000007,-56.4799995,-1.25999451,0.0104560014,0.0568699986,0.0598150007,30.3600006,643.900024,0,0,25.7133617,12.8155155,3.10872388,1.63152027
22003,1,1.028,4.81200027,6.82499981,8,0.688000023,62.5599976,26.6399994,0.0137320012,0.0457549989,0.0994300023,13.8000031,4946.1001,0,0,19.7959557,1.72679532,2.40468335,2.61074591
22003,1,1.19360006,3.41200018,7.08500004,8,3.67200017,-7.35999298,3.6000061,0.0208440013,0.0768200085,0.0948700085,-9.59999847,3657.40015,0,0,42.4493408,33.5398369,5.13509083,0.629068792
22003,1,2.00779986,3.21600008,7.88500023,8,1.19200003,64,72,0.0299160015,0.0993350074,0.0982900038,-33.8399963,996.700073,0,0,97.0582504,73.394989,5.07809925,3.09752631
22003,1,0.273600012,3.48400021,5.57999992,8,0.988000035,10.7200012,-71.4599991,0.0131160012,0.0874600038,0.0624749996,9.00000763,2427.5,5,-6,24.0685711,0.991421938,2.43268204,3.4407444
22003,1,0.968200028,2.36000013,6.97000027,8,1.38800001,21.7600098,-47.6999969,0.018856002,0.0830900073,0.0361599997,12,4328.7002,0,0,57.7523232,37.2051735,4.14235973,2.73413157
22003,1,1.57540011,4.71199989,6.55749989,8,1.39600003,71.6800079,-42.1199989,0.0142640015,0.0471800007,0.0466100015,56.640007,3108.6001,0,0,80.2772827,1.98576617,3.65187383,12.4399414
22003,1,2.21710014,4.5880003,7.23750019,8,1.20000005,-72,-66.9599991,0.0060320003,0.0639950037,0.0431899987,33.7200012,3848.50024,0,0,504.811768,1.76702785,2.2623775,83.4637222
22003,1,2.00779986,3.21600008,7.88500023,8,1.19200003,64,72,0.0299160015,0.0993350074,0.0985750109,9.00000763,2427.5,0,0,73.4655457,31.121048,3.10714602,6.53955793
22003,1,1.77090013,5.06799984,7.24250031,8,2.70800018,-64.4799957,61.2000122,0.0274240021,0.0260899998,0.0597200021,14.7600021,3476.1001,0,0,167.730804,1.70559955,2.16448784,27.3101196
22003,1,0.545000017,5.60000038,6.15999985,8,1.03200006,30.0800018,-26.0999985,0.012724001,0.0159249995,0.031030003,-25.5600014,1550.40002,0,0,370.939117,1.72878158,2.35222125,61.1430168
22003,1,1.19360006,3.41599989,7.08500004,8,3.67200017,-7.35999298,3.6000061,0.0208440013,0.0768200085,0.0853700042,-9.47999573,4686.40039,0,0,39.8545609,29.1382294,6.01869631,0.782939315
22003,1,1.06019998,5.73200035,7.70499992,8,3.39600015,-31.0399971,28.0800018,0.00418400019,0.0254249983,0.0733050033,46.8000031,3657.40015,0,0,258.90683,1.7678014,2.22640586,42.4854355
22003,1,1.21890008,3.89600015,6.53499985,8,1.81200004,32.8000031,34.5600052,0.0253240019,0.0601950027,0.0691250041,39.6000061,1418.1001,5,-6,20.2422619,0.824765563,2.79996943,2.76958776
22003,1,1.63060009,4,5.71500015,8,1.2240001,62.7200012,-39.7799988,0.0162240006,0.0784350112,0.0476550013,41.7600098,2202.1001,0,0,29.3004589,3.81077099,4.97930002,3.41839814
22003,1,1.81460011,4.97200012,6.39499998,8,3.47200012,62.5599976,-25.1999969,0.0205920022,0.0426199995,0.0981950089,-7.43999863,4196.3999,0,0,59.3995705,1.51414585,2.84896851,9.17274284
22003,1,0.3495,4.03200006,7.73250008,8,0.704000056,-46.2399979,-72.7200012,0.0207600016,0.0709300041,0.0692200065,39.0000076,198,0,0,304.053497,1.77549601,2.87835479,49.8999405
22003,1,1.01190007,2.86400008,6.34250021,8,2.18000007,-56.4799995,-1.25999451,0.0104560014,0.0568699986,0.0598150007,30.3600006,658.600037,0,0,24.7164364,12.35952,3.15030313,1.53443551
22003,1,0.241400003,4.79600048,6.49499989,8,2.16000009,-64.4799957,67.3200073,0.0278440025,0.0246650018,0.0245699994,25.8000031,3691.7002,-7,6,62.63731,1.78984141,2.25547457,9.76533222
22003,1,0.326499999,5.61200047,6.69999981,8,0.968000054,66.2400055,18.5400085,0.0245400034,0.0690300018,0.0422400013,37.0800018,2780.30029,0,0,27.6572666,3.01926947,3.42601395,3.5353303
22003,1,2.25620008,2.66799998,7.89249992,8,3.55200028,77.4400024,-77.9400024,0.0249320026,0.0907850042,0.0496500023,-15.2399979,3917.1001,0,0,28.554512,19.8447781,3.74052,0.828202188
22003,1,0.876199961,4.03200006,7.73250008,8,0.704000056,-46.2399979,-72.7200012,0.0207600016,0.0709300041,0.0692200065,40.5600052,4196.3999,0,0,27.7296486,18.8244858,6.66248226,0.373780012
22003,1,0.3495,2.75999999,7.30249977,8,2.44800019,29.7600098,-67.1399994,0.00701200031,0.0410050005,0.0967700034,39.3600082,2750.90015,0,0,30.4497566,26.2221222,2.74686766,0.246794388
22003,1,0.257499993,5.44400024,6.52250004,8,2.16000009,30.8800049,-22.1399994,0.00743200071,0.0225749984,0.0775800049,17.4000015,947.700012,0,0,381.74234,1.75202727,2.2425456,62.957962
22003,1,2.27920008,4.86800003,6.15999985,8,0.868000031,73.6000061,-7.73999786,0.0130320014,0.0183000006,0.0503150001,49.6800079,1981.59998,0,0,825.40094,1.75449657,2.66593051,136.830078
22003,1,0.331099987,5.22399998,5.76999998,8,2.08800006,-31.0399971,-65.3399963,0.00779600069,0.0823300034,0.0592450015,-33,1903.2002,5,-6,143.16713,1.33385491,2.46048594,23.2287979
22003,1,0.876199961,2.75999999,7.30249977,8,2.44800019,29.7600098,-67.1399994,0.00701200031,0.0410050005,0.0967700034,39.3600082,2750.90015,0,0,36.1033287,30.5848808,3.12902927,0.398236364
22003,1,1.25800002,4.81200027,6.82499981,8,0.688000023,62.5599976,26.6399994,0.0137320012,0.0457549989,0.0994300023,13.8000031,4848.1001,0,0,19.9521427,1.70793188,2.4509666,2.63220763
22003,1,0.963600039,5.38399982,6.78750038,8,0.420000017,12.4800034,60.1200104,0.00785200018,0.0328349993,0.0166849997,-22.079998,2662.69995,-3,6,132.560562,0.94241184,3.55050254,21.3446064
22003,1,2.32290006,2.46399999,7.95499992,8,3.26000023,-1.43999481,-12.5999985,0.0221880022,0.08109501,0.0700750053,-2.63999939,2780.30029,0,0,161.194702,93.8031769,4.41558027,10.4959917
22003,1,0.268999994,4.42000008,5.73000002,8,1.26400006,9.12001038,61.9200134,0.00298000011,0.0404350013,0.0247600004,-24,2138.3999,0,0,285.468658,1.60939705,2.49107623,46.8946915
22003,1,0.556500018,5.42800045,6.15999985,8,0.868000031,73.6000061,-7.73999786,0.0130320014,0.0183000006,0.0503150001,49.6800079,1981.59998,-2,-1,141.562302,0.900365472,2.64438391,23.0029278
22003,1,0.246000007,5.86800003,7.24250031,8,2.70800018,-64.4799957,61.2000122,0.0274240021,0.0260899998,0.0597200021,14.7600021,3476.1001,0,0,156.031189,1.72348475,2.21203899,25.3492794
22003,1,1.08780003,3.5,5.70499992,8,1.26400006,9.12001038,61.9200134,0.00298000011,0.0404350013,0.0247600004,-14.6399994,2780.30029,0,0,203.585953,1.39152968,2.23047805,33.3273239
22003,1,0.268999994,4.42000008,5.74499989,8,0.0680000037,-49.5999985,37.2600021,0.021068003,0.0813800022,0.0991450101,-28.4399986,2437.30005,0,0,82.4776459,1.71275413,2.33963895,13.0708761
22003,1,0.611699998,5.51600027,7.54500008,8,2.16000009,-64.4799957,67.3200073,0.0278440025,0.0246650018,0.0245699994,25.8000031,3691.7002,0,0,60.5607414,3.27082157,2.99605322,9.04897785
22003,1,0.241400003,4.79600048,6.48250008,8,2.06400013,-46.2399979,10.4400024,0.0182680022,0.063804999,0.0707400069,-29.2799988,3838.69995,0,0,31.9172974,2.98339891,2.96622133,4.32794619
22003,1,0.611699998,5.51600027,7.53250027,8,2.06400013,-46.2399979,10.6200027,0.0162240006,0.0601950027,0.0691250041,39.6000061,1565.1001,0,0,66.9681931,1.62521744,2.23493028,10.5180073
22003,1,1.63060009,4,5.71500015,8,1.2240001,62.7200012,-39.9599953,0.0182680022,0.063804999,0.0707400069,-29.2799988,3838.69995,0,0,62.5653992,1.65863979,2.09153509,9.80253792
22003,1,0.841700017,5.51600027,7.53250027,8,2.06400013,-46.2399979,10.4400024,0.0182680022,0.063804999,0.0707400069,-29.2799988,3838.69995,0,0,33.1189728,3.22308111,4.31620359,4.26328135
22003,1,0.471400023,5.23600006,5.80499983,8,2.30400014,41.2799988,30.6000061,0.00723600015,0.0514550023,0.0811900049,-58.9199982,3770.1001,0,0,149.039383,1.51885521,2.40517259,24.1858921
22003,1,1.63060009,4,5.71500015,8,1.2240001,62.7200012,-39.7799988,0.0162240006,0.0601950027,0.0691250041,39.840004,3304.6001,0,0,60.6981506,1.70932662,2.80430508,9.36408615
22003,1,0.29430002,4.09600019,7.50750017,8,2.75200009,-56.4799995,63,0.0191080011,0.0887900069,0.0681750029,27.6000061,1565.1001,0,0,8.19072819,5.14012241,2.64613819,0.0674112365
22003,1,1.74790013,2.77999997,6.48000002,8,0.572000027,-79.3600006,-17.4599915,0.0289920028,0.0558250025,0.0965800062,-33.8399963,996.700073,0,0,30.653841,18.9451447,4.96876287,1.12332225
22003,1,0.273600012,3.48400021,5.57999992,8,0.988000035,10.7200012,-71.4599991,0.0131160012,0.0874600038,0.0621900037,-34.1999969,4407.1001,0,0,7.04541779,2.79896903,3.27508378,0.161894202
22003,1,1.21890008,3.89600015,6.53499985,8,1.81200004,32.8000031,34.5600052,0.025940001,0.0475599989,0.0188699998,-31.1999989,3221.30005,0,0,66.5344467,2.68964958,3.03455615,10.1350403
22003,1,0.264400005,4.90799999,5.8375001,8,3.48000026,57.2799988,25.5600052,0.00852400064,0.0784350112,0.0476550013,41.7600098,2202.1001,0,0,82.3625336,1.63767254,2.48625445,13.0397682
22003,1,1.88820004,2.91600013,6.0875001,8,2.55600023,-75.1999969,-39.7799988,0.0162240006,0.0601950027,0.0691250041,39.6000061,1565.1001,0,0,40.5356941,10.5359478,3.82523751,4.36241817
22003,1,1.63060009,4,5.71500015,8,1.2240001,62.7200012,65.1600037,0.0241760034,0.0800500065,0.0524999984,-29.0399971,3917.1001,0,0,15.9149113,5.00682497,6.26422882,0.773976147
22003,1,0.968200028,2.36000013,6.97000027,8,1.38800001,21.7600098,-47.6999969,0.018856002,0.0836600065,0.0361599997,12,4328.7002,0,0,56.2884331,35.7972908,4.28259993,2.70142365
22003,1,2.00779986,3.21600008,7.88500023,8,1.19200003,64,73.2600098,0.00701200031,0.0410050005,0.0967700034,39.3600082,2750.90015,0,0,5.95330143,1.77512586,2.10029769,0.34631303
22003,1,1.26260006,3.3920002,6.45249987,8,1.84000003,13.4400101,27.0000076,0.0108760009,0.0402450003,0.0513599999,48.4800034,3794.6001,0,0,25.0252743,6.96158123,3.16089082,2.48380065
22003,1,1.26260006,3.3920002,6.45249987,8,1.84000003,13.4400101,27.0000076,0.0108760009,0.0412900001,0.0681750029,27.6000061,1565.1001,3,-5,44.2201118,1.39273477,1.56642807,6.87682438
22003,1,0.29430002,4.09600019,7.50750017,8,2.75200009,-56.4799995,63,0.0191080011,0.0877450034,0.0513599999,48.4800034,3794.6001,0,0,24.0315933,17.3907089,2.50949168,0.688565552
22003,1,0.273600012,3.48400021,5.57999992,8,0.988000035,10.7200012,-63,0.0191080011,0.0887900069,0.0681750029,27.6000061,1565.1001,5,-6,23.7691841,1.09311485,2.69780469,3.32971072
22003,1,0.29430002,4.09600019,7.50750017,8,2.75200009,-56.4799995,54.5400085,0.0131160012,0.0874600038,0.0624749996,9.00000763,2427.5,0,0,81.3215942,1.75911331,2.27371264,12.8814611
22003,1,0.611699998,5.51600027,7.53250027,8,2.06400013,-34.2399979,-67.1399994,0.00701200031,0.0410050005,0.0967700034,39.3600082,2750.90015,0,0,64.1877975,1.95337164,3.53611422,9.78305149
22003,1,0.3495,2.75999999,7.30249977,8,2.44800019,17.7600021,10.6200027,0.0162240006,0.0601950027,0.0691250041,39.6000061,1565.1001,0,0,108.909813,79.7461548,4.97415209,4.03158426
22003,1,0.273600012,4.68400002,5.57999992,8,0.988000035,10.7200012,-71.4599991,0.0131160012,0.0784350112,0.0476550013,41.7600098,2202.1001,3,-5,56.3110199,0.98299855,2.7256546,8.76706123
22003,1,1.21890008,3.89600015,6.53499985,8,1.81200004,32.8000031,34.5600052,0.0253240019,0.0874600038,0.0624749996,9.00000763,2427.5,0,0,12.8724251,7.56572866,4.8897481,0.0694913864
22003,1,0.278200001,2.36000013,6.97000027,8,1.38800001,21.7600098,-47.6999969,0.018856002,0.0830900073,0.0361599997,12,4328.7002,0,0,56.3875465,36.5473785,4.04942656,2.63178992
22003,1,0.984300017,4.09600019,7.50750017,8,2.75200009,-56.4799995,63,0.00880400091,0.0231450014,0.0433799997,27.4800034,1192.70007,0,0,141.868607,1.66787159,2.15793705,23.0071297
22003,1,1.21890008,3.66400003,6.34250021,8,2.18000007,-56.4799995,-1.25999451,0.0104560014,0.0568699986,0.0598150007,30.3600006,658.600037,0,0,91.6529388,1.91774368,2.17416692,14.5935059
22003,1,1.01190007,3.09600019,6.53499985,8,1.81200004,32.8000031,34.5600052,0.025940001,0.0475599989,0.0188699998,-31.1999989,3221.30005,0,0,32.7095261,7.77541351,2.95180559,3.66371775
22003,1,0.968200028,2.36000013,6.97000027,8,1.38800001,21.7600098,-47.6999969,0.0189960022,0.0402450003,0.0513599999,48.4800034,3794.6001,0,0,207.117065,164.539658,6.09113693,6.08104515
22003,1,1.26260006,3.3920002,6.45249987,8,1.84000003,13.4400101,27.0000076,0.0107360007,0.0830900073,0.0361599997,12,4328.7002,0,0,18.9302902,9.32521629,2.78811741,1.13615942
22003,1,0.968200028,2.36000013,6.97000027,8,1.38800001,21.7600098,-47.6999969,0.018856002,0.0830900073,0.0361599997,12.6000061,2427.5,0,0,62.0549927,32.3599243,4.35887146,4.22269917
22003,1,0.273600012,3.48400021,5.57999992,8,0.988000035,10.7200012,-71.4599991,0.0131160012,0.0874600038,0.0624749996,8.40000916,4328.7002,0,0,13.3279514,2.71495271,2.61809134,1.3324846
22003,1,1.21890008,3.89600015,6.53499985,8,1.81200004,32.8000031,34.5600052,0.0253240019,0.0784350112,0.0476550013,41.7600098,2545.1001,0,0,12.8561182,6.89655209,5.56680727,0.06545984
22003,1,0.611699998,5.51600027,7.53250027,8,2.06400013,-46.2399979,10.6200027,0.0162240006,0.0601950027,0.0691250041,39.6000061,1222.1001,0,0,88.5060272,1.68991482,2.22580457,14.0983829
22003,1,1.63060009,4,5.71500015,8,1.2240001,62.7200012,-39.7799988,0.0162240006,0.0784350112,0.0476550013,41.7600098,2202.1001,0,0,29.3004589,3.81077099,4.97930002,3.41839814
22003,1,1.25800002,4.81200027,6.82499981,8,0.688000023,62.5599976,26.6399994,0.0137320012,0.0457549989,0.0994300023,13.8000031,4848.1001,0,0,19.9521427,1.70793188,2.4509666,2.63220763
22003,1,1.21890008,3.89600015,6.53499985,8,1.81200004,32.8000031,34.5600052,0.0252400022,0.0709300041,0.0692200065,40.5600052,4196.3999,0,0,9.83769989,6.16392088,3.17413282,0.0832742676
22003,1,0.876199961,4.03200006,7.73250008,8,0.704000056,-46.2399979,-72.7200012,0.0208440013,0.0784350112,0.0476550013,41.7600098,2202.1001,0,0,28.38591,19.1612167,7.00999498,0.369116366
22003,1,0.968200028,2.36000013,6.97000027,8,1.38800001,21.7600098,-47.6999969,0.018856002,0.0830900073,0.0361599997,12,2437.30005,0,0,61.2565079,32.0016861,4.42457533,4.13837433
22003,1,0.268999994,4.42000008,5.74499989,8,0.0680000037,-49.5999985,37.2600021,0.021068003,0.0813800022,0.0991450101,-28.4399986,4328.7002,1,-6,50.7389603,1.23099923,2.32292604,7.86417294
22003,1,2.32290006,2.46399999,7.95499992,8,3.26800013,-49.5999985,37.2600021,0.021068003,0.0813800022,0.0991450101,-28.4399986,2437.30005,0,0,290.612396,192.922943,4.80790234,15.4802589
22003,1,0.268999994,4.42000008,5.74499989,8,0.0600000024,-1.43999481,-12.5999985,0.0221880022,0.08109501,0.0700750053,-2.63999939,2780.30029,5,-6,32.7037048,1.84847498,3.46314931,4.56534672
22003,1,2.25620008,2.66799998,7.89249992,8,3.55200028,77.4400024,-77.9400024,0.0249320026,0.0907850042,0.0496500023,-15.2399979,3917.1001,0,0,28.554512,19.8447781,3.74052,0.828202188
22003,1,1.88820004,2.91600013,6.0875001,8,2.55600023,-75.1999969,-39.7799988,0.0162240006,0.0601950027,0.0691250041,39.6000061,1565.1001,0,0,40.5356941,10.5359478,3.82523751,4.36241817
22003,1,1.14990008,3.89600015,6.53499985,8,1.81200004,32.8000031,34.5600052,0.0253240019,0.0784350112,0.0476550013,13.3199997,1295.6001,0,0,17.1159706,6.84732914,2.96567535,1.21716106
22003,1,1.21890008,3.47600007,6.51749992,8,3.18000007,-63.3600006,-30.4199944,0.0274520013,0.0168749988,0.0926850066,41.7600098,2202.1001,0,0,24.0453835,17.9274483,3.78900909,0.388154209
22003,1,0.273600012,3.48400021,5.57999992,8,0.988000035,10.7200012,10.4400024,0.0182680022,0.063804999,0.0707400069,-29.2799988,3838.69995,0,0,25.2625847,6.84908676,2.99748325,2.56933594
22003,1,0.241400003,4.79600048,6.48250008,8,2.06400013,-46.2399979,-71.4599991,0.0131160012,0.0874600038,0.0624749996,9.00000763,2427.5,5,-6,68.3271103,1.07814026,2.55024648,10.7831202
22003,1,0.611699998,5.51600027,7.53250027,8,2.06400013,-46.2399979,10.6200027,0.0162240006,0.0784350112,0.0476550013,41.7600098,2202.1001,0,0,31.2222385,2.49607348,3.27235413,4.24230194
22003,1,1.63060009,4,5.71500015,8,1.2240001,62.7200012,-39.7799988,0.0162240006,0.0601950027,0.0691250041,39.6000061,1565.1001,-3,-3,128.102936,0.901897609,1.80535185,20.8992805
22003,1,1.21890008,3.47600007,6.51749992,8,0.988000035,10.7200012,-71.4599991,0.0131160012,0.0874600038,0.0621900037,-34.1999969,4407.1001,0,0,10.0526314,5.29186058,2.59262061,0.361358315
22003,1,0.273600012,3.48400021,5.57999992,8,3.18000007,-63.3600006,-30.4199944,0.0274520013,0.0168749988,0.0926850066,13.3199997,1295.6001,0,0,40.0567169,4.88109016,3.05727434,5.35305882
22003,1,1.19360006,3.41200018,7.08500004,8,3.67200017,-7.35999298,3.6000061,0.0208440013,0.0768200085,0.099240005,-29.2799988,3838.69995,0,0,39.7092628,33.6348152,3.42110538,0.442224026
22003,1,0.241400003,4.79600048,6.48250008,8,2.06400013,-46.2399979,10.4400024,0.0182680022,0.063804999,0.0663700029,-9.59999847,3657.40015,0,0,33.4555855,2.6024003,3.62286282,4.5383873
22003,1,0.273600012,3.48400021,5.57999992,8,0.988000035,10.7200012,-71.4599991,0.0131160012,0.0874600038,0.0624749996,5.76000214,2202.1001,0,0,22.0335217,1.60023463,2.41751409,3.00262856
22003,1,1.14990008,3.89600015,6.53499985,8,1.81200004,32.8000031,34.5600052,0.0253240019,0.0784350112,0.0476550013,45.0000076,2427.5,0,0,8.62058449,4.92305994,3.46303391,0.0390817225
22003,1,1.25800002,4.81200027,6.82499981,8,0.688000023,62.5599976,26.6399994,0.0135080013,0.0887900069,0.0681750029,27.6000061,1565.1001,0,0,35.2622986,1.65730453,2.63083148,5.16236019
22003,1,0.29430002,4.09600019,7.50750017,8,2.75200009,-56.4799995,63,0.019332001,0.0457549989,0.0994300023,13.8000031,4848.1001,0,0,4.75020409,1.7913326,2.20905948,0.12496873
22003,1,1.14990008,3.77200007,6.39499998,8,3.47200012,62.5599976,-25.1999969,0.0205920022,0.0426199995,0.0981950089,-7.43999863,4196.3999,0,0,17.1137352,8.47458935,3.59034681,0.841466427
22003,1,1.81460011,5.09600019,6.53499985,8,1.81200004,32.8000031,34.5600052,0.0253240019,0.0784350112,0.0476550013,41.7600098,2202.1001,0,0,38.9654465,1.71545804,4.01242256,5.53959417
22003,1,1.63060009,4,5.71500015,8,1.2240001,62.7200012,65.1600037,0.0241760034,0.0800500065,0.0524999984,-29.0399971,3917.1001,0,0,15.9149113,5.00682497,6.26422882,0.773976147
22003,1,0.968200028,2.36000013,6.97000027,8,1.38800001,21.7600098,-47.6999969,0.018856002,0.0830900073,0.0361599997,12,4328.7002,0,0,57.7523232,37.2051735,4.14235973,2.73413157
22003,1,1.24190009,3.89600015,6.53499985,8,1.81200004,32.8000031,34.5600052,0.0253240019,0.0601950027,0.0691250041,39.6000061,1565.1001,4,-5,16.2163601,1.04839551,1.68162894,2.24772263
22003,1,1.88820004,2.91600013,6.0875001,8,2.55600023,-75.1999969,-39.7799988,0.0162240006,0.0784350112,0.0476550013,41.7600098,2202.1001,0,0,25.9069595,17.3235092,6.0883522,0.415849566
22003,1,2.00779986,3.21600008,7.88500023,8,2.55600023,-75.1999969,-39.7799988,0.0162240006,0.0601950027,0.0691250041,39.6000061,1565.1001,0,0,78.5093155,68.9427872,4.34874058,0.869631588
22003,1,1.88820004,2.91600013,6.0875001,8,1.19200003,64,72,0.0299160015,0.0993350074,0.0982900038,-33.8399963,996.700073,0,0,40.8313293,2.65980816,5.3176384,5.47564697
22003,1,0.326499999,5.61200047,6.69999981,8,0.968000054,66.2400055,18.5400085,0.0244000014,0.0709300041,0.0692200065,40.5600052,4196.3999,4,-5,22.7088585,1.13900292,2.86526155,3.11743236
22003,1,0.876199961,4.03200006,7.73250008,8,0.704000056,-46.2399979,-72.7200012,0.0209000017,0.0690300018,0.0422400013,37.0800018,2780.30029,0,0,25.0389786,15.1060429,7.08858109,0.474059135
22003,1,0.841700017,5.51600027,7.53250027,8,2.06400013,-46.2399979,10.4400024,0.0182680022,0.0637100041,0.0624749996,9.00000763,2427.5,4,2,34.5017014,1.63476384,3.92310905,4.82397127
22003,1,0.273600012,3.48400021,5.57999992,8,0.988000035,10.7200012,-71.4599991,0.0131160012,0.0875550061,0.0707400069,-29.2799988,3838.69995,0,0,6.99351788,2.06938672,2.64965415,0.379079461
22003,1,0.241400003,4.79600048,6.48250008,8,2.06400013,-46.2399979,10.4400024,0.0182400029,0.0336900018,0.0565850027,26.4000015,4142.5,0,0,42.1967239,2.92404246,2.71342325,6.09320927
22003,1,0.29430002,4.09600019,7.50750017,8,2.75200009,-57.4399986,-48.2399979,0.00314800022,0.063804999,0.0707400069,-29.2799988,3838.69995,5,-6,144.27681,1.21267283,2.57796121,23.4143639
22003,1,0.876199961,2.75999999,7.30249977,8,2.44800019,29.4400024,-67.1399994,0.00701200031,0.0410050005,0.0967700034,39.3600082,2750.90015,0,0,36.0712852,30.5762997,3.12693667,0.39467445
22003,1,2.00779986,3.21600008,7.88500023,8,1.19200003,64,73.2600098,0.00701200031,0.0410050005,0.0967700034,39.3600082,2750.90015,0,0,5.95330143,1.77512586,2.10029769,0.34631303
22003,1,1.88820004,2.91600013,6.34250021,8,2.18000007,-56.4799995,-1.25999451,0.0104560014,0.0568699986,0.0598150007,30.3600006,658.600037,0,0,58.6807556,5.84760714,3.78880763,8.17405701
22003,1,1.0165,2.86400008,6.0875001,8,2.55600023,-75.1999969,-39.7799988,0.0162240006,0.0601950027,0.0691250041,39.6000061,1565.1001,0,0,19.741972,13.944932,2.60284805,0.532365441
22003,1,1.01190007,2.86400008,6.34250021,8,2.18000007,-56.4799995,-1.25999451,0.0104560014,0.0568699986,0.0598150007,30.3600006,658.600037,0,0,24.7164364,12.35952,3.15030313,1.53443551
22003,1,1.21890008,3.47600007,6.51749992,8,3.18000007,-63.3600006,-30.4199944,0.0274520013,0.0168749988,0.0926850066,13.3199997,1295.6001,0,0,26.9858208,11.1525135,3.06222463,2.12851381
22003,1,0.381700009,5.51600027,7.53250027,8,1.66400003,-46.2399979,10.4400024,0.0182680022,0.0637100041,0.0622850023,9.00000763,2427.5,5,2,31.4211025,1.52070737,3.31556726,4.43080473
22003,1,0.29430002,4.09600019,7.50750017,8,2.75200009,-56.4799995,63,0.019332001,0.0457549989,0.0994300023,13.8000031,4848.1001,0,0,4.75020409,1.7913326,2.20905948,0.12496873
22003,1,0.73360002,3.48400021,5.57999992,8,0.988000035,10.7200012,-71.4599991,0.0131160012,0.0875550061,0.0707400069,-29.2799988,3838.69995,5,-6,7.07131386,1.43682659,3.03197265,0.433752358
22003,1,0.29430002,4.09600019,7.50750017,8,2.75200009,-56.4799995,54.1800079,0.0274520013,0.0168749988,0.0926850066,41.7600098,2202.1001,4,-5,10.4913912,1.27852249,1.52931488,1.2805922
22003,1,1.26260006,3.3920002,6.45249987,8,1.84000003,13.4400101,27.0000076,0.0107360007,0.0830900073,0.0361599997,12,4328.7002,0,0,18.9302902,9.32521629,2.78811741,1.13615942
22003,1,1.25800002,4.81200027,6.82499981,8,0.688000023,62.5599976,26.6399994,0.0137320012,0.0457549989,0.0994300023,13.8000031,4848.1001,0,0,19.9521427,1.70793188,2.4509666,2.63220763
22003,1,1.19360006,3.41200018,7.08500004,8,3.67200017,-7.35999298,3.6000061,0.0208440013,0.0768200085,0.099240005,-29.2799988,3838.69995,0,0,39.7092628,33.6348152,3.42110538,0.442224026
22003,1,0.273600012,3.48400021,5.57999992,8,0.988000035,10.7200012,-71.4599991,0.0131160012,0.0875550061,0.0707400069,-29.2799988,3838.69995,0,0,6.99351788,2.06938672,2.64965415,0.379079461
22003,1,0.273600012,3.48400021,5.57999992,8,0.988000035,10.7200012,-63,0.0191080011,0.0828050077,0.0707400069,-29.2799988,3838.69995,-6,-5,3.58066511,1.39094424,1.81241,0.0628851354
22003,1,0.273600012,3.48400021,5.57999992,8,0.988000035,10.7200012,10.4400024,0.0182680022,0.0697900057,0.0681750029,27.6000061,4015.1001,0,0,12.3183308,6.58133745,3.0460403,0.44849214
22003,1,2.25620008,2.66799998,7.89249992,8,3.55200028,77.4400024,-77.9400024,0.0249320026,0.0907850042,0.0496500023,-15.1199989,3794.6001,0,0,22.5384579,14.6033955,3.75434351,0.696786761
22003,1,1.26260006,3.3920002,6.45249987,8,1.84000003,13.4400101,27.0000076,0.0108760009,0.0402450003,0.0513599999,48.3600082,3917.1001,0,0,24.9095097,7.75558996,3.50533247,2.27476454
22003,1,1.14990008,3.89600015,6.53499985,8,1.81200004,32.8000031,34.5600052,0.0253240019,0.0784350112,0.0476550013,45.0000076,2427.5,0,0,8.62058449,4.92305994,3.46303391,0.0390817225
22003,1,1.63060009,4,5.71500015,8,1.2240001,62.7200012,-39.7799988,0.0162240006,0.0784350112,0.0476550013,41.7600098,2202.1001,0,0,29.3004589,3.81077099,4.97930002,3.41839814
22003,1,1.21890008,3.89600015,6.53499985,8,1.81200004,32.8000031,34.5600052,0.0252400022,0.0709300041,0.0692200065,40.5600052,4186.60059,0,0,9.88334465,6.19265318,3.20475006,0.0809901357
22003,1,1.26260006,3.3920002,6.45249987,8,1.84000003,13.4400101,27.0000076,0.0108760009,0.0402450003,0.0513599999,48.4800034,3804.40015,0,0,24.9402084,6.98574162,3.1862824,2.46136379
22003,1,0.273600012,3.21600008,7.88500023,8,2.55600023,-75.1999969,-39.7799988,0.0162240006,0.0601950027,0.0691250041,39.6000061,1565.1001,0,0,68.0145721,51.5457344,4.01593876,2.07548356
22003,1,2.00779986,3.48400021,5.57999992,8,0.988000035,10.7200012,-71.4599991,0.0131160012,0.0875550061,0.0707400069,-29.2799988,3838.69995,0,0,37.4223366,2.88626266,2.87716269,5.27648544
22003,1,0.241400003,4.79600048,6.48250008,8,2.06400013,-46.2399979,-71.4599991,0.0162240006,0.0784350112,0.0476550013,41.7600098,2202.1001,0,0,53.2267227,1.48396039,3.10528946,8.10624599
22003,1,0.841700017,5.51600027,7.53250027,8,2.06400013,-46.2399979,10.4400024,0.0182680022,0.0637100041,0.0691250041,39.6000061,1565.1001,0,0,86.2592697,1.72214019,2.08973765,13.7412329
22003,1,1.0165,2.85599995,6.0875001,8,2.55600023,-75.1999969,-39.7799988,0.0162240006,0.0601950027,0.0624749996,9.00000763,1447.5,0,0,18.1195374,4.24428082,1.99090731,1.98072481
22003,1,1.21890008,3.89600015,6.53499985,8,3.0400002,13.4400101,27.0000076,0.0107360007,0.0830900073,0.0361599997,12,4328.7002,0,0,26.1006947,6.23167706,2.75531125,2.85228443
22003,1,1.26260006,3.3920002,6.45249987,8,1.81200004,32.8000031,34.5600052,0.0253240019,0.0874600038,0.0624749996,9.00000763,2427.5,0,0,27.2172699,14.4876566,5.9741354,1.12591267
22003,1,1.26260006,3.3920002,6.45249987,8,1.84000003,13.4400101,10.4400024,0.0182400029,0.0336900018,0.0565850027,26.4000015,4142.5,0,0,22.3206787,13.1747484,3.65569592,0.915039241
22003,1,0.241400003,4.79600048,6.48250008,8,2.06400013,-46.2399979,34.5600052,0.0253240019,0.0784350112,0.0476550013,13.3199997,1295.6001,0,0,43.0008049,1.60404587,2.3442471,6.50875235
22003,1,1.14990008,3.89600015,6.53499985,8,1.81200004,32.8000031,10.4400024,0.0182680022,0.063804999,0.0663700029,-9.59999847,3657.40015,0,0,21.5266743,10.4813585,4.59645891,1.07480955
22003,1,1.01190007,2.86400008,6.34250021,8,2.3920002,64,72,0.0299160015,0.0993350074,0.0982900038,-33.8399963,996.700073,0,0,18.582468,4.06330299,4.98173666,1.58957148
22003,1,1.88820004,2.91600013,6.0875001,8,0.980000019,-56.4799995,-1.25999451,0.0104560014,0.0568699986,0.0598150007,30.3600006,658.600037,0,0,80.8854675,3.09573126,3.74449944,12.3408728
22003,1,0.29430002,4.09600019,7.5,8,0.688000023,62.5599976,26.6399994,0.0137320012,0.0457549989,0.0994300023,13.8000031,4848.1001,5,-5,4.4986968,1.24782157,2.40407681,0.14113307
22003,1,1.25800002,4.81200027,6.83249998,8,2.75200009,-56.4799995,63,0.019332001,0.0457549989,0.0994300023,13.8000031,4848.1001,0,0,21.092495,1.75584185,2.10563183,2.87183714
22003,1,1.25800002,3.47600007,6.51749992,8,2.1880002,10.7200012,-71.4599991,0.0131160012,0.0874600038,0.0621900037,-34.1999969,4407.1001,0,0,10.0530996,5.29543638,2.59208989,0.360928863
22003,1,1.21890008,4.81200027,6.82499981,8,0.688000023,62.5599976,26.6399994,0.0137320012,0.0457549989,0.0994300023,13.8000031,4848.1001,0,0,19.9142208,1.70820296,2.45184398,2.62569571
22003,1,1.21890008,3.47600007,6.51749992,8,3.18000007,-63.3600006,-30.4199944,0.0274520013,0.0172550008,0.0967700034,39.3600082,2750.90015,0,0,23.223978,19.1663933,3.28300023,0.129097223
22003,1,2.00779986,3.21600008,7.88500023,8,1.19200003,64,73.2600098,0.00701200031,0.0406250022,0.0926850066,41.7600098,2202.1001,0,0,5.30160236,1.7716459,2.11187267,0.236347318
22003,1,0.241400003,4.79600048,6.48250008,8,2.06400013,-46.2399979,10.4400024,0.0182680022,0.063804999,0.0663700029,-9.59999847,3657.40015,0,0,33.4555855,2.6024003,3.62286282,4.5383873
22003,1,0.273600012,3.48400021,5.57999992,8,0.988000035,10.7200012,-71.4599991,0.0131160012,0.0874600038,0.0624749996,5.76000214,2202.1001,0,0,22.0335217,1.60023463,2.41751409,3.00262856
22003,1,0.273600012,4.68400002,5.57999992,8,0.988000035,10.7200012,-71.4599991,0.0131160012,0.0784350112,0.0476550013,41.7600098,2182.5,3,-4,56.2263832,1.00005567,2.40908813,8.80287266
22003,1,0.841700017,5.51600027,7.53250027,8,2.06400013,-46.2399979,10.4400024,0.0179880019,0.0637100041,0.0624749996,9.00000763,2447.1001,5,2,34.1097145,1.70398378,3.41576648,4.83166075
22003,1,0.876199961,2.75999999,7.30249977,8,2.70400023,-46.2399979,-72.7200012,0.0209000017,0.0690300018,0.0422400013,37.0800018,2780.30029,0,0,99.4475632,54.8137512,7.06978083,6.26067257
22003,1,0.876199961,4.03200006,7.73250008,8,0.448000014,29.4400024,-67.1399994,0.00701200031,0.0410050005,0.0967700034,39.3600082,2750.90015,0,0,48.3900299,2.55980015,2.66027761,7.19499207
22003,1,1.33620012,4.03200006,7.73250008,8,0.704000056,-46.2399979,-72.7200012,0.0209000017,0.0690300018,0.0422400013,37.0800018,2780.30029,0,0,25.2907467,15.229701,7.15821028,0.483805746
22003,1,0.758899987,3.89600015,6.53499985,8,1.81200004,32.8000031,34.5600052,0.0253240019,0.0874600038,0.0624749996,9.00000763,2427.5,0,0,12.6067724,7.47925568,4.62803698,0.0832466036
22003,1,1.21890008,3.89600015,6.53499985,8,1.81200004,32.8000031,34.5600052,0.0252400022,0.0709300041,0.0688400045,-29.2799988,3838.69995,0,0,16.6239967,11.2089386,4.63644648,0.12976867
22003,1,0.273600012,3.48400021,5.57999992,8,0.988000035,10.7200012,10.4400024,0.0182680022,0.063804999,0.0711200088,40.5600052,4196.3999,0,0,15.5753584,3.95146251,2.49176621,1.52202165
22003,1,0.29430002,4,5.71500015,8,1.2240001,62.7200012,65.1600037,0.0241760034,0.0800500065,0.0524999984,-29.0399971,3917.1001,0,0,13.6284885,3.87914467,4.66172934,0.847935796
22003,1,1.63060009,4.09600019,7.50750017,8,2.75200009,-56.4799995,63,0.0191080011,0.0877450034,0.0513599999,48.4800034,3794.6001,0,0,25.5113468,19.095253,2.56469774,0.641899347
22003,1,1.88820004,2.91600013,6.0875001,8,2.55600023,-75.1999969,-39.7799988,0.0169240013,0.0784350112,0.0476550013,41.7600098,2202.1001,0,0,26.3737183,17.2294941,6.19022083,0.492333829
22003,1,1.81460011,5.09600019,6.53499985,8,1.81200004,32.8000031,34.5600052,0.0246240012,0.0784350112,0.0476550013,41.7600098,2202.1001,0,0,38.5133095,1.67695928,4.06266308,5.46228075
22003,1,1.14990008,3.77200007,6.39499998,8,3.47200012,62.5599976,-25.1999969,0.0205920022,0.0426199995,0.0707400069,-29.2799988,3838.69995,0,0,18.6691761,9.2241354,3.57956624,0.977578998
22003,1,0.273600012,3.48400021,5.57999992,8,0.988000035,10.7200012,-71.4599991,0.0131160012,0.0875550061,0.0981950089,-7.43999863,4196.3999,5,-6,8.60351944,1.42330813,2.61740446,0.760467887
22003,1,1.01190007,2.86400008,6.34250021,8,2.18000007,-53.2799988,-71.4599991,0.0131160012,0.0875550061,0.0707400069,-29.2799988,3838.69995,0,0,20.9256916,8.10817146,2.50814033,1.71822989
22003,1,0.273600012,3.48400021,5.57999992,8,0.988000035,7.52000427,-1.25999451,0.0104560014,0.0568699986,0.0598150007,30.3600006,658.600037,0,0,184.68306,1.68873942,2.1109941,30.1472225
22003,1,1.26260006,3.3920002,6.45249987,8,1.84000003,13.4400101,27.0000076,0.0108760009,0.0412900001,0.0709300041,13.8000031,4848.1001,0,0,37.1725883,3.15037966,2.44582486,5.26273108
22003,1,1.25800002,4.81200027,6.82499981,8,0.688000023,62.5599976,26.6399994,0.0137320012,0.0457549989,0.0966750011,27.6000061,1565.1001,5,-6,48.9089661,1.17037523,2.50488019,7.53895187
22003,1,0.273600012,4.42000008,5.74499989,8,0.0600000024,-1.43999481,-12.5999985,0.0221880022,0.08109501,0.0700750053,-2.63999939,2780.30029,5,-6,32.8282852,1.84889114,3.46330643,4.58601427
22003,1,0.268999994,3.48400021,5.57999992,8,0.988000035,10.7200012,-71.4599991,0.0131160012,0.0874600038,0.0624749996,8.40000916,4328.7002,0,0,13.323204,2.68021107,2.59994388,1.3405081
22003,1,1.14990008,3.89600015,6.53499985,8,0.968000054,66.2400055,18.5400085,0.0244000014,0.0709300041,0.0692200065,40.5600052,4196.3999,4,-5,9.93958473,4.88226175,4.86857986,0.0314571559
22003,1,0.326499999,5.61200047,6.69999981,8,1.81200004,32.8000031,34.5600052,0.0253240019,0.0784350112,0.0476550013,45.0000076,2427.5,5,-5,24.001873,1.07002318,3.79024649,3.19026732
22003,1,1.88820004,2.91600013,6.0875001,8,1.19200003,64,72,0.0299160015,0.0993350074,0.0982900038,-33.8399963,996.700073,0,0,40.8313293,2.65980816,5.3176384,5.47564697
22003,1,1.82380009,3.21600008,7.88500023,8,1.19200003,64,73.2600098,0.00701200031,0.0410050005,0.0967700034,39.3600082,2750.90015,0,0,7.32523918,1.7748847,2.10190368,0.574741781
22003,1,1.21890008,3.47600007,6.51749992,8,3.18000007,-63.3600006,-30.4199944,0.0274520013,0.0168749988,0.0926850066,13.3199997,1295.6001,0,0,26.9858208,11.1525135,3.06222463,2.12851381
22003,1,1.26260006,3.3920002,6.45249987,8,1.84000003,13.4400101,27.0000076,0.0108760009,0.0412900001,0.0681750029,27.6000061,1565.1001,3,-5,44.2201118,1.39273477,1.56642807,6.87682438
22003,1,0.273600012,3.48400021,5.57999992,8,0.988000035,10.7200012,-71.4599991,0.0131160012,0.0875550061,0.0709300041,13.8000031,4848.1001,0,0,10.9558315,2.74240279,2.71098518,0.917073905
22003,1,0.273600012,3.48400021,5.57999992,8,0.988000035,10.7200012,-63,0.0191080011,0.0828050077,0.0707400069,-29.2799988,3838.69995,-6,-5,3.58066511,1.39094424,1.81241,0.0628851354
22003,1,0.29430002,4.09600019,7.5,8,0.688000023,62.5599976,26.6399994,0.0137320012,0.0457549989,0.099240005,-29.2799988,3838.69995,0,0,35.9661369,3.85203862,2.79667497,4.88623667
22003,1,1.63060009,4.09600019,7.50750017,8,2.74800014,10.7200012,-71.4599991,0.0131160012,0.0875550061,0.0707400069,-29.2799988,3838.69995,0,0,6.10609245,2.95605397,2.61660266,0.0889059454
22003,1,2.00779986,3.48400021,5.57999992,8,0.992000043,-56.4799995,63,0.0191080011,0.0877450034,0.0513599999,48.4800034,3794.6001,0,0,19.9006424,14.7360935,2.97630596,0.36470744
22003,1,0.273600012,3.48400021,5.57999992,8,1.01200008,32.8000031,34.5600052,0.0252400022,0.0709300041,0.0688400045,-29.2799988,3838.69995,0,0,13.446455,8.46360111,3.31133485,0.278586626
22003,1,1.21890008,3.89600015,6.53499985,8,1.78800011,10.7200012,-63,0.0191080011,0.0828050077,0.0707400069,-29.2799988,3838.69995,0,0,8.27892494,4.02422762,3.90535212,0.0582241714
22003,1,1.82380009,3.21600008,7.88500023,8,1.19200003,64,72,0.0299160015,0.0993350074,0.0982900038,-33.8399963,996.700073,0,0,80.6934586,44.5064049,5.06885576,5.18636703
22003,1,1.01190007,2.86400008,6.34250021,8,2.3920002,64,73.2600098,0.00701200031,0.0410050005,0.0967700034,39.3600082,2750.90015,0,0,4.12292194,1.77307796,2.14876461,0.0335132778
22003,1,1.25800002,4.81200027,6.82499981,8,0.688000023,62.5599976,26.6399994,0.0137320012,0.0457549989,0.0994300023,13.8000031,4848.1001,0,0,19.9521427,1.70793188,2.4509666,2.63220763
22003,1,0.29430002,4.09600019,7.50750017,8,2.75200009,-56.4799995,63,0.019332001,0.0457549989,0.0994300023,13.8000031,4848.1001,0,0,4.75020409,1.7913326,2.20905948,0.12496873
22003,1,1.14990008,3.89600015,6.53499985,8,0.968000054,66.2400055,18.5400085,0.0244000014,0.0709300041,0.0692200065,40.5600052,4220.8999,4,-5,9.96321869,4.86739349,4.8749423,0.0368138663
22003,1,1.82380009,3.21600008,7.88500023,8,1.19200003,64,73.2600098,0.00701200031,0.0410050005,0.0967700034,39.3600082,2726.40015,0,0,7.33008957,1.77476192,2.10030293,0.575837493
22003,1,1.21890008,3.89600015,6.53499985,8,2.98800015,7.52000427,-1.25999451,0.0104560014,0.0568699986,0.0598150007,30.3600006,658.600037,0,0,211.153732,1.69203544,2.07374239,34.5646591
22003,1,0.273600012,3.48400021,5.57999992,8,1.04000008,13.4400101,27.0000076,0.0107360007,0.0830900073,0.0361599997,12,4328.7002,0,0,27.9001579,4.99510765,2.83242893,3.34543681
22003,1,1.26260006,3.3920002,6.45249987,8,1.84000003,13.4400101,-71.4599991,0.0131160012,0.0875550061,0.0707400069,-29.2799988,3838.69995,5,-5,5.89906645,1.47743595,2.61465502,0.301162571
22003,1,0.273600012,3.48400021,5.57999992,8,0.988000035,10.7200012,10.4400024,0.0168680009,0.063804999,0.0711200088,40.5600052,4196.3999,0,0,17.6724834,3.75571418,2.49050903,1.90437675
22003,1,1.63060009,4.09600019,7.50750017,8,2.75200009,-56.4799995,63,0.0191080011,0.0877450034,0.0513599999,48.4800034,3794.6001,0,0,25.5113468,19.095253,2.56469774,0.641899347
22003,1,0.29430002,4.09600019,7.50750017,8,2.75200009,-56.4799995,54.1800079,0.0275080036,0.0877450034,0.0513599999,48.4800034,3794.6001,0,0,22.7355251,12.1138678,3.13630843,1.247558
22003,1,1.63060009,4.09600019,7.50750017,8,2.75200009,-56.4799995,63,0.0190520007,0.0168749988,0.0926850066,41.7600098,2202.1001,5,-6,19.1260548,1.28492749,2.41833925,2.57046485
22003,1,1.25800002,4.81200027,6.83249998,8,2.75200009,-56.4799995,63,0.019332001,0.0457549989,0.0994300023,13.8000031,4838.30029,0,0,21.0793324,1.75616384,2.10460901,2.86976004
22003,1,0.273600012,4.42000008,5.74499989,8,0.0600000024,-1.43999481,-12.5999985,0.0221880022,0.08109501,0.0700750053,-2.63999939,2790.1001,0,0,33.8480453,2.74276996,3.64492822,4.57672453
22003,1,0.280499995,2.85599995,6.0875001,8,2.55600023,-75.1999969,-39.7799988,0.0162240006,0.0601950027,0.0624749996,9.00000763,1447.5,0,0,11.5058422,5.23105335,2.08611536,0.698112428
22003,1,1.00960004,3.48400021,5.57999992,8,0.988000035,10.7200012,-71.4599991,0.0131160012,0.0875550061,0.0707400069,-29.2799988,3838.69995,5,-6,7.29469442,1.46267271,3.05057049,0.463575214
22003,1,1.21890008,3.89600015,6.53000021,8,0.988000035,10.7200012,-63,0.0191080011,0.0828050077,0.0707400069,-29.2799988,3838.69995,0,0,8.25820732,4.01702213,3.90065002,0.05675577
22003,1,0.273600012,3.48400021,5.58500004,8,1.81200004,32.8000031,34.5600052,0.0252400022,0.0709300041,0.0688400045,-29.2799988,3838.69995,0,0,13.4549007,8.5011797,3.31475043,0.27316165
22003,1,0.841700017,5.51600027,7.53499985,8,1.81200004,32.8000031,10.4400024,0.0182680022,0.063804999,0.0663700029,-9.59999847,3657.40015,0,0,37.8892212,3.41609216,3.55234051,5.15346432
22003,1,1.14990008,3.89600015,6.53250027,8,2.06400013,-46.2399979,10.4400024,0.0179880019,0.0637100041,0.0624749996,9.00000763,2447.1001,0,0,17.6376686,7.77626038,3.58059859,1.04680169
22003,1,1.25800002,3.47600007,6.51749992,8,2.1880002,10.7200012,-71.4599991,0.0131160012,0.0874600038,0.0621900037,-34.1999969,4407.1001,0,0,10.0530996,5.29543638,2.59208989,0.360928863
22003,1,0.29430002,4.09600019,7.50750017,8,2.75200009,-56.4799995,54.1800079,0.0274520013,0.0168749988,0.0926850066,41.7600098,2202.1001,4,-5,10.4913912,1.27852249,1.52931488,1.2805922
22003,1,1.21890008,4.81200027,6.83249998,8,2.06400013,-46.2399979,10.4400024,0.0182680022,0.0637100041,0.0691250041,39.6000061,1565.1001,0,0,87.3590546,1.71722329,2.0597856,13.9303408
22003,1,0.841700017,5.51600027,7.5250001,8,0.688000023,62.5599976,26.6399994,0.0137320012,0.0457549989,0.0994300023,13.8000031,4848.1001,0,0,24.8179302,1.66723776,2.42462897,3.4543438
22003,1,1.26260006,3.3920002,6.45249987,8,1.84000003,13.4400101,27.0000076,0.0107360007,0.0640900061,0.0361599997,12,2202.1001,0,0,21.4509659,9.50343227,4.70633221,1.20686686
22003,1,1.63060009,4,5.71500015,8,1.2240001,62.7200012,-39.7799988,0.0162240006,0.0784350112,0.0476550013,41.7600098,4328.7002,0,0,29.011097,4.72472,4.34141159,3.32416105
22003,1,1.14990008,3.89600015,6.53499985,8,1.81200004,32.8000031,34.5600052,0.0253240019,0.0784350112,0.0476550013,45.0000076,2368.7002,0,0,8.79104519,5.62518978,2.9178021,0.0413421914
22003,1,0.73360002,3.48400021,5.57999992,8,0.988000035,10.7200012,-71.4599991,0.0131160012,0.0875550061,0.0707400069,-29.2799988,3897.50024,5,-6,6.95428658,1.4019562,3.11422467,0.406351
22003,1,1.88820004,2.91600013,6.0875001,8,2.55600023,-75.1999969,-39.7799988,0.0169240013,0.0784350112,0.0476550013,41.7600098,2202.1001,0,0,26.3737183,17.2294941,6.19022083,0.492333829
22003,1,1.26260006,3.3920002,6.45249987,8,1.84000003,13.4400101,27.0000076,0.0108760009,0.0402450003,0.0513599999,48.3600082,3917.1001,0,0,24.9095097,7.75558996,3.50533247,2.27476454
22003,1,1.14990008,3.89600015,6.53499985,8,0.968000054,66.2400055,18.5400085,0.0244000014,0.0709300041,0.0692200065,40.5600052,4196.3999,4,-5,9.93958473,4.88226175,4.86857986,0.0314571559
22003,1,1.21890008,4.81200027,6.82499981,8,0.688000023,62.5599976,26.6399994,0.0137320012,0.0457549989,0.0994300023,13.8000031,4848.1001,0,0,19.9142208,1.70820296,2.45184398,2.62569571
22003,1,1.26260006,3.51200008,6.45249987,8,1.84000003,13.4400101,27.0000076,0.0108760009,0.0402450003,0.0508849993,41.7600098,2202.1001,0,0,102.837807,1.69313836,2.11818647,16.5044136
22003,1,0.29430002,4.09600019,7.50750017,8,2.75200009,-56.4799995,54.1800079,0.0274520013,0.0168749988,0.0931600034,48.3600082,3917.1001,0,0,9.1849432,5.89698839,2.30583048,0.163687378
22003,1,0.758899987,3.89600015,6.53499985,8,1.81200004,32.8000031,34.5600052,0.0253240019,0.0874600038,0.0624749996,9.00000763,2427.5,0,0,12.6067724,7.47925568,4.62803698,0.0832466036
22003,1,1.26260006,3.3920002,6.45249987,8,1.84000003,13.4400101,27.0000076,0.0108760009,0.0412900001,0.0681750029,27.6000061,1565.1001,3,-5,44.2201118,1.39273477,1.56642807,6.87682438
22003,1,2.00779986,3.21600008,6.45249987,8,1.84000003,13.4400101,27.0000076,0.0108760009,0.0402450003,0.0513599999,48.3600082,3917.1001,0,0,66.0126572,9.3425312,3.20262098,8.91125107
22003,1,1.26260006,3.3920002,7.88500023,8,1.19200003,64,73.2600098,0.00701200031,0.0406250022,0.0926850066,41.7600098,2202.1001,0,0,4.86712122,1.77285731,2.14136267,0.158816874
22003,1,0.268999994,3.48400021,5.57999992,8,0.988000035,10.7200012,-71.4599991,0.0131160012,0.0874600038,0.0624749996,8.40000916,4196.3999,0,0,13.7312393,2.48612952,2.59646177,1.4414413
22003,1,1.14990008,3.89600015,6.53499985,8,0.968000054,66.2400055,18.5400085,0.0244000014,0.0709300041,0.0692200065,40.5600052,4328.7002,4,-5,9.95405102,5.0435729,4.67222261,0.0397092514
22003,1,1.01190007,3.08400011,5.57999992,8,0.988000035,10.7200012,-71.4599991,0.0131160012,0.0875550061,0.0707400069,-29.2799988,3838.69995,0,0,6.83839989,3.66717172,2.86108923,0.0516897775
22003,1,0.73360002,3.26399994,6.34250021,8,2.18000007,-53.2799988,-71.4599991,0.0131160012,0.0875550061,0.0707400069,-29.2799988,3838.69995,0,0,11.6374636,5.56973886,2.48484397,0.597146749
22003,1,0.73360002,3.48400021,5.57999992,8,0.988000035,10.7200012,-71.4599991,0.0131160012,0.0875550061,0.0707400069,-29.2799988,3838.69995,5,-6,7.07131386,1.43682659,3.03197265,0.433752358
22003,1,1.63060009,4.09600019,7.50750017,8,2.75200009,-56.4799995,63,0.0191080011,0.0877450034,0.0513599999,48.4800034,3794.6001,0,0,25.5113468,19.095253,2.56469774,0.641899347
22003,1,1.33620012,4.03200006,7.73250008,8,0.704000056,-46.2399979,-72.7200012,0.0209000017,0.0685550049,0.0707400069,-29.2799988,3838.69995,0,0,15.7742348,9.27074528,4.05680323,0.407781065
22003,1,0.273600012,3.48400021,5.57999992,8,0.988000035,10.7200012,-71.4599991,0.0131160012,0.088030003,0.0422400013,37.0800018,2780.30029,0,0,16.3254662,5.78423643,4.31855488,1.03711224
22003,1,1.14990008,3.5999999,5.71500015,8,1.2240001,62.7200012,65.1600037,0.0241760034,0.0800500065,0.0524999984,-29.0399971,3917.1001,0,0,14.5260124,7.8358407,6.32722425,0.0604912639
22003,1,0.29430002,4.296,6.53499985,8,0.968000054,66.2400055,18.5400085,0.0244000014,0.0709300041,0.0692200065,40.5600052,4196.3999,4,-5,7.44970989,3.10832262,3.45218539,0.148200348
22003,1,0.268999994,3.48400021,5.57999992,8,0.988000035,10.7200012,-71.4599991,0.0131160012,0.0874600038,0.0624749996,8.40000916,4328.7002,0,0,13.323204,2.68021107,2.59994388,1.3405081
22003,1,1.82380009,3.21600008,7.88500023,8,0.832000017,64,73.2600098,0.00701200031,0.0410050005,0.0967700034,39.3600082,2750.90015,0,0,7.32523918,1.7748847,2.10190368,0.574741781
22003,1,1.26260006,3.3920002,6.45249987,8,1.84000003,13.4400101,27.0000076,0.0108760009,0.0402450003,0.0513599999,48.4800034,3804.40015,0,0,24.9402084,6.98574162,3.1862824,2.46136379
22003,1,1.14990008,3.89600015,6.53499985,8,0.968000054,66.2400055,18.5400085,0.0244000014,0.0709300041,0.0692200065,40.5600052,4196.3999,4,-5,9.93958473,4.88226175,4.86857986,0.0314571559
22003,1,1.63060009,4,5.71500015,8,2.1880002,10.7200012,-71.4599991,0.0131160012,0.0874600038,0.0621900037,-34.1999969,4407.1001,0,0,12.1236401,2.67483377,3.14051056,1.05138266
22003,1,1.25800002,3.47600007,6.51749992,8,1.2240001,62.7200012,-39.7799988,0.0162240006,0.0784350112,0.0476550013,41.7600098,2202.1001,0,0,17.6882381,11.2212105,6.14156675,0.0542433374
22003,1,0.273600012,3.48400021,5.50750017,8,2.75200009,-56.4799995,54.1800079,0.0274520013,0.0168749988,0.0926850066,41.7600098,2202.1001,5,-6,30.4866657,1.02872312,2.36011052,4.51630545
22003,1,0.29430002,4.09600019,7.57999992,8,0.988000035,10.7200012,-63,0.0191080011,0.0828050077,0.0707400069,-29.2799988,3838.69995,0,0,10.786109,3.91822433,3.48699927,0.563480914
22003,1,0.268999994,3.48400021,5.57999992,8,0.988000035,10.7200012,-71.4599991,0.0131160012,0.0874600038,0.0624749996,8.40000916,4196.3999,0,0,13.7312393,2.48612952,2.59646177,1.4414413
22003,1,0.273600012,3.48400021,5.57999992,8,0.988000035,10.7200012,-63,0.0191080011,0.0828050077,0.0707400069,-29.2799988,3838.69995,-6,-5,3.58066511,1.39094424,1.81241,0.0628851354
22003,1,1.25800002,3.47600007,6.51749992,8,2.1880002,10.7200012,-71.4599991,0.0131160012,0.0874600038,0.0621900037,-34.1999969,4407.1001,0,0,10.0530996,5.29543638,2.59208989,0.360928863
22003,1,1.19360006,3.48400021,5.57999992,8,0.988000035,10.7200012,-71.4599991,0.0131160012,0.0875550061,0.0707400069,-29.2799988,3838.69995,5,-6,7.37824726,1.4693712,3.05450273,0.475728929
22003,1,0.802600026,3.3920002,6.45249987,8,1.84000003,13.4400101,-71.4599991,0.0131160012,0.0875550061,0.0707400069,-29.2799988,3838.69995,5,-5,5.94603825,1.47051334,2.61300373,0.310420215
22003,1,1.25800002,4.09600019,7.50750017,8,2.75200009,-56.4799995,54.1800079,0.0275080036,0.0877450034,0.0513599999,48.4800034,3794.6001,0,0,24.4230461,13.2896719,3.69404316,1.23988867
22003,1,0.29430002,3.47600007,6.51749992,8,2.1880002,10.7200012,-71.4599991,0.0131160012,0.0874600038,0.0621900037,-34.1999969,4407.1001,0,0,9.2427206,4.67308855,2.71013951,0.309915453
22003,1,1.19360006,3.48400021,5.57999992,8,0.988000035,10.7200012,-71.4599991,0.0131160012,0.0875550061,0.0707400069,-29.2799988,3897.50024,5,-6,7.26151848,1.42964661,3.1543901,0.446247041
22003,1,0.758899987,4.81200027,6.82499981,8,0.688000023,62.5599976,26.6399994,0.0137320012,0.0457549989,0.0994300023,13.8000031,4848.1001,0,0,19.3815765,1.7136178,2.46520019,2.53379321
22003,1,0.758899987,3.89600015,6.53499985,8,1.81200004,32.8000031,34.5600052,0.0253240019,0.0887900069,0.0681750029,27.6000061,1565.1001,0,0,10.8333492,4.88075876,2.17895746,0.628938735
22003,1,1.26260006,3.3920002,6.45249987,8,1.84000003,13.4400101,27.0000076,0.0108760009,0.0399600007,0.0624749996,9.00000763,2427.5,0,0,27.1893883,5.70956278,2.86670876,3.1021862
22003,1,0.29430002,4.2840004,5.57999992,8,0.988000035,10.7200012,-71.4599991,0.0131160012,0.0875550061,0.0707400069,-29.2799988,3838.69995,0,0,23.8017654,1.69446254,2.57275033,3.255759
22003,1,1.01190007,3.09600019,6.53499985,8,0.968000054,66.2400055,18.5400085,0.0244000014,0.0709300041,0.0692200065,40.5600052,4196.3999,0,0,39.4886208,19.7678242,5.3505249,2.39504528
22003,1,0.273600012,3.48400021,5.57999992,8,0.988000035,10.7200012,-63,0.0191080011,0.0828050077,0.0707400069,-29.2799988,3804.40015,-6,-5,3.60885477,1.38013375,1.81220222,0.0694197863
22003,1,1.26260006,3.3920002,6.45249987,8,1.84000003,13.4400101,27.0000076,0.0108760009,0.0402450003,0.0513599999,48.4800034,3838.69995,0,0,24.8966122,7.16959476,3.27264237,2.40906262
22003,1,1.33620012,4.03200006,7.73250008,8,0.704000056,-46.2399979,-72.7200012,0.0209000017,0.0685550049,0.0707400069,-29.2799988,3838.69995,0,0,15.7742348,9.27074528,4.05680323,0.407781065
22003,1,1.26260006,3.3920002,6.45249987,8,1.84000003,13.4400101,-71.4599991,0.0131160012,0.0875550061,0.0707400069,-29.2799988,3838.69995,5,-5,5.89906645,1.47743595,2.61465502,0.301162571
22003,1,1.82380009,3.21600008,7.7750001,8,0.688000023,62.5599976,26.6399994,0.0137320012,0.0457549989,0.0994300023,13.8000031,4848.1001,0,0,28.5419788,13.7105103,2.34242749,2.08150673
22003,1,0.841700017,5.51600027,7.63500023,8,1.19200003,64,73.2600098,0.00701200031,0.0410050005,0.0967700034,39.3600082,2726.40015,0,0,64.7889786,1.78404796,2.09873676,10.1510324
22003,1,1.01190007,3.08400011,5.57999992,8,0.988000035,10.7200012,-71.4599991,0.0131160012,0.0875550061,0.0967700034,39.3600082,2750.90015,0,0,26.5361938,2.14502001,2.82395196,3.59453702
22003,1,1.82380009,3.21600008,7.88500023,8,0.832000017,64,73.2600098,0.00701200031,0.0410050005,0.0707400069,-29.2799988,3838.69995,0,0,23.1035061,18.1858921,3.11502028,0.300432205
22003,1,1.00960004,3.48400021,5.57999992,8,0.988000035,10.7200012,-71.4599991,0.0131160012,0.0874600038,0.0624749996,8.40000916,4196.3999,0,0,15.6952572,3.75940394,3.75804567,1.36296773
22003,1,0.268999994,3.48400021,5.57999992,8,0.988000035,10.7200012,-71.4599991,0.0131160012,0.0875550061,0.0707400069,-29.2799988,3838.69995,0,0,6.985425,2.05773282,2.64706969,0.380103737
22003,1,1.14990008,3.89600015,6.53499985,8,0.968000054,66.2400055,18.5400085,0.0244000014,0.0709300041,0.0692200065,-29.0399971,3917.1001,0,0,18.7795467,11.4000454,5.49296904,0.314421922
22003,1,1.14990008,3.5999999,5.71500015,8,1.2240001,62.7200012,65.1600037,0.0241760034,0.0800500065,0.0524999984,40.5600052,4196.3999,0,0,19.4651604,12.826827,5.65968084,0.163108647
22003,1,0.298900008,3.89600015,6.53000021,8,0.988000035,10.7200012,-63,0.0191080011,0.0828050077,0.0707400069,-29.2799988,3838.69995,0,0,7.04955101,3.38297129,3.05433035,0.102041587
22003,1,1.21430004,4.09600019,7.50750017,8,2.75200009,-56.4799995,63,0.019332001,0.0457549989,0.0994300023,13.8000031,4848.1001,0,0,4.86789227,1.88522625,2.16415262,0.136418924
22003,1,1.82380009,3.21600008,7.88500023,8,0.832000017,64,73.2600098,0.00701200031,0.0410050005,0.0967700034,39.3600082,4196.3999,0,0,7.30405617,1.7701776,2.09225631,0.57360369
22003,1,0.29430002,4.296,6.53499985,8,0.968000054,66.2400055,18.5400085,0.0244000014,0.0709300041,0.0692200065,40.5600052,2750.90015,0,0,12.1670256,4.87632751,3.45458341,0.639352441
22003,1,0.29430002,4.09600019,7.57999992,8,0.988000035,10.7200012,-71.4599991,0.0131160012,0.0875550061,0.0707400069,-29.2799988,3838.69995,0,0,6.11581707,2.81597066,2.65820193,0.106940709
22003,1,1.01190007,3.08400011,5.57999992,8,0.988000035,10.7200012,-63,0.0191080011,0.0828050077,0.0707400069,-29.2799988,3838.69995,0,0,13.0994053,7.00770044,3.64094853,0.408459455
22003,1,1.82380009,3.21600008,7.88500023,8,1.19200003,64,73.2600098,0.00701200031,0.0410050005,0.0967700034,41.7600098,4328.7002,0,0,7.81224346,1.7836256,2.10059786,0.65467
22003,1,1.63060009,4,5.71500015,8,1.2240001,62.7200012,-39.7799988,0.0162240006,0.0784350112,0.0476550013,39.3600082,2726.40015,0,0,28.40061,3.44944143,5.45262575,3.24975705
22003,1,0.273600012,3.48400021,5.57999992,8,1.01200008,32.8000031,34.5600052,0.0252400022,0.0709300041,0.0624749996,8.40000916,4328.7002,0,0,9.6809597,6.61533022,2.72431803,0.0568853579
22003,1,0.268999994,3.48400021,5.57999992,8,0.988000035,10.7200012,-71.4599991,0.0131160012,0.0874600038,0.0688400045,-29.2799988,3838.69995,5,-6,5.23178482,1.1654017,2.49364328,0.262123257
22003,1,0.710600019,4,5.71500015,8,2.1880002,10.7200012,-71.4599991,0.0131160012,0.0874600038,0.0621900037,-34.1999969,4407.1001,0,0,11.5310755,2.53777599,3.22438526,0.961485684
22003,1,0.73360002,3.48400021,5.57999992,8,0.988000035,10.7200012,-71.4599991,0.0131160012,0.0875550061,0.0707400069,-29.2799988,3897.50024,5,-6,6.95428658,1.4019562,3.11422467,0.406351
22003,1,0.758899987,3.89600015,6.53499985,8,1.81200004,32.8000031,34.5600052,0.0253240019,0.0828050077,0.0707400069,-29.2799988,3838.69995,0,0,17.4002914,11.0624075,6.26953316,0.0113917403
22003,1,1.21890008,3.89600015,6.53499985,8,1.78800011,10.7200012,-63,0.0191080011,0.0874600038,0.0624749996,9.00000763,2427.5,0,0,13.6850281,7.09346485,4.28831005,0.383875489
22003,1,0.73360002,3.26399994,6.34250021,8,2.18000007,-53.2799988,-71.4599991,0.019332001,0.0457549989,0.0994300023,13.8000031,4848.1001,0,0,8.41184044,4.59836245,2.25189304,0.260264188
22003,1,0.29430002,4.09600019,7.50750017,8,2.75200009,-56.4799995,63,0.0131160012,0.0875550061,0.0707400069,-29.2799988,3838.69995,0,0,12.1794243,4.89374447,3.98424196,0.550239742
22003,1,1.63060009,4.09600019,7.50750017,8,2.74800014,64,73.2600098,0.00701200031,0.0406250022,0.0926850066,41.7600098,2202.1001,0,0,19.7705345,1.77906382,2.11236787,2.64651728
22003,1,1.26260006,3.3920002,7.88500023,8,1.19200003,10.7200012,-71.4599991,0.0131160012,0.0875550061,0.0707400069,-29.2799988,3838.69995,0,0,18.0036736,4.17217684,2.66648936,1.86083484
22003,1,0.29430002,4.09600019,7.50750017,8,2.75200009,-56.4799995,54.1800079,0.0274520013,0.0168749988,0.0931600034,48.3600082,3917.1001,0,0,9.1849432,5.89698839,2.30583048,0.163687378
22003,1,0.273600012,3.48400021,5.57999992,8,0.988000035,10.7200012,10.4400024,0.0168680009,0.063804999,0.0711200088,40.5600052,4196.3999,0,0,17.6724834,3.75571418,2.49050903,1.90437675
22003,1,0.280499995,2.85599995,6.0875001,8,2.5480001,10.7200012,-71.4599991,0.0131160012,0.0874600038,0.0621900037,-34.1999969,4407.1001,0,0,17.2093449,6.81891441,2.85321307,1.25620282
22003,1,1.63060009,4,5.71500015,8,2.1960001,-75.1999969,-39.7799988,0.0162240006,0.0601950027,0.0624749996,9.12000275,1447.5,0,0,199.610718,1.7130053,2.33914399,32.5930939
22003,1,1.00960004,3.48400021,5.57999992,8,1.08800006,62.5599976,26.6399994,0.0137320012,0.0457549989,0.0994300023,13.8000031,4848.1001,6,-6,9.2263279,0.984281361,3.6778512,0.760699272
22003,1,0.841700017,5.51600027,7.5250001,8,0.588,10.7200012,-71.4599991,0.0131160012,0.0875550061,0.0707400069,-29.2799988,3838.69995,0,0,15.4637871,1.86028636,2.60614562,1.83289242
22003,1,0.73360002,2.85599995,6.0875001,8,2.55600023,-75.1999969,-39.7799988,0.0162240006,0.0601950027,0.0624749996,9.00000763,1447.5,0,0,16.5356178,4.4152751,2.00683641,1.68558431
22003,1,0.280499995,3.26399994,6.34250021,8,2.18000007,-53.2799988,-71.4599991,0.0131160012,0.0875550061,0.0707400069,-29.2799988,3838.69995,0,0,10.867837,5.05494499,2.46214199,0.558458269
22003,1,0.73360002,3.48400021,5.57999992,8,0.988000035,10.7200012,-71.4599991,0.0131160012,0.0875550061,0.0707400069,-29.2799988,3897.50024,5,-6,6.95428658,1.4019562,3.11422467,0.406351
22003,1,1.14990008,3.89600015,6.53499985,8,0.968000054,66.2400055,18.5400085,0.0244000014,0.0709300041,0.0692200065,40.5600052,4220.8999,4,-5,9.96321869,4.86739349,4.8749423,0.0368138663
22003,1,1.21890008,3.89600015,6.53499985,8,1.78800011,9.59999847,-39.7799988,0.0162240006,0.0601950027,0.0624749996,9.00000763,1447.5,0,0,78.8329315,2.15853524,2.20592666,12.4114113
22003,1,0.280499995,2.85599995,6.0875001,8,2.55600023,-74.0800018,-63,0.0191080011,0.0828050077,0.0707400069,-29.2799988,3838.69995,0,0,28.6284981,10.3742342,3.32435679,2.48831797
22003,1,1.14990008,3.88400006,5.57999992,8,0.988000035,10.7200012,-71.4599991,0.0131160012,0.0875550061,0.0707400069,-29.2799988,3838.69995,0,0,15.6612644,2.00107384,2.78886795,1.81188715
22003,1,0.73360002,3.49600005,6.53250027,8,2.06400013,-46.2399979,10.4400024,0.0179880019,0.0637100041,0.0624749996,9.00000763,2447.1001,0,0,20.2130394,15.4323912,4.41705036,0.0605998151
22003,1,0.758899987,3.89600015,6.53499985,8,1.81200004,32.8000031,34.5600052,0.0253240019,0.0874600038,0.0624749996,9.00000763,2427.5,0,0,12.6067724,7.47925568,4.62803698,0.0832466036
22003,1,1.63060009,4,5.71500015,8,2.1880002,10.7200012,-71.4599991,0.0131160012,0.0874600038,0.0621900037,-34.1999969,4407.1001,0,0,12.1236401,2.67483377,3.14051056,1.05138266
22003,1,0.29430002,4.09600019,7.50750017,8,2.75200009,-56.4799995,63,0.019332001,0.0457549989,0.0994300023,14.1600037,4196.3999,0,0,7.3604393,1.7695905,2.12621474,0.57743901
22003,1,1.14990008,3.89600015,6.53499985,8,0.968000054,66.2400055,18.5400085,0.0244000014,0.0709300041,0.0692200065,40.2000046,4848.1001,0,0,12.7262697,8.5270071,3.87091327,0.0547248162
22003,1,0.73360002,3.48400021,5.57999992,8,0.988000035,10.7200012,-71.4599991,0.0131160012,0.0875550061,0.0707400069,-29.2799988,3838.69995,5,-6,7.07131386,1.43682659,3.03197265,0.433752358
22003,1,1.14990008,3.89600015,6.53499985,8,0.968000054,66.2400055,18.5400085,0.0244000014,0.0709300041,0.0692200065,40.5600052,4220.8999,4,-5,9.96321869,4.86739349,4.8749423,0.0368138663
22003,1,0.268999994,2.86400008,6.34250021,8,2.3920002,64,73.2600098,0.00701200031,0.0410050005,0.0967700034,39.3600082,2750.90015,0,0,4.72984648,1.77454364,2.09976482,0.142589688
22003,1,1.01190007,3.48400021,5.57999992,8,0.988000035,10.7200012,-71.4599991,0.0131160012,0.0874600038,0.0624749996,8.40000916,4196.3999,0,0,15.6966515,3.75978231,3.75839281,1.36307943
22003,1,1.14990008,3.89600015,6.53499985,8,1.81200004,32.8000031,34.5600052,0.0253240019,0.0828050077,0.0707400069,-29.2799988,3838.69995,0,0,17.6994209,11.1634188,6.4770155,0.00983119011
22003,1,0.273600012,3.48400021,5.57999992,8,0.988000035,10.7200012,-63,0.0191080011,0.0828050077,0.0707400069,-29.2799988,3838.69995,-6,-5,3.58066511,1.39094424,1.81241,0.0628851354
22003,1,0.758899987,3.5999999,5.71500015,8,1.2240001,62.7200012,65.1600037,0.0241760034,0.0800500065,0.0524999984,40.5600052,4196.3999,0,0,19.1650314,12.6298532,5.56533623,0.161640376
22003,1,1.82380009,3.21600008,7.88500023,8,0.832000017,64,73.2600098,0.00701200031,0.0410050005,0.0707400069,-29.2799988,3838.69995,0,0,23.1035061,18.1858921,3.11502028,0.300432205
22003,1,1.14990008,3.88400006,5.57999992,8,0.988000035,10.7200012,-71.4599991,0.0131160012,0.0875550061,0.0967700034,39.3600082,4196.3999,5,-5,42.1204262,1.01996613,2.45520091,6.44087648
22003,1,1.14990008,3.6960001,7.50750017,8,2.75200009,-56.4799995,63,0.019332001,0.0457549989,0.0994300023,13.8000031,4848.1001,0,0,11.083169,2.26377392,2.14612556,1.11221159
22003,1,1.21430004,4,5.71500015,8,1.2240001,62.7200012,65.1600037,0.0241760034,0.0800500065,0.0524999984,40.5600052,4196.3999,0,0,15.3082619,9.2512579,5.69779539,0.0598680899
22003,1,0.29430002,3.47600007,6.51749992,8,2.1880002,10.7200012,-71.4599991,0.0244000014,0.0709300041,0.0692200065,40.5600052,2750.90015,0,0,8.81533146,4.73677969,2.49115562,0.264566004
22003,1,0.29430002,4.296,6.53499985,8,0.968000054,66.2400055,18.5400085,0.0131160012,0.0874600038,0.0621900037,-34.1999969,4407.1001,0,0,23.9846077,4.55746889,3.24682665,2.69671893
22003,1,0.29430002,4.09600019,7.57999992,8,0.988000035,10.7200012,-71.4599991,0.0131160012,0.0875550061,0.0707400069,-29.2799988,3853.40015,0,0,6.13355303,2.84085798,2.6290164,0.110613093
22003,1,1.82380009,3.21600008,7.88500023,8,0.832000017,64,73.2600098,0.00701200031,0.0410050005,0.0967700034,39.3600082,4181.7002,0,0,7.31451845,1.77031875,2.09234571,0.575309038
22003,1,1.26260006,3.3920002,6.45249987,8,1.84000003,13.4400101,27.0000076,0.0108760009,0.0399600007,0.0624749996,9.00000763,2427.5,0,0,27.1893883,5.70956278,2.86670876,3.1021862
22003,1,1.25800002,3.47600007,6.51749992,8,2.1880002,10.7200012,-71.4599991,0.0131160012,0.0874600038,0.0621900037,-34.1999969,4407.1001,0,0,10.0530996,5.29543638,2.59208989,0.360928863
22003,1,0.73360002,3.48400021,5.57999992,8,0.988000035,10.7200012,-71.4599991,0.0131160012,0.0874600038,0.0688400045,-29.2799988,3838.69995,5,-6,6.05193329,1.24724841,3.00974035,0.299157411
22003,1,0.268999994,3.48400021,5.57999992,8,0.988000035,10.7200012,-71.4599991,0.0131160012,0.0875550061,0.0707400069,-29.2799988,3897.50024,0,0,6.92912483,2.10749459,2.65673804,0.360815316
22003,1,1.33620012,4.03200006,7.73250008,8,0.704000056,-46.2399979,-72.7200012,0.0209000017,0.0685550049,0.0707400069,-29.2799988,3838.69995,0,0,15.7742348,9.27074528,4.05680323,0.407781065
22003,1,1.26260006,3.3920002,6.45249987,8,2.6400001,13.4400101,27.0000076,0.0108760009,0.0402450003,0.0513599999,48.4800034,3838.69995,0,0,24.8966122,7.16959476,3.27264237,2.40906262
22003,1,0.73360002,3.48400021,5.57999992,8,0.988000035,10.7200012,-71.4599991,0.0131160012,0.0875550061,0.0707400069,-29.2799988,3887.7002,5,-6,6.97751617,1.41002572,3.09767032,0.41163677
22003,1,1.26260006,3.3920002,6.45249987,8,1.84000003,13.4400101,-71.4599991,0.0131160012,0.0875550061,0.0707400069,-29.2799988,3848.50024,0,0,8.3618536,3.88042831,2.68480206,0.299437195
22003,1,0.802600026,3.3920002,6.45249987,8,1.84000003,13.4400101,-71.4599991,0.0252400022,0.0709300041,0.0624749996,8.40000916,4328.7002,0,0,25.7844543,17.5154133,5.57924604,0.448299229
22003,1,0.273600012,3.48400021,5.57999992,8,1.01200008,32.8000031,34.5600052,0.0131160012,0.0875550061,0.0707400069,-29.2799988,3838.69995,0,0,18.0531731,4.90530777,2.48579693,1.77701116
22003,1,0.273600012,3.48400021,5.57999992,8,0.988000035,10.7200012,-63,0.0191080011,0.0828050077,0.0707400069,-29.2799988,3838.69995,-6,-5,3.58066511,1.39094424,1.81241,0.0628851354
22003,1,0.268999994,3.48400021,5.57999992,8,0.988000035,10.7200012,-71.4599991,0.0131160012,0.0875550061,0.0707400069,-29.2799988,3838.69995,0,0,6.985425,2.05773282,2.64706969,0.380103737
22003,1,0.273600012,3.48400021,5.57999992,8,0.988000035,10.7200012,-63,0.0192760024,0.0875550061,0.0707400069,-29.2799988,3897.50024,0,0,7.4383955,3.74235964,3.28921533,0.0678034574
22003,1,0.73360002,3.48400021,5.57999992,8,0.988000035,10.7200012,-71.4599991,0.0129480017,0.0828050077,0.0707400069,-29.2799988,3804.40015,0,0,9.13248539,2.11246729,2.68471503,0.722550452
22003,1,0.841700017,5.51600027,7.5250001,8,0.588,10.7200012,-71.4599991,0.0131160012,0.0875550061,0.0707400069,-29.2799988,3838.69995,0,0,15.4637871,1.86028636,2.60614562,1.83289242
22003,1,0.29430002,4.09600019,7.57999992,8,0.988000035,10.7200012,-71.4599991,0.0131160012,0.0875550061,0.0707400069,-29.2799988,3838.69995,0,0,6.11581707,2.81597066,2.65820193,0.106940709
22003,1,0.802600026,3.3920002,6.45249987,8,1.84000003,-56.4799995,63,0.019332001,0.0457549989,0.0994300023,13.8000031,4848.1001,0,0,6.17230988,1.93320429,2.16590762,0.345533013
22003,1,1.21430004,4.09600019,7.50750017,8,2.75200009,13.4400101,-71.4599991,0.0131160012,0.0875550061,0.0707400069,-29.2799988,3838.69995,5,-6,4.68126774,1.17536771,2.69369102,0.135368168
22003,1,1.26260006,3.3920002,6.45249987,8,1.76800013,66.2400055,18.5400085,0.0244000014,0.0709300041,0.0692200065,40.5600052,2750.90015,0,0,23.2227936,15.8643036,5.27122068,0.347878188
22003,1,0.29430002,4.296,6.53499985,8,1.04000008,13.4400101,-71.4599991,0.0131160012,0.0875550061,0.0707400069,-29.2799988,3838.69995,0,0,7.97497129,2.20849943,2.90505075,0.476903528
22003,1,1.33620012,4.03200006,7.73250008,8,0.704000056,-46.2399979,-72.7200012,0.0209000017,0.0685550049,0.0707400069,-29.2799988,3848.50024,0,0,15.7588997,9.2179985,4.0666728,0.412371218
22003,1,1.26260006,3.3920002,6.45249987,8,1.84000003,13.4400101,27.0000076,0.0108760009,0.0399600007,0.0624749996,9.00000763,2417.7002,0,0,27.3676739,5.63315201,2.8763206,3.14303374
22003,1,1.19360006,3.48400021,5.57999992,8,0.988000035,10.7200012,-71.4599991,0.0131160012,0.0875550061,0.0707400069,-29.2799988,3897.50024,5,-6,7.26151848,1.42964661,3.1543901,0.446247041
22003,1,1.33620012,4.03200006,7.73250008,8,0.704000056,-46.2399979,-72.7200012,0.0209000017,0.0685550049,0.0707400069,-29.2799988,3838.69995,0,0,15.7742348,9.27074528,4.05680323,0.407781065
22003,1,0.268999994,3.48400021,5.57999992,8,0.988000035,10.7200012,-71.4599991,0.0131160012,0.0874600038,0.0624749996,8.40000916,4196.3999,0,0,13.7312393,2.48612952,2.59646177,1.4414413
22003,1,1.00960004,3.48400021,5.57999992,8,0.988000035,10.7200012,-71.4599991,0.0131160012,0.0874600038,0.0688400045,-29.2799988,3838.69995,5,-6,6.28364944,1.25623715,3.08370733,0.323950827
22003,1,0.802600026,3.3920002,6.45249987,8,1.84000003,13.4400101,-71.4599991,0.0131160012,0.0875550061,0.0707400069,-29.2799988,3838.69995,5,-5,5.94603825,1.47051334,2.61300373,0.310420215
22003,1,0.758899987,3.89600015,6.53499985,8,1.81200004,32.8000031,16.5599976,0.0253240019,0.0874600038,0.0624749996,9.00000763,2427.5,0,0,17.0196705,10.4887867,6.12735701,0.0672543123
22003,1,0.29430002,4.296,6.53499985,8,0.968000054,66.7200012,-63,0.0191080011,0.0828050077,0.0707400069,-29.2799988,3838.69995,5,-6,5.09534359,1.37216306,2.95507932,0.128016889
22003,1,0.298900008,3.89600015,6.53000021,8,0.988000035,10.2400055,18.5400085,0.0244000014,0.0709300041,0.0692200065,40.5600052,2750.90015,0,0,11.9462118,7.67478085,3.51788998,0.12559022
22003,1,0.758899987,3.89600015,6.53499985,8,1.81200004,32.8000031,34.5600052,0.0253240019,0.0828050077,0.0707400069,-29.2799988,3838.69995,0,0,17.4002914,11.0624075,6.26953316,0.0113917403
22003,1,1.26260006,3.3920002,6.45249987,8,1.84000003,13.4400101,-71.4599991,0.0131160012,0.0875550061,0.0707400069,-29.2799988,3838.69995,5,-5,5.89906645,1.47743595,2.61465502,0.301162571
22003,1,0.802600026,3.3920002,6.45249987,8,1.84000003,13.4400101,-71.4599991,0.0131160012,0.0875550061,0.0707400069,-29.2799988,3838.69995,5,-5,5.94603825,1.47051334,2.61300373,0.310420215
22003,1,0.29430002,4.09600019,7.57999992,8,0.988000035,10.7200012,-71.4599991,0.0131160012,0.0875550061,0.0707400069,-29.2799988,3838.69995,0,0,6.11581707,2.81597066,2.65820193,0.106940709
22003,1,0.268999994,3.48400021,5.57999992,8,0.988000035,10.7200012,-71.4599991,0.012612001,0.0410050005,0.0967700034,41.7600098,4328.7002,0,0,60.1858253,2.46596217,2.28624606,9.23893642
22003,1,1.82380009,3.21600008,7.88500023,8,1.19200003,64,73.2600098,0.00751600042,0.0875550061,0.0707400069,-29.2799988,3838.69995,0,0,30.0799103,2.967278,2.41500926,4.11627054
22003,1,1.14990008,3.89600015,5.57999992,8,0.988000035,10.7200012,-63,0.0191080011,0.0828050077,0.0707400069,-29.2799988,3838.69995,0,0,11.4034424,2.29485917,2.94680309,1.02696335
22003,1,0.273600012,3.48400021,6.53499985,8,0.968000054,66.2400055,18.5400085,0.0244000014,0.0709300041,0.0692200065,40.2000046,4848.1001,0,0,23.0167789,13.7958994,3.37355471,0.974554241
22003,1,1.21430004,4.09600019,7.50750017,8,2.75200009,-56.4799995,63,0.019332001,0.0457549989,0.0994300023,13.8000031,4848.1001,0,0,4.86789227,1.88522625,2.16415262,0.136418924
22003,1,1.00960004,3.48400021,5.57999992,8,0.988000035,10.7200012,-71.4599991,0.0131160012,0.0874600038,0.0624749996,8.40000916,4196.3999,0,0,15.6952572,3.75940394,3.75804567,1.36296773
22003,1,1.14990008,3.89600015,6.53499985,8,0.968000054,66.2400055,18.0000076,0.019332001,0.0457549989,0.0994300023,14.1600037,4196.3999,0,0,16.3204212,6.14886379,3.02592444,1.19093871
22003,1,0.29430002,4.09600019,7.50750017,8,2.75200009,-56.4799995,63.5400085,0.0244000014,0.0709300041,0.0692200065,40.2000046,4848.1001,0,0,15.2171497,6.37941408,3.92007971,0.819609284
22003,1,0.841700017,5.51600027,7.5250001,8,0.588,10.7200012,-71.4599991,0.0131160012,0.0875550061,0.0707400069,-29.2799988,3804.40015,0,0,15.3953581,1.85764277,2.61633182,1.82023048
22003,1,0.273600012,3.48400021,5.57999992,8,0.988000035,10.7200012,-63,0.0191080011,0.0828050077,0.0707400069,-29.2799988,3838.69995,-6,-5,3.58066511,1.39094424,1.81241,0.0628851354
22003,1,0.268999994,3.48400021,5.57999992,8,0.988000035,10.7200012,-71.4599991,0.0131160012,0.0875550061,0.0707400069,-29.2799988,3838.69995,0,0,6.985425,2.05773282,2.64706969,0.380103737
22003,1,0.268999994,3.48400021,5.57999992,8,0.988000035,10.7200012,-71.4599991,0.0131160012,0.0874600038,0.0688400045,-29.2799988,3838.69995,5,-6,5.23178482,1.1654017,2.49364328,0.262123257
22003,1,1.63060009,4,5.71500015,8,2.1880002,10.7200012,-71.4599991,0.0131160012,0.0874600038,0.0707400069,-29.2799988,3838.69995,0,0,17.1472683,2.04012227,2.79116058,2.05266428
22003,1,1.26260006,3.3920002,7.88500023,8,1.19200003,10.7200012,-71.4599991,0.0131160012,0.0875550061,0.0621900037,-34.1999969,4407.1001,0,0,18.3417931,6.83636999,2.42908001,1.51272404
22003,1,1.00960004,3.48400021,5.57999992,8,0.988000035,10.7200012,-71.4599991,0.0131160012,0.0874600038,0.0624749996,8.40000916,3838.69995,0,0,17.4927368,3.43916774,3.50895476,1.75743568
22003,1,0.280499995,3.26399994,6.34250021,8,2.18000007,-53.2799988,-71.4599991,0.0131160012,0.0875550061,0.0707400069,-29.2799988,4196.3999,0,0,12.9896841,6.21532679,2.72448611,0.674978435
22003,1,0.298900008,3.89600015,6.53000021,8,0.988000035,10.7200012,-71.4599991,0.0131160012,0.0874600038,0.0621900037,-34.1999969,4407.1001,0,0,6.49102688,3.40480447,2.79214787,0.0490123667
22003,1,0.710600019,4,5.71500015,8,2.1880002,10.7200012,-63,0.0191080011,0.0828050077,0.0707400069,-29.2799988,3838.69995,0,0,10.229969,2.20337749,2.86360407,0.860497832
22003,1,0.29430002,3.47600007,6.51749992,8,2.1880002,10.7200012,-71.4599991,0.0131160012,0.0874600038,0.0621900037,-34.1999969,4407.1001,0,0,9.2427206,4.67308855,2.71013951,0.309915453
22003,1,1.21430004,4.09600019,7.50750017,8,2.75200009,-56.4799995,63,0.019332001,0.0457549989,0.0994300023,13.8000031,4848.1001,0,0,4.86789227,1.88522625,2.16415262,0.136418924
22003,1,0.298900008,3.89600015,6.53000021,8,0.988000035,10.2400055,18.5400085,0.0131160012,0.0874600038,0.0688400045,-29.2799988,3838.69995,0,0,17.1043224,8.06910038,4.03449345,0.833454788
22003,1,0.273600012,3.48400021,5.57999992,8,0.988000035,10.7200012,-63,0.0191080011,0.0828050077,0.0707400069,-29.2799988,3838.69995,-6,-5,3.58066511,1.39094424,1.81241,0.0628851354
22003,1,0.73360002,3.48400021,5.57999992,8,0.988000035,10.7200012,-71.4599991,0.0244000014,0.0709300041,0.0692200065,40.5600052,2750.90015,4,-6,25.5502052,0.800638795,2.53898787,3.70176315
22003,1,0.73360002,3.48400021,5.57999992,8,0.988000035,10.7200012,-63,0.0191080011,0.0828050077,0.0707400069,-29.2799988,3838.69995,0,0,7.53822899,3.69504595,3.13397574,0.118201137
22003,1,0.273600012,3.48400021,5.57999992,8,0.988000035,10.7200012,-71.4599991,0.0129480017,0.0828050077,0.0707400069,-29.2799988,3804.40015,0,0,7.51337242,1.80618632,2.42515063,0.547005892
22003,1,0.73360002,3.48400021,5.57999992,8,0.988000035,10.7200012,-71.4599991,0.0131160012,0.0875550061,0.0707400069,-29.2799988,3838.69995,5,-6,7.07131386,1.43682659,3.03197265,0.433752358
22003,1,0.802600026,3.3920002,6.45249987,8,1.84000003,13.4400101,-71.4599991,0.0131160012,0.0875550061,0.0707400069,-29.2799988,3887.7002,0,0,8.5792675,4.03602552,2.66174173,0.313583255
22003,1,0.29430002,4.09600019,7.58250046,8,2.75200009,-56.4799995,63.5400085,0.0244000014,0.0709300041,0.0692200065,40.2000046,4848.1001,0,0,15.7752666,6.49492168,3.87834024,0.900334001
22003,1,0.29430002,4.09600019,7.50500011,8,0.988000035,10.7200012,-71.4599991,0.0131160012,0.0875550061,0.0707400069,-29.2799988,3838.69995,0,0,5.94006443,2.78409815,2.65558624,0.083396621
22003,1,1.00960004,3.48400021,5.58500004,8,0.968000054,66.7200012,-63,0.0191080011,0.0828050077,0.0707400069,-29.2799988,3838.69995,0,0,8.39862061,3.94733381,3.92070103,0.0884310305
22003,1,0.29430002,4.296,6.53000021,8,0.988000035,10.7200012,-71.4599991,0.0131160012,0.0874600038,0.0624749996,8.40000916,4196.3999,0,0,17.5347004,2.44235849,2.93035936,2.02699709
22003,1,0.73360002,3.48400021,5.57999992,8,0.988000035,10.7200012,-71.4599991,0.0131160012,0.0875550061,0.0707400069,-29.3999977,4848.1001,0,0,7.5869236,3.76864076,2.69978046,0.186417058
22003,1,1.21430004,4.09600019,7.50750017,8,2.75200009,-56.4799995,63,0.019332001,0.0457549989,0.0994300023,13.9200058,3887.7002,0,0,5.62564659,1.82061207,2.18774819,0.269547701
22003,1,0.273600012,3.48400021,5.57999992,8,0.988000035,10.7200012,-63,0.0191080011,0.0875550061,0.0707400069,-29.2799988,4196.3999,0,0,7.72262907,3.74196815,3.45128775,0.0882288963
22003,1,0.280499995,3.26399994,6.34250021,8,2.18000007,-53.2799988,-71.4599991,0.0131160012,0.0828050077,0.0707400069,-29.2799988,3838.69995,-4,-6,4.96255207,1.23297799,2.63967991,0.181649074
22003,1,0.298900008,3.89600015,6.53000021,8,0.988000035,10.2400055,18.5400085,0.0271160007,0.0875550061,0.0707400069,-29.2799988,3897.50024,0,0,18.078249,12.0736914,5.76678562,0.0396286137
22003,1,0.268999994,3.48400021,5.57999992,8,0.988000035,10.7200012,-71.4599991,0.010400001,0.0709300041,0.0692200065,40.5600052,2750.90015,0,0,61.6027298,1.72909427,2.07752466,9.63268471
22003,1,0.273600012,3.48400021,5.57999992,8,0.984000027,62.7200012,65.1600037,0.0241760034,0.0800500065,0.0524999984,40.5600052,4196.3999,0,0,15.9520473,10.7709675,4.43939638,0.123613864
22003,1,1.21430004,4,5.71500015,8,1.22800004,10.7200012,-63,0.0191080011,0.0828050077,0.0707400069,-29.2799988,3838.69995,0,0,11.3044281,2.28117561,2.96879387,1.00907636
22003,1,0.273600012,3.48400021,5.57999992,8,0.988000035,10.7200012,-63,0.0191080011,0.0875550061,0.0707400069,-29.2799988,3838.69995,0,0,6.63497019,3.26640582,3.00887966,0.0599474385
22003,1,0.268999994,3.48400021,5.57999992,8,0.988000035,10.7200012,-71.4599991,0.0131160012,0.0828050077,0.0707400069,-29.2799988,3838.69995,0,0,7.21686745,1.81717527,2.44343734,0.49270907
22003,1,0.273600012,3.48400021,5.57999992,8,0.988000035,10.7200012,-63,0.0191080011,0.0828050077,0.0707400069,-29.2799988,3838.69995,-6,-5,3.58066511,1.39094424,1.81241,0.0628851354
22003,1,1.26260006,3.3920002,6.45249987,8,1.84000003,13.4400101,-71.4599991,0.0131160012,0.0875550061,0.0707400069,-29.2799988,3848.50024,0,0,8.3618536,3.88042831,2.68480206,0.299437195
22003,1,0.29430002,4.09600019,7.50750017,8,2.75200009,-56.4799995,-71.4599991,0.0131160012,0.0875550061,0.0707400069,-29.2799988,3838.69995,0,0,7.84069443,3.79945207,2.37029004,0.278492063
22003,1,0.802600026,3.3920002,6.45249987,8,1.84000003,13.4400101,63.5400085,0.0244000014,0.0709300041,0.0692200065,40.2000046,4848.1001,0,0,17.5989685,8.2110672,4.73022985,0.776278496
22003,1,0.841700017,5.51600027,7.5250001,8,0.588,10.7200012,-71.4599991,0.0131160012,0.0875550061,0.0707400069,-29.2799988,3804.40015,0,0,15.3953581,1.85764277,2.61633182,1.82023048
22003,1,0.73360002,3.48400021,5.57999992,8,0.988000035,10.7200012,-71.4599991,0.0129480017,0.0828050077,0.0707400069,-29.2799988,3804.40015,0,0,9.13248539,2.11246729,2.68471503,0.722550452
22003,1,0.280499995,4.09600019,7.57999992,8,0.988000035,10.7200012,-71.4599991,0.0131160012,0.0875550061,0.0707400069,-29.2799988,3838.69995,0,0,6.07664871,2.7996223,2.65466428,0.103727065
22003,1,0.29430002,3.26399994,6.34250021,8,2.18000007,-53.2799988,-71.4599991,0.0131160012,0.0875550061,0.0707400069,-29.2799988,4196.3999,0,0,13.1275558,6.28992701,2.74062085,0.682834685
22003,1,0.273600012,3.48400021,5.57999992,8,0.988000035,10.7200012,-63,0.0191080011,0.0828050077,0.0707400069,-29.2799988,3887.7002,-6,-5,3.56624961,1.39062154,1.81257236,0.0605092905
22003,1,0.73360002,3.48400021,5.57999992,8,0.988000035,10.7200012,-71.4599991,0.0131160012,0.0875550061,0.0707400069,-29.2799988,3838.69995,5,-6,7.07131386,1.43682659,3.03197265,0.433752358
22003,1,0.29430002,4.296,6.53499985,8,0.968000054,66.7200012,-63,0.0191080011,0.0828050077,0.0707400069,-29.2799988,3868.10034,5,-6,4.97668076,1.36064589,2.95125175,0.110797241
22003,1,1.21430004,4.09600019,7.50750017,8,2.75200009,-56.4799995,63,0.019332001,0.0457549989,0.0994300023,13.8000031,4818.7002,0,0,4.81056118,1.88709354,2.16430163,0.126527712
22003,1,0.268999994,3.48400021,5.57999992,8,1.04000008,13.4400101,-71.4599991,0.0131160012,0.0875550061,0.0707400069,-29.2799988,3838.69995,5,-6,5.22769451,1.16392064,2.50285554,0.260153115
22003,1,0.802600026,3.3920002,6.45249987,8,1.78800011,10.7200012,-71.4599991,0.0129480017,0.0874600038,0.0624749996,8.40000916,4196.3999,0,0,10.416151,6.48739004,3.81996441,0.0181326568
22003,1,0.29430002,4.296,6.53499985,8,0.968000054,66.7200012,-63,0.0191080011,0.0828050077,0.0707400069,-29.2799988,3838.69995,5,-6,5.09534359,1.37216306,2.95507932,0.128016889
22003,1,1.26260006,3.3920002,6.45249987,8,1.84000003,13.4400101,-71.4599991,0.0131160012,0.0875550061,0.0707400069,-29.2799988,3838.69995,5,-5,5.89906645,1.47743595,2.61465502,0.301162571
22003,1,1.21430004,3.48400021,5.57999992,8,0.988000035,10.7200012,-63,0.0191080011,0.0828050077,0.0707400069,-29.2799988,3838.69995,0,0,8.01169491,3.83984375,3.24861479,0.153872728
22003,1,0.273600012,4.09600019,7.50750017,8,2.75200009,-56.4799995,63,0.019332001,0.0457549989,0.0994300023,13.8000031,4848.1001,0,0,4.71756172,1.78192389,2.21927714,0.119393431
22003,1,0.268999994,3.48400021,5.57999992,8,0.988000035,10.7200012,-71.4599991,0.0131160012,0.0874600038,0.0624749996,8.40000916,4196.3999,0,0,13.7312393,2.48612952,2.59646177,1.4414413
22003,1,0.268999994,3.48400021,5.57999992,8,0.988000035,10.7200012,-71.4599991,0.0131160012,0.0875550061,0.0707400069,-29.2799988,3838.69995,0,0,6.985425,2.05773282,2.64706969,0.380103737
22003,1,0.342599988,3.3920002,6.45249987,8,1.84000003,13.4400101,-71.4599991,0.0131160012,0.0875550061,0.0707400069,-29.2799988,3838.69995,5,-5,5.81974888,1.41194165,2.60433102,0.300579339
22003,1,1.21430004,4.09600019,7.57999992,8,0.988000035,10.7200012,-71.4599991,0.0131160012,0.0875550061,0.0707400069,-29.2799988,3853.40015,0,0,6.41966629,2.98582888,2.6392529,0.132430762
22003,1,1.26260006,3.48400021,6.53499985,8,0.968000054,66.2400055,18.5400085,0.0244000014,0.0709300041,0.0692200065,40.2000046,4848.1001,0,0,22.0353012,12.940423,4.33250618,0.793728769
22003,1,0.273600012,3.3920002,6.45249987,8,1.84000003,13.4400101,27.0000076,0.0108760009,0.0399600007,0.0624749996,9.00000763,2417.7002,0,0,21.9992142,6.19336462,3.04114318,2.12745094
22003,1,1.21430004,3.3920002,6.45249987,8,1.84000003,-56.4799995,63,0.019332001,0.0457549989,0.0994300023,13.8000031,4848.1001,0,0,6.11814308,1.95462227,2.16287875,0.333440304
22003,1,0.802600026,4.09600019,7.50750017,8,2.75200009,-56.4799995,63,0.019332001,0.0457549989,0.0994300023,13.8000031,4848.1001,0,0,4.88583612,1.87588215,2.16659045,0.140560582
22003,1,0.802600026,3.3920002,6.45249987,8,1.84000003,-56.4799995,-63,0.0191080011,0.0828050077,0.0707400069,-29.2799988,3838.69995,0,0,16.7083359,6.62003088,3.52750111,1.09346759
22003,1,0.29430002,4.296,6.53499985,8,0.968000054,66.7200012,63,0.019332001,0.0457549989,0.0994300023,13.8000031,4848.1001,0,0,43.2926254,1.7855078,2.12166595,6.56424236
22003,1,0.268999994,3.48400021,5.57999992,8,0.988000035,10.7200012,-71.4599991,0.0131160012,0.0875550061,0.0707400069,-27.5999985,4196.3999,0,0,6.77561188,2.06260657,2.59499621,0.353001475
22003,1,0.268999994,3.48400021,5.57999992,8,0.988000035,10.7200012,-71.4599991,0.0131160012,0.0874600038,0.0624749996,6.72000885,3897.50024,0,0,12.2747316,2.55179143,3.53789973,1.03084004
22003,1,0.29430002,4.09600019,7.50750017,8,2.75200009,-56.4799995,63.5400085,0.0244000014,0.0709300041,0.0621900037,-34.1999969,4407.1001,0,0,19.0611668,10.3822374,6.13157129,0.424559742
22003,1,0.298900008,3.89600015,6.53000021,8,0.988000035,10.7200012,-71.4599991,0.0131160012,0.0874600038,0.0692200065,40.2000046,4848.1001,0,0,14.3761387,6.78282642,3.95060754,0.607117593
22003,1,0.29430002,3.47600007,6.51749992,8,2.1880002,10.7200012,-71.4599991,0.0244000014,0.0709300041,0.0692200065,40.5600052,2750.90015,0,0,8.81533146,4.73677969,2.49115562,0.264566004
22003,1,0.802600026,3.3920002,6.45249987,8,1.84000003,13.4400101,-71.4599991,0.0252400022,0.0709300041,0.0624749996,8.40000916,4328.7002,0,0,25.7844543,17.5154133,5.57924604,0.448299229
22003,1,0.73360002,3.48400021,5.57999992,8,1.04000008,13.4400101,-71.4599991,0.0131160012,0.0875550061,0.0707400069,-29.2799988,3838.69995,5,-5,5.4793601,1.22175837,2.59067583,0.277820975
22003,1,0.802600026,3.3920002,6.45249987,8,1.78800011,10.7200012,-71.4599991,0.0129480017,0.0828050077,0.0707400069,-29.2799988,3804.40015,0,0,7.01848888,3.39145875,2.72044706,0.151097164
22003,1,0.758899987,3.5999999,5.71500015,8,1.2240001,62.7200012,65.1600037,0.0241760034,0.0800500065,0.0524999984,40.5600052,4196.3999,0,0,19.1650314,12.6298532,5.56533623,0.161640376
22003,1,0.29430002,3.47600007,6.51749992,8,2.1880002,10.7200012,-71.4599991,0.0131160012,0.0874600038,0.0621900037,-34.1999969,4407.1001,0,0,9.2427206,4.67308855,2.71013951,0.309915453
22003,1,0.268999994,3.48400021,5.57999992,8,0.988000035,10.7200012,-71.4599991,0.0131160012,0.0875550061,0.0707400069,-29.2799988,3838.69995,0,0,6.985425,2.05773282,2.64706969,0.380103737
22003,1,1.21430004,4.09600019,7.50750017,8,2.75200009,13.4400101,-71.4599991,0.0131160012,0.0875550061,0.0707400069,-29.2799988,3838.69995,5,-6,4.68126774,1.17536771,2.69369102,0.135368168
22003,1,0.29430002,3.47600007,6.51749992,8,2.1880002,10.7200012,-71.4599991,0.0244000014,0.0709300041,0.0692200065,40.5600052,2750.90015,0,0,8.81533146,4.73677969,2.49115562,0.264566004
22003,1,1.21430004,4,5.71500015,8,1.2240001,62.7200012,65.1600037,0.0241760034,0.0800500065,0.0524999984,40.5600052,4196.3999,0,0,15.3082619,9.2512579,5.69779539,0.0598680899
22003,1,0.268999994,3.48400021,5.57999992,8,0.988000035,10.7200012,-71.4599991,0.0131160012,0.0874600038,0.0624749996,8.40000916,3838.69995,0,0,15.7900305,2.29737115,2.58237529,1.81838059
22003,1,1.00960004,3.48400021,5.57999992,8,0.988000035,10.7200012,-71.4599991,0.0131160012,0.0874600038,0.0624749996,8.40000916,4196.3999,0,0,15.6952572,3.75940394,3.75804567,1.36296773
22003,1,0.268999994,3.48400021,5.57999992,8,0.988000035,10.7200012,-71.4599991,0.0131160012,0.0874600038,0.0624749996,8.40000916,4196.3999,0,0,13.7312393,2.48612952,2.59646177,1.4414413
22003,1,0.273600012,3.48400021,5.57999992,8,0.988000035,10.7200012,-63,0.0191080011,0.0828050077,0.0707400069,-29.2799988,3887.7002,-6,-5,3.56624961,1.39062154,1.81257236,0.0605092905
22003,1,0.758899987,3.5999999,5.71500015,8,1.2240001,62.7200012,65.1600037,0.0241760034,0.0800500065,0.0524999984,40.5600052,4196.3999,0,0,19.1650314,12.6298532,5.56533623,0.161640376
22003,1,0.273600012,3.48400021,5.57999992,8,0.988000035,10.7200012,-62.4599991,0.0131160012,0.0875550061,0.0707400069,-29.2799988,3838.69995,0,0,9.91136742,1.76605093,2.35396647,0.965225041
22003,1,0.342599988,3.3920002,6.45249987,8,1.84000003,13.4400101,-72,0.0191080011,0.0828050077,0.0707400069,-29.2799988,3887.7002,0,0,15.4897146,6.32787037,3.4758637,0.947663367
22003,1,0.268999994,3.48400021,5.57999992,8,1.04000008,13.4400101,-71.4599991,0.0131160012,0.0875550061,0.0707400069,-29.3999977,4848.1001,5,-6,4.94372606,1.45385587,2.90327311,0.0977661908
22003,1,0.273600012,4.09600019,7.50750017,8,2.75200009,-56.4799995,63,0.019332001,0.0457549989,0.0994300023,13.9200058,3838.69995,0,0,4.60907078,1.7451297,2.16576457,0.116362691
22003,1,1.26260006,3.3920002,6.45249987,8,1.84000003,13.4400101,-71.4599991,0.0131160012,0.0875550061,0.0707400069,-29.3999977,4407.1001,0,0,12.2743464,6.69163513,2.7328403,0.474978447
22003,1,0.29430002,4.09600019,7.50750017,8,2.75200009,-56.4799995,63.5400085,0.0244000014,0.0709300041,0.0621900037,-34.0800018,3848.50024,0,0,19.7981091,11.4595003,6.03982592,0.383130521
22003,1,0.273600012,3.48400021,5.57999992,8,0.988000035,10.7200012,-71.4599991,0.0129480017,0.0828050077,0.0707400069,-29.2799988,4848.1001,0,0,5.90093565,1.9296056,2.58570099,0.230938151
22003,1,0.273600012,4.09600019,7.50750017,8,2.75200009,-56.4799995,63,0.019332001,0.0457549989,0.0994300023,13.8000031,3804.40015,0,0,4.56885767,1.74489546,2.15800047,0.110993609
22003,1,0.280499995,4.11199999,6.45249987,8,1.84000003,-56.4799995,63,0.019332001,0.0457549989,0.0994300023,13.8000031,4848.1001,0,0,6.88248587,1.75103092,2.0938592,0.506265998
22003,1,1.21430004,3.37599993,7.57999992,8,0.988000035,10.7200012,-71.4599991,0.0131160012,0.0875550061,0.0707400069,-29.2799988,3838.69995,0,0,16.5128899,4.21061563,2.67006588,1.6053679
22003,1,0.73360002,3.48400021,5.57999992,8,1.04000008,13.4400101,-71.4599991,0.0131160012,0.0875550061,0.0707400069,-29.2799988,3838.69995,5,-5,5.4793601,1.22175837,2.59067583,0.277820975
22003,1,0.29430002,4.09600019,7.50750017,8,2.75200009,-56.4799995,-71.4599991,0.0131160012,0.0875550061,0.0707400069,-29.2799988,3838.69995,0,0,7.84069443,3.79945207,2.37029004,0.278492063
22003,1,1.21430004,3.48400021,5.57999992,8,0.988000035,10.7200012,-63,0.0215160009,0.0875550061,0.0707400069,-29.2799988,3838.69995,-6,-6,5.27780342,1.3631922,2.50250864,0.235350385
22003,1,0.73360002,3.48400021,5.57999992,8,1.04000008,13.4400101,-71.4599991,0.0107080014,0.0828050077,0.0707400069,-29.2799988,3838.69995,0,0,11.4454794,2.03014255,2.51859403,1.14945722
22003,1,1.26260006,3.3920002,6.45249987,8,1.84000003,13.4400101,-63,0.0191080011,0.0828050077,0.0707400069,-29.2799988,3838.69995,0,0,17.9116936,7.15550375,4.18831396,1.09464598
22003,1,0.29430002,4.296,6.53499985,8,0.968000054,66.7200012,-71.4599991,0.0131160012,0.0875550061,0.0707400069,-29.2799988,3838.69995,0,0,22.5426922,1.79762268,2.97525859,2.96163535
22003,1,0.268999994,3.48400021,5.57999992,8,0.988000035,10.7200012,-71.4599991,0.0131160012,0.0875550061,0.0707400069,-29.2799988,3853.40015,0,0,6.98066521,2.05336356,2.64937735,0.37965405
22003,1,1.21430004,4.09600019,7.57999992,8,0.988000035,10.7200012,-71.4599991,0.0131160012,0.0875550061,0.0707400069,-29.2799988,3838.69995,0,0,6.34691334,2.95952773,2.61583328,0.128592044
22003,1,1.21660006,3.3920002,6.45249987,8,1.84000003,13.4400101,-71.4599991,0.0131160012,0.0875550061,0.0707400069,-29.2799988,3838.69995,5,-5,5.90533543,1.47685218,2.61451578,0.302327871
22003,1,0.340300024,4.09600019,7.50750017,8,2.75200009,13.4400101,-71.4599991,0.0131160012,0.0875550061,0.0707400069,-29.2799988,3838.69995,5,-6,4.62171984,1.16955245,2.71438885,0.122963108
22003,1,0.268999994,3.48400021,5.57999992,8,1.04000008,13.4400101,-71.4599991,0.0191080011,0.0875550061,0.0707400069,-29.2799988,4196.3999,0,0,6.11363316,2.6756475,2.89953351,0.0897419825
22003,1,0.273600012,3.48400021,5.57999992,8,0.988000035,10.7200012,-63,0.0131160012,0.0875550061,0.0707400069,-29.2799988,3838.69995,0,0,7.54755688,2.00398993,2.45108581,0.515413463
22003,1,0.342599988,3.3920002,6.45249987,8,1.84000003,13.4400101,-71.4599991,0.0131160012,0.0875550061,0.0707400069,-29.2799988,3838.69995,5,-5,5.81974888,1.41194165,2.60433102,0.300579339
22003,1,0.73360002,3.48400021,5.57999992,8,0.988000035,10.7200012,-71.4599991,0.0131160012,0.0875550061,0.0707400069,-29.2799988,3838.69995,5,-6,7.07131386,1.43682659,3.03197265,0.433752358
22003,1,0.342599988,3.3920002,5.57999992,8,0.988000035,10.7200012,-71.4599991,0.0131160012,0.0875550061,0.0707400069,-29.2799988,3838.69995,5,-6,5.43343925,1.3341651,2.7946465,0.217437953
22003,1,0.268999994,3.48400021,6.45249987,8,1.84000003,13.4400101,-71.4599991,0.0131160012,0.0875550061,0.0707400069,-29.2799988,3838.69995,5,-5,4.86301327,1.29207695,2.58734703,0.163931549
22003,1,0.273600012,3.48400021,5.57999992,8,0.988000035,10.7200012,-63,0.0191080011,0.0874600038,0.0624749996,8.40000916,4196.3999,0,0,10.0544195,4.96747446,4.0726881,0.169042826
22003,1,0.802600026,3.3920002,6.45249987,8,1.78800011,10.7200012,-71.4599991,0.0129480017,0.0828050077,0.0707400069,-29.2799988,3887.7002,0,0,7.2898035,3.62387443,2.69969106,0.16103974
22003,1,0.342599988,3.3920002,6.45249987,8,1.84000003,13.4400101,-71.4599991,0.0131160012,0.0875550061,0.0707400069,-29.2799988,3838.69995,5,-5,5.81974888,1.41194165,2.60433102,0.300579339
22003,1,0.29430002,4.09600019,7.58250046,8,2.75200009,-56.4799995,63.5400085,0.0244000014,0.0709300041,0.0692200065,40.2000046,4848.1001,0,0,15.7752666,6.49492168,3.87834024,0.900334001
22003,1,0.29430002,4.09600019,7.50500011,8,0.988000035,10.7200012,-71.4599991,0.0131160012,0.0875550061,0.0707400069,-29.2799988,3838.69995,0,0,5.94006443,2.78409815,2.65558624,0.083396621
22003,1,0.342599988,3.3920002,6.45249987,8,1.84000003,13.4400101,-71.4599991,0.0131160012,0.0875550061,0.0707400069,-29.2799988,3838.69995,5,-5,5.81974888,1.41194165,2.60433102,0.300579339
22003,1,1.21430004,3.3920002,6.45249987,8,1.84000003,10.2400055,18.5400085,0.0271160007,0.0875550061,0.0707400069,-29.2799988,3897.50024,0,0,38.2976837,25.7807217,7.52426624,0.832116187
22003,1,0.298900008,3.89600015,6.53000021,8,0.988000035,-56.4799995,63,0.019332001,0.0457549989,0.0994300023,13.8000031,4848.1001,0,0,4.65827799,1.73921382,2.13170862,0.131225899
22003,1,0.29430002,3.26399994,6.34250021,8,2.18000007,-53.2799988,-72,0.0191080011,0.0828050077,0.0707400069,-29.2799988,3838.69995,0,0,18.5626144,6.65857124,3.53192663,1.3953526
22003,1,0.273600012,3.48400021,5.57999992,8,0.988000035,10.7200012,-62.4599991,0.0131160012,0.0875550061,0.0707400069,-29.2799988,4196.3999,0,0,9.04941082,1.93612683,2.36370158,0.791597009
22003,1,0.268999994,3.48400021,5.57999992,8,0.988000035,10.7200012,63.5400085,0.0244000014,0.0709300041,0.0692200065,40.2000046,4848.1001,0,0,7.41787434,3.08922601,3.01206541,0.219430476
22003,1,0.29430002,4.09600019,7.58250046,8,2.75200009,-56.4799995,-71.4599991,0.0131160012,0.0828050077,0.0707400069,-29.2799988,3838.69995,0,0,4.79908943,2.08901834,2.58180571,0.0213775337
22003,1,1.21430004,4.09600019,7.50750017,8,2.75200009,-56.4799995,63,0.019332001,0.0457549989,0.0994300023,13.9200058,3887.7002,0,0,5.62564659,1.82061207,2.18774819,0.269547701
22003,1,0.268999994,3.48400021,5.57999992,8,0.988000035,10.7200012,-71.4599991,0.0131160012,0.0875550061,0.0707400069,-29.2799988,3838.69995,0,0,6.985425,2.05773282,2.64706969,0.380103737
22003,1,0.268999994,3.48400021,5.57999992,8,1.04000008,13.4400101,-71.4599991,0.0131160012,0.0875550061,0.0707400069,-29.2799988,3838.69995,5,-6,5.22769451,1.16392064,2.50285554,0.260153115
22003,1,0.268999994,3.48400021,5.57999992,8,0.988000035,10.7200012,-71.4599991,0.0131160012,0.0828050077,0.0707400069,-29.2799988,3838.69995,0,0,7.21686745,1.81717527,2.44343734,0.49270907
22003,1,0.29430002,4.296,6.57999992,8,0.988000035,10.7200012,-71.4599991,0.0131160012,0.0875550061,0.0707400069,-29.2799988,3838.69995,0,0,7.98574924,2.02183652,2.62080693,0.557184398
22003,1,0.268999994,3.48400021,5.53499985,8,0.968000054,66.7200012,-63,0.0191080011,0.0828050077,0.0707400069,-29.2799988,3868.10034,5,-6,4.19288921,1.30327654,2.51457429,0.0625063628
22003,1,1.21430004,3.48400021,5.57999992,8,0.988000035,10.7200012,-63,0.0191080011,0.0828050077,0.0707400069,-29.2799988,3838.69995,0,0,8.01169491,3.83984375,3.24861479,0.153872728
22003,1,1.21430004,4.09600019,7.50750017,8,2.75200009,13.4400101,-71.4599991,0.0131160012,0.0875550061,0.0707400069,-29.2799988,3838.69995,5,-6,4.68126774,1.17536771,2.69369102,0.135368168
22003,1,0.802600026,3.3920002,6.45249987,8,1.84000003,13.4400101,-71.4599991,0.0131160012,0.0875550061,0.0707400069,-29.2799988,3887.7002,0,0,8.5792675,4.03602552,2.66174173,0.313583255
22003,1,1.21430004,4.09600019,7.50750017,8,2.75200009,-56.4799995,63,0.019332001,0.0457549989,0.0994300023,13.9200058,3887.7002,0,0,5.62564659,1.82061207,2.18774819,0.269547701
22003,1,0.29430002,3.47600007,6.51749992,8,2.1880002,10.7200012,-71.4599991,0.0131160012,0.0874600038,0.0621900037,-34.1999969,3838.69995,0,0,12.3410187,7.75478888,3.32719088,0.209839791
22003,1,0.29430002,4.09600019,7.50500011,8,0.988000035,10.7200012,-71.4599991,0.0131160012,0.0875550061,0.0707400069,-29.2799988,4407.1001,5,-6,4.54345322,1.31323719,2.49981117,0.121734194
22003,1,1.26260006,3.3920002,6.45249987,8,1.84000003,13.4400101,-71.4599991,0.0131160012,0.0875550061,0.0707400069,-27.5999985,4196.3999,0,0,8.93966103,4.52951574,2.83472848,0.262569547
22003,1,1.00960004,3.48400021,5.57999992,8,0.988000035,10.7200012,-71.4599991,0.0131160012,0.0874600038,0.0624749996,6.72000885,3838.69995,0,0,13.1693945,3.44065619,3.9505794,0.963026404
22003,1,0.273600012,3.48400021,5.57999992,8,0.988000035,10.7200012,-63,0.0191080011,0.0828050077,0.0707400069,-29.2799988,3838.69995,-6,-5,3.58066511,1.39094424,1.81241,0.0628851354
22003,1,0.268999994,3.48400021,5.57999992,8,0.988000035,10.7200012,-71.4599991,0.0131160012,0.0875550061,0.0707400069,-29.2799988,3838.69995,0,0,6.985425,2.05773282,2.64706969,0.380103737
22003,1,1.00960004,3.48400021,5.58500004,8,0.968000054,66.7200012,63,0.019332001,0.0457549989,0.0994300023,13.8000031,4818.7002,0,0,58.7807312,1.78508186,2.20839715,9.13120937
22003,1,1.21430004,4.09600019,7.50750017,8,2.75200009,-56.4799995,-63,0.0191080011,0.0828050077,0.0707400069,-29.2799988,3838.69995,0,0,11.4311295,4.33827257,3.28798842,0.634144723
22003,1,1.26260006,3.3920002,6.45249987,8,1.84000003,13.4400101,-71.4599991,0.0131160012,0.0875550061,0.0707400069,-29.2799988,3887.7002,0,0,8.54516697,4.05795145,2.65856886,0.304774433
22003,1,0.273600012,3.48400021,5.57999992,8,0.988000035,10.7200012,-63,0.0191080011,0.0828050077,0.0707400069,-29.2799988,3848.50024,-6,-5,3.60373139,1.39169526,1.81245363,0.0665970892
22003,1,0.29430002,3.26399994,6.34250021,8,2.18000007,-53.2799988,-71.4599991,0.0131160012,0.0875550061,0.0707400069,-29.2799988,3838.69995,0,0,10.9680367,5.10556364,2.46396875,0.566417515
22003,1,0.268999994,3.48400021,5.57999992,8,0.988000035,10.7200012,-71.4599991,0.0131160012,0.0875550061,0.0707400069,-29.2799988,4196.3999,5,-6,5.24493647,1.16930068,2.51259851,0.260506243
22003,1,1.21430004,3.3920002,6.45249987,8,1.86800003,10.2400055,18.5400085,0.0271160007,0.0875550061,0.0707400069,-29.2799988,3897.50024,0,0,38.2976837,25.7807217,7.52426624,0.832116187
22003,1,0.298900008,3.89600015,6.53000021,8,0.960000038,-56.4799995,63,0.019332001,0.0457549989,0.0994300023,13.8000031,4848.1001,0,0,4.65827799,1.73921382,2.13170862,0.131225899
22003,1,0.273600012,3.48400021,5.57999992,8,1.04000008,13.4400101,-71.4599991,0.0191080011,0.0875550061,0.0707400069,-29.2799988,4196.3999,0,0,6.17450428,2.71504259,2.91668344,0.0904630795
22003,1,0.273600012,3.48400021,5.57999992,8,0.988000035,10.7200012,-63,0.0191080011,0.0828050077,0.0707400069,-29.2799988,3887.7002,-6,-5,3.56624961,1.39062154,1.81257236,0.0605092905
22003,1,0.268999994,3.48400021,5.57999992,8,0.988000035,10.7200012,-63,0.0191080011,0.0828050077,0.0707400069,-29.2799988,3838.69995,-6,-5,3.57774496,1.39081657,1.81243587,0.0624154173
22003,1,1.21430004,3.3920002,6.45249987,8,1.84000003,13.4400101,-71.4599991,0.0131160012,0.0875550061,0.0707400069,-27.5999985,4196.3999,0,0,8.94708633,4.52479172,2.83467174,0.264603823
22003,1,1.26260006,3.3920002,6.45249987,8,1.84000003,10.2400055,18.5400085,0.0271160007,0.0875550061,0.0707400069,-29.2799988,3897.50024,0,0,38.2855148,25.8015575,7.51184511,0.828685284
22003,1,1.26260006,3.3920002,6.45249987,8,1.84000003,13.4400101,-71.4599991,0.0131160012,0.0837550089,0.0994300023,13.9200058,3887.7002,0,0,6.31037426,1.7226944,2.43063855,0.359506935
22003,1,1.21430004,4.09600019,7.50750017,8,2.75200009,-56.4799995,63,0.019332001,0.0495549999,0.0707400069,-27.5999985,4196.3999,0,0,17.3987389,11.8630543,3.76527667,0.295068055
22003,1,0.273600012,3.48400021,5.57999992,8,0.988000035,10.7200012,-63,0.0191080011,0.0828050077,0.0707400069,-29.2799988,3887.7002,-6,-5,3.56624961,1.39062154,1.81257236,0.0605092905
22003,1,0.273600012,3.48400021,5.57999992,8,0.988000035,10.7200012,-62.4599991,0.0131160012,0.0875550061,0.0707400069,-29.2799988,3838.69995,0,0,9.91136742,1.76605093,2.35396647,0.965225041
22003,1,0.298900008,3.89600015,6.53000021,8,1.78800011,10.7200012,-71.4599991,0.0129480017,0.0828050077,0.0707400069,-29.2799988,3887.7002,0,0,5.6996727,2.18897676,2.6144166,0.149379894
22003,1,0.802600026,3.3920002,6.45249987,8,0.960000038,-56.4799995,63,0.019332001,0.0457549989,0.0994300023,13.8000031,4848.1001,0,0,6.17230988,1.93320429,2.16590762,0.345533013
22003,1,1.21430004,3.48400021,5.57999992,8,0.988000035,10.7200012,-63,0.0215160009,0.0875550061,0.0707400069,-29.2799988,3838.69995,-6,-6,5.27780342,1.3631922,2.50250864,0.235350385
22003,1,1.21430004,4.09600019,7.50750017,8,2.75200009,-56.4799995,63,0.019332001,0.0457549989,0.0994300023,13.9200058,3887.7002,0,0,5.62564659,1.82061207,2.18774819,0.269547701
22003,1,0.268999994,3.48400021,5.57999992,8,1.04000008,13.4400101,-71.4599991,0.0131160012,0.0875550061,0.0707400069,-29.3999977,4818.7002,5,-6,4.9863863,1.4536376,2.91786504,0.10248062
22003,1,1.21430004,4.09600019,7.50750017,8,2.75200009,-56.4799995,63,0.019332001,0.0457549989,0.0994300023,13.9200058,3917.1001,0,0,5.51775932,1.8238796,2.18686223,0.251169562
22003,1,0.273600012,4.09600019,7.50750017,8,2.75200009,-56.4799995,63,0.019332001,0.0457549989,0.0994300023,13.9200058,3838.69995,0,0,4.60907078,1.7451297,2.16576457,0.116362691
22003,1,0.273600012,3.48400021,5.57999992,8,0.988000035,10.7200012,-62.4599991,0.0131160012,0.0875550061,0.0707400069,-29.2799988,4196.3999,0,0,9.04941082,1.93612683,2.36370158,0.791597009
22003,1,1.21660006,3.3920002,6.45249987,8,1.84000003,13.4400101,-71.4599991,0.0131160012,0.0875550061,0.0707400069,-29.2799988,3838.69995,5,-5,5.90533543,1.47685218,2.61451578,0.302327871
22003,1,0.268999994,3.48400021,5.57999992,8,0.988000035,10.7200012,-71.4599991,0.0131160012,0.0875550061,0.0707400069,-29.2799988,4196.3999,5,-6,5.24493647,1.16930068,2.51259851,0.260506243
22003,1,1.00960004,3.48400021,5.57999992,8,0.988000035,10.7200012,-63,0.0191080011,0.0828050077,0.0707400069,-29.2799988,3887.7002,0,0,7.81362629,3.79579806,3.24024105,0.129597828
22003,1,0.273600012,3.48400021,5.57999992,8,3.38800025,10.7200012,-71.4599991,0.0131160012,0.0874600038,0.0624749996,6.72000885,3838.69995,0,0,12.166317,2.5153656,3.24703956,1.06731868
22003,1,0.342599988,3.3920002,6.45249987,8,1.84000003,13.4400101,-72,0.019332001,0.0457549989,0.0994300023,13.8000031,4848.1001,5,-6,14.6220798,1.44858456,2.40118194,1.79538548
22003,1,0.298900008,3.89600015,6.53000021,8,0.960000038,-56.4799995,63,0.0191080011,0.0828050077,0.0707400069,-29.2799988,3887.7002,0,0,12.343504,6.10103655,3.40815496,0.472385228
22003,1,1.26260006,3.3920002,6.45249987,8,1.84000003,13.4400101,-71.4599991,0.0131160012,0.0875550061,0.0707400069,-29.2799988,4407.1001,0,0,12.0606022,6.6701045,2.73181677,0.443113446
22003,1,0.29430002,4.09600019,7.50500011,8,0.988000035,10.7200012,-71.4599991,0.0131160012,0.0875550061,0.0707400069,-27.5999985,4196.3999,0,0,7.09435177,3.7169168,2.94712424,0.071718514
22003,1,1.21430004,4.09600019,7.50750017,8,2.75200009,13.4400101,-71.4599991,0.0131160012,0.0875550061,0.0707400069,-29.2799988,3838.69995,5,-6,4.68126774,1.17536771,2.69369102,0.135368168
22003,1,1.21430004,3.48400021,5.57999992,8,0.988000035,10.7200012,-63,0.0215160009,0.0875550061,0.0707400069,-29.2799988,3838.69995,-6,-6,5.27780342,1.3631922,2.50250864,0.235350385
22003,1,1.21430004,3.37599993,7.57999992,8,0.988000035,10.7200012,-71.4599991,0.0131160012,0.0875550061,0.0707400069,-29.2799988,3853.40015,0,0,16.5182457,4.19938087,2.69927406,1.60326529
22003,1,0.268999994,3.48400021,5.57999992,8,0.988000035,10.7200012,-71.4599991,0.0131160012,0.0875550061,0.0707400069,-29.2799988,3838.69995,0,0,6.985425,2.05773282,2.64706969,0.380103737
22003,1,0.29430002,3.26399994,6.34250021,8,2.18000007,-53.2799988,-71.4599991,0.0131160012,0.0875550061,0.0707400069,-29.2799988,3838.69995,0,0,10.9680367,5.10556364,2.46396875,0.566417515
22003,1,0.268999994,3.48400021,5.57999992,8,0.988000035,10.7200012,-71.4599991,0.0131160012,0.0828050077,0.0707400069,-29.2799988,3838.69995,0,0,7.21686745,1.81717527,2.44343734,0.49270907
22003,1,0.268999994,3.48400021,5.57999992,8,1.04000008,13.4400101,-71.4599991,0.0191080011,0.0875550061,0.0707400069,-29.2799988,3838.69995,4,-5,3.74653101,1.28113711,1.91748202,0.0913186446
22003,1,0.340300024,4.09600019,7.50750017,8,2.75200009,13.4400101,-71.4599991,0.0131160012,0.0875550061,0.0707400069,-29.2799988,4196.3999,0,0,8.2315731,4.29482794,2.8155334,0.186868653
22003,1,0.340300024,4.09600019,7.50750017,8,2.75200009,13.4400101,-71.4599991,0.0131160012,0.0875550061,0.0707400069,-29.2799988,3838.69995,5,-6,4.62171984,1.16955245,2.71438885,0.122963108
22003,1,0.802600026,3.3920002,6.45249987,8,1.78800011,10.7200012,-71.4599991,0.0129480017,0.0828050077,0.0707400069,-29.2799988,3887.7002,0,0,7.2898035,3.62387443,2.69969106,0.16103974
22003,1,0.73360002,3.48400021,5.57999992,8,1.04000008,13.4400101,-71.4599991,0.0131160012,0.0875550061,0.0707400069,-29.2799988,3838.69995,5,-5,5.4793601,1.22175837,2.59067583,0.277820975
22003,1,1.21430004,4.09600019,7.50750017,8,2.75200009,13.4400101,-71.4599991,0.0131160012,0.0875550061,0.0707400069,-29.2799988,3838.69995,5,-6,4.68126774,1.17536771,2.69369102,0.135368168
22003,1,0.29430002,4.09600019,7.58250046,8,2.75200009,-56.4799995,-71.4599991,0.0131160012,0.0828050077,0.0707400069,-29.2799988,3838.69995,0,0,4.79908943,2.08901834,2.58180571,0.0213775337
22003,1,0.268999994,3.48400021,5.57999992,8,0.988000035,10.7200012,-71.4599991,0.0131160012,0.0828050077,0.0707400069,-29.2799988,3838.69995,0,0,7.21686745,1.81717527,2.44343734,0.49270907
22003,1,0.802600026,3.3920002,6.45249987,8,0.988000035,10.7200012,-71.4599991,0.0131160012,0.0875550061,0.0707400069,-29.2799988,3838.69995,0,0,8.1422081,3.79040933,2.79418421,0.259602368
22003,1,0.268999994,3.48400021,5.57999992,8,1.78800011,10.7200012,-71.4599991,0.0129480017,0.0828050077,0.0707400069,-29.2799988,3887.7002,0,0,7.2900486,1.82141697,2.42297006,0.507610202
22003,1,0.268999994,3.48400021,5.57999992,8,0.988000035,10.7200012,-63,0.019332001,0.0457549989,0.0994300023,13.8000031,4848.1001,0,0,29.7065277,1.76515985,2.07033968,4.31183815
22003,1,0.298900008,3.89600015,6.53000021,8,0.960000038,-56.4799995,54.5400085,0.0131160012,0.0828050077,0.0707400069,-29.2799988,3838.69995,0,0,17.0060482,3.91919756,3.40647364,1.61339617
22003,1,0.273600012,3.48400021,5.57999992,8,0.988000035,10.7200012,-71.4599991,0.0129480017,0.0828050077,0.0707400069,-29.2799988,4848.1001,0,0,5.90093565,1.9296056,2.58570099,0.230938151
22003,1,0.273600012,3.48400021,5.57999992,8,0.988000035,10.4000015,-63,0.0191080011,0.0828050077,0.0707400069,-29.2799988,3838.69995,-6,-5,3.53494263,1.39211977,1.81246483,0.0550596565
22003,1,0.29430002,4.296,6.57999992,8,0.988000035,10.7200012,-71.4599991,0.0131160012,0.0875550061,0.0707400069,-29.2799988,3838.69995,0,0,7.98574924,2.02183652,2.62080693,0.557184398
22003,1,0.268999994,3.48400021,5.57999992,8,0.988000035,10.7200012,-71.4599991,0.0131160012,0.0875550061,0.0707400069,-29.2799988,3838.69995,0,0,6.985425,2.05773282,2.64706969,0.380103737
22003,1,0.273600012,3.48400021,5.57999992,8,0.988000035,10.7200012,-63,0.0191080011,0.0828050077,0.0707400069,-29.2799988,3838.69995,-6,-5,3.58066511,1.39094424,1.81241,0.0628851354
22003,1,0.29430002,4.296,6.57999992,8,0.988000035,10.7200012,-71.4599991,0.0131160012,0.0875550061,0.0707400069,-29.2799988,3838.69995,0,0,7.98574924,2.02183652,2.62080693,0.557184398
22003,1,1.21430004,4.09600019,7.50750017,8,2.75200009,-56.4799995,63,0.019332001,0.0457549989,0.0994300023,-29.2799988,3838.69995,0,0,13.5242949,5.50533104,3.20627189,0.802115262
22003,1,0.29430002,4.09600019,7.50750017,8,2.75200009,-56.4799995,-71.4599991,0.0131160012,0.0875550061,0.0707400069,13.9200058,3887.7002,0,0,14.9392309,5.69510078,2.53082299,1.11888456
22003,1,0.29430002,4.09600019,7.50500011,8,0.988000035,10.7200012,-71.4599991,0.0131160012,0.0875550061,0.0707400069,-29.2799988,3838.69995,0,0,5.94006443,2.78409815,2.65558624,0.083396621
22003,1,0.342599988,3.3920002,6.45249987,8,1.84000003,13.4400101,-71.4599991,0.0131160012,0.0875550061,0.0707400069,-29.2799988,3838.69995,5,-5,5.81974888,1.41194165,2.60433102,0.300579339
22003,1,1.21430004,3.48400021,5.57999992,8,0.988000035,10.7200012,63,0.019332001,0.0457549989,0.0994300023,13.8000031,4848.1001,0,0,86.4119415,1.78566778,2.14384842,13.7470703
22003,1,0.280499995,4.11199999,6.45249987,8,1.84000003,-56.4799995,-63,0.0215160009,0.0875550061,0.0707400069,-29.2799988,3838.69995,0,0,6.88978338,3.40354228,3.20768118,0.046426665
22003,1,1.21430004,3.48400021,5.57999992,8,0.988000035,13.4400101,-71.4599991,0.0131160012,0.0875550061,0.0707400069,-29.2799988,3838.69995,5,-5,5.68690777,1.22943985,2.58753872,0.311654836
22003,1,0.73360002,3.48400021,5.57999992,8,1.04000008,10.7200012,-63,0.0215160009,0.0875550061,0.0707400069,-29.2799988,3838.69995,-6,-5,4.27134705,1.35905039,1.8113445,0.18349199
22003,1,1.21430004,3.48400021,5.57999992,8,0.992000043,-56.4799995,63,0.019332001,0.0457549989,0.0994300023,13.9200058,3887.7002,0,0,18.3815002,1.7576642,2.20086122,2.40382934
22003,1,1.21430004,4.09600019,7.50750017,8,2.74800014,10.7200012,-63,0.0215160009,0.0875550061,0.0707400069,-29.2799988,3838.69995,-6,-6,7.88791275,1.31218755,2.5054841,0.678373456
22003,1,0.273600012,3.48400021,5.57999992,8,0.988000035,10.7200012,-63,0.0191080011,0.0828050077,0.0707400069,-29.2799988,3887.7002,-6,-5,3.56624961,1.39062154,1.81257236,0.0605092905
22003,1,0.273600012,3.48400021,5.57999992,8,0.988000035,10.7200012,-63,0.0191080011,0.0828050077,0.0707400069,-29.2799988,3848.50024,-6,-5,3.60373139,1.39169526,1.81245363,0.0665970892
22003,1,0.342599988,3.3920002,5.57999992,8,1.04000008,13.4400101,-71.4599991,0.0131160012,0.0875550061,0.0707400069,-29.2799988,3838.69995,5,-5,4.37446642,1.20357811,2.39992738,0.128493473
22003,1,0.73360002,3.48400021,5.57999992,8,0.988000035,10.7200012,-71.4599991,0.0131160012,0.0875550061,0.0707400069,-29.2799988,3838.69995,5,-6,7.07131386,1.43682659,3.03197265,0.433752358
22003,1,0.802600026,3.3920002,6.45249987,8,1.78800011,10.7200012,-71.4599991,0.0129480017,0.0828050077,0.0707400069,-29.2799988,3848.50024,0,0,7.16555738,3.48698688,2.70770502,0.16181089
22003,1,0.273600012,3.48400021,5.57999992,8,0.988000035,10.7200012,-63,0.0191080011,0.0828050077,0.0707400069,-29.2799988,3887.7002,-6,-5,3.56624961,1.39062154,1.81257236,0.0605092905
22003,1,0.802600026,3.3920002,6.45249987,8,0.988000035,10.7200012,-71.4599991,0.0131160012,0.0875550061,0.0707400069,-29.2799988,3838.69995,0,0,8.1422081,3.79040933,2.79418421,0.259602368
22003,1,0.273600012,3.48400021,5.57999992,8,0.988000035,10.4000015,-63,0.0191080011,0.0828050077,0.0707400069,-29.2799988,3838.69995,-6,-5,3.53494263,1.39211977,1.81246483,0.0550596565
22003,1,1.21430004,4.09600019,7.50750017,8,2.75200009,13.4400101,-71.4599991,0.0131160012,0.0875550061,0.0707400069,-29.2799988,3838.69995,5,-6,4.68126774,1.17536771,2.69369102,0.135368168
22003,1,0.29430002,4.09600019,7.50750017,8,2.75200009,13.4400101,-71.4599991,0.0131160012,0.0875550061,0.0707400069,-29.2799988,3838.69995,5,-6,4.58357477,1.16686475,2.72163868,0.115845248
22003,1,1.21430004,4.09600019,7.50500011,8,0.988000035,10.7200012,-71.4599991,0.0131160012,0.0875550061,0.0707400069,-27.5999985,4196.3999,0,0,7.30895567,3.99955058,2.81808758,0.0818862617
22003,1,0.268999994,3.48400021,5.57999992,8,0.988000035,10.7200012,-71.4599991,0.0131160012,0.0875550061,0.0707400069,-29.3999977,4818.7002,5,-6,5.44382858,1.4044956,2.92280221,0.186088428
22003,1,0.268999994,3.48400021,5.57999992,8,1.04000008,13.4400101,-63,0.0191080011,0.0828050077,0.0707400069,-29.2799988,3838.69995,0,0,5.83012199,2.85208535,2.66546583,0.0520951375
22003,1,1.21430004,3.48400021,5.57999992,8,0.988000035,10.2400055,-71.4599991,0.0131160012,0.0875550061,0.0707400069,-29.2799988,4196.3999,5,-5,5.96065331,1.26399207,2.55803609,0.356437504
22003,1,0.340300024,4.09600019,7.50750017,8,2.75200009,13.9199982,-63,0.0215160009,0.0875550061,0.0707400069,-29.2799988,3838.69995,-6,-6,7.49393272,1.31617749,2.41964197,0.626352191
22003,1,0.273600012,3.48400021,5.57999992,8,0.988000035,10.7200012,-62.4599991,0.0131160012,0.0875550061,0.0707400069,-29.2799988,4196.3999,0,0,9.04941082,1.93612683,2.36370158,0.791597009
22003,1,1.21430004,3.48400021,5.57999992,8,0.988000035,10.7200012,-63,0.0215160009,0.0875550061,0.0707400069,-29.2799988,3838.69995,-6,-6,5.27780342,1.3631922,2.50250864,0.235350385
22003,1,1.21430004,3.48400021,5.57999992,8,0.988000035,10.7200012,-63,0.0191080011,0.0828050077,0.0707400069,-29.2799988,3838.69995,0,0,8.01169491,3.83984375,3.24861479,0.153872728
22003,1,0.268999994,3.48400021,5.57999992,8,0.988000035,10.7200012,-63,0.0215160009,0.0875550061,0.0707400069,-29.2799988,3838.69995,3,-5,3.3915441,1.31626809,1.49183595,0.0972400159
22003,1,1.21430004,4.09600019,7.50750017,8,2.75200009,-56.4799995,63,0.019332001,0.0457549989,0.0994300023,13.9200058,3887.7002,0,0,5.62564659,1.82061207,2.18774819,0.269547701
22003,1,0.268999994,3.48400021,5.57999992,8,0.988000035,10.7200012,-63,0.0191080011,0.0828050077,0.0707400069,-29.2799988,3838.69995,-6,-5,3.57774496,1.39081657,1.81243587,0.0624154173
22003,1,0.268999994,3.296,7.50750017,8,2.75200009,-56.4799995,63,0.019332001,0.0457549989,0.0994300023,13.9200058,3917.1001,5,-6,19.85886,1.40494239,2.56699395,2.64782071
22003,1,1.21430004,4.2840004,5.57999992,8,1.04000008,13.4400101,-71.4599991,0.0191080011,0.0875550061,0.0707400069,-29.2799988,3838.69995,0,0,23.1636944,1.61363626,2.72447014,3.13759804
22003,1,1.21430004,4.09600019,7.50750017,8,2.75200009,13.4400101,-71.4599991,0.0131160012,0.0495549999,0.0707400069,-27.5999985,4196.3999,4,-5,6.47459698,1.35245776,1.53425002,0.597981513
22003,1,1.21430004,4.09600019,7.50750017,8,2.75200009,-56.4799995,63,0.019332001,0.0875550061,0.0707400069,-29.2799988,3838.69995,0,0,17.7025681,11.7012587,5.3768301,0.104079708
22003,1,0.273600012,3.48400021,5.57749987,8,1.78800011,10.7200012,-71.4599991,0.0129480017,0.0828050077,0.0707400069,-29.2799988,3848.50024,0,0,7.33115864,1.81576049,2.42660117,0.514799416
22003,1,0.802600026,3.3920002,6.45499992,8,0.988000035,10.7200012,-63,0.0191080011,0.0828050077,0.0707400069,-29.2799988,3887.7002,0,0,17.0796852,6.98087978,3.97318673,1.02093649
22003,1,1.21430004,4.09600019,7.50750017,8,2.75200009,-56.4799995,63,0.019332001,0.0457549989,0.0994300023,-29.2799988,3838.69995,0,0,13.5242949,5.50533104,3.20627189,0.802115262
22003,1,0.273600012,3.48400021,5.57999992,8,0.988000035,10.7200012,-62.4599991,0.0131160012,0.0875550061,0.0707400069,13.9200058,3887.7002,0,0,13.6957245,2.20572925,2.64032865,1.47494447
22003,1,0.273600012,3.48400021,5.57999992,8,0.988000035,10.7200012,-63,0.0191080011,0.0828050077,0.0707400069,-29.2799988,3848.50024,-6,-5,3.60373139,1.39169526,1.81245363,0.0665970892
22003,1,0.273600012,3.48400021,5.57999992,8,0.988000035,10.7200012,-63,0.0191080011,0.0828050077,0.0707400069,-29.2799988,3838.69995,-6,-5,3.58066511,1.39094424,1.81241,0.0628851354
22003,1,0.29430002,3.26399994,6.34250021,8,2.1880002,10.7200012,-71.4599991,0.0131160012,0.0875550061,0.0707400069,-29.2799988,3838.69995,0,0,8.54903126,3.64669418,2.75837541,0.357326925
22003,1,0.29430002,4.296,6.57999992,8,0.980000019,-53.2799988,-71.4599991,0.0131160012,0.0875550061,0.0707400069,-29.2799988,3838.69995,0,0,7.69285107,2.28637433,2.53950644,0.477828383
22003,1,0.273600012,3.48400021,5.57999992,8,0.988000035,10.4000015,-63,0.0191080011,0.0828050077,0.0707400069,-29.2799988,3838.69995,-6,-5,3.53494263,1.39211977,1.81246483,0.0550596565
22003,1,0.273600012,3.48400021,5.57999992,8,0.988000035,10.7200012,-63,0.0191080011,0.0828050077,0.0707400069,-29.2799988,3838.69995,-6,-5,3.58066511,1.39094424,1.81241,0.0628851354
22003,1,1.21430004,4.09600019,7.58250046,8,2.75200009,-56.4799995,-71.4599991,0.0131160012,0.0828050077,0.0707400069,-29.2799988,3838.69995,0,0,5.04968929,2.11330199,2.78681922,0.0249279775
22003,1,0.29430002,4.09600019,7.50750017,8,2.75200009,-56.4799995,63,0.019332001,0.0457549989,0.0994300023,13.9200058,3887.7002,0,0,4.99310112,1.74892557,2.20028496,0.173981771
22003,1,0.273600012,3.48400021,5.57999992,8,0.988000035,10.7200012,-63,0.0215160009,0.0875550061,0.0707400069,-29.2799988,3838.69995,-5,-5,3.66416454,1.33265471,1.74255455,0.0981592387
22003,1,1.21430004,3.48400021,5.57999992,8,0.988000035,10.7200012,-63,0.0191080011,0.0828050077,0.0707400069,-29.2799988,3848.50024,0,0,8.01247025,3.83169532,3.25105906,0.15495269
22003,1,1.21430004,4.09600019,7.50750017,8,1.04000008,13.4400101,-71.4599991,0.0131160012,0.0875550061,0.0707400069,-29.2799988,3838.69995,5,-6,4.68126774,1.17536771,2.69369102,0.135368168
22003,1,0.342599988,3.3920002,5.57999992,8,2.74800014,10.7200012,-63,0.0215160009,0.0875550061,0.0707400069,-29.2799988,3838.69995,-6,-5,3.91755915,1.34262288,1.79610813,0.129804686
22003,1,0.29430002,4.09600019,7.58250046,8,2.75200009,-56.4799995,-71.4599991,0.0131160012,0.0828050077,0.0707400069,-29.2799988,4848.1001,0,0,5.04049969,1.95357645,2.71108556,0.0626396313
22003,1,0.802600026,3.3920002,6.45249987,8,0.960000038,-56.4799995,63,0.019332001,0.0457549989,0.0994300023,13.8000031,3838.69995,0,0,5.57366085,1.78783894,2.1826427,0.267196506
22003,1,1.21430004,3.48400021,5.57999992,8,0.988000035,10.7200012,-63,0.0215160009,0.0875550061,0.0707400069,-29.2799988,3838.69995,-6,-6,5.27780342,1.3631922,2.50250864,0.235350385
22003,1,0.268999994,3.48400021,5.57999992,8,0.988000035,10.7200012,-71.4599991,0.0131160012,0.0828050077,0.0707400069,-29.2799988,3838.69995,0,0,7.21686745,1.81717527,2.44343734,0.49270907
22003,1,0.73360002,3.48400021,5.57999992,8,0.988000035,10.7200012,-71.4599991,0.0131160012,0.0875550061,0.0707400069,-29.2799988,3838.69995,5,-6,7.07131386,1.43682659,3.03197265,0.433752358
22003,1,0.802600026,3.3920002,6.45249987,8,1.04000008,13.4400101,-71.4599991,0.0131160012,0.0875550061,0.0707400069,-29.2799988,3838.69995,5,-5,5.94603825,1.47051334,2.61300373,0.310420215
22003,1,0.273600012,3.48400021,5.57999992,8,2.75200009,13.4400101,-71.4599991,0.0131160012,0.0875550061,0.0707400069,-29.2799988,3838.69995,5,-6,5.22580719,1.16544127,2.50944352,0.258487105
22003,1,1.21430004,4.09600019,7.50750017,8,0.988000035,10.7200012,-63,0.0191080011,0.0828050077,0.0707400069,-29.2799988,3838.69995,0,0,11.0774469,4.2012558,3.72857428,0.52460283
22003,1,1.21430004,3.48400021,5.57999992,8,0.988000035,13.4400101,-72,0.0191080011,0.0828050077,0.0707400069,-29.2799988,3838.69995,0,0,8.56087303,4.10850477,3.42894435,0.170570686
22003,1,0.273600012,3.48400021,5.57999992,8,0.988000035,10.7200012,-62.4599991,0.0131160012,0.0875550061,0.0707400069,-29.2799988,3838.69995,0,0,9.91136742,1.76605093,2.35396647,0.965225041
22003,1,0.802600026,3.3920002,6.45249987,8,1.78800011,10.7200012,-71.4599991,0.0129480017,0.0828050077,0.0707400069,-29.2799988,3848.50024,0,0,7.16555738,3.48698688,2.70770502,0.16181089
22003,1,0.273600012,4.09600019,7.50750017,8,2.75200009,-56.4799995,63,0.019332001,0.0457549989,0.0994300023,13.9200058,3838.69995,0,0,4.60907078,1.7451297,2.16576457,0.116362691
22003,1,0.268999994,3.48400021,5.57999992,8,1.04000008,13.4400101,-71.4599991,0.0131160012,0.0875550061,0.0707400069,-29.3999977,4818.7002,5,-6,4.9863863,1.4536376,2.91786504,0.10248062
22003,1,0.273600012,3.48400021,5.57999992,8,0.988000035,10.7200012,-63,0.0191080011,0.0828050077,0.0707400069,-29.2799988,3887.7002,-6,-5,3.56624961,1.39062154,1.81257236,0.0605092905
22003,1,0.342599988,3.3920002,5.57999992,8,1.04000008,13.4400101,-71.4599991,0.0131160012,0.0875550061,0.0707400069,-29.2799988,3838.69995,5,-5,4.37446642,1.20357811,2.39992738,0.128493473
22003,1,0.273600012,3.48400021,5.57999992,8,0.988000035,10.7200012,-63,0.0191080011,0.0828050077,0.0707400069,-29.2799988,3838.69995,-6,-5,3.58066511,1.39094424,1.81241,0.0628851354
22003,1,0.73360002,3.48400021,5.57999992,8,1.04000008,13.4400101,-63,0.0191080011,0.0828050077,0.0707400069,-29.2799988,3848.50024,0,0,7.69391441,3.90939665,3.39150453,0.0655021444
22003,1,0.273600012,3.48400021,5.57999992,8,0.988000035,10.7200012,-71.4599991,0.0131160012,0.0875550061,0.0707400069,-29.2799988,3838.69995,0,0,6.99351788,2.06938672,2.64965415,0.379079461
22003,1,0.29430002,4.09600019,7.58250046,8,2.75200009,-50.5599976,-71.4599991,0.0191080011,0.0875550061,0.0707400069,-29.2799988,3838.69995,0,0,11.5282383,5.25430155,3.4656868,0.468041569
22003,1,0.268999994,3.48400021,5.57999992,8,1.04000008,7.52000427,-71.4599991,0.0131160012,0.0828050077,0.0707400069,-29.2799988,3838.69995,0,0,6.70328712,1.86051261,2.44399023,0.39979735
22003,1,0.268999994,3.48400021,5.57999992,8,1.04000008,13.4400101,-71.4599991,0.0131160012,0.0875550061,0.0707400069,-29.2799988,3838.69995,5,-6,5.22769451,1.16392064,2.50285554,0.260153115
22003,1,0.73360002,3.48400021,5.57999992,8,1.04000008,13.4400101,-71.4599991,0.0131160012,0.0875550061,0.0707400069,-29.3999977,4818.7002,0,0,7.12534618,3.98699856,2.59217954,0.0910280868
22003,1,0.273600012,3.48400021,5.57999992,8,0.988000035,10.7200012,-71.4599991,0.0129480017,0.0828050077,0.0707400069,-29.2799988,3848.50024,0,0,7.30878353,1.81738102,2.42689967,0.510750532
22003,1,0.273600012,3.48400021,5.57999992,8,0.988000035,10.7200012,-63,0.0191080011,0.0828050077,0.0707400069,-29.2799988,4848.1001,-6,-5,3.53410268,1.34859514,1.8018471,0.0639434084
22003,1,0.802600026,3.3920002,6.45249987,8,0.960000038,-56.4799995,63,0.019332001,0.0457549989,0.0994300023,13.9200058,3838.69995,0,0,5.56786633,1.78755808,2.18266296,0.266274184
22003,1,0.273600012,4.09600019,7.50750017,8,2.75200009,-56.4799995,63,0.019332001,0.0457549989,0.0994300023,13.8000031,4848.1001,0,0,4.71756172,1.78192389,2.21927714,0.119393431
22003,1,1.21430004,3.48400021,5.57999992,8,0.988000035,10.7200012,-63,0.0215160009,0.0875550061,0.0707400069,-29.2799988,3838.69995,-6,-6,5.27780342,1.3631922,2.50250864,0.235350385
22003,1,0.342599988,3.3920002,6.45249987,8,1.84000003,13.4400101,-71.4599991,0.0131160012,0.0875550061,0.0707400069,-29.2799988,3838.69995,5,-5,5.81974888,1.41194165,2.60433102,0.300579339
22003,1,0.29430002,4.09600019,7.50500011,8,0.988000035,10.7200012,-63,0.0191080011,0.0828050077,0.0707400069,-29.2799988,3887.7002,0,0,10.5887032,4.01812458,3.38998532,0.530098855
22003,1,0.273600012,3.48400021,5.57999992,8,0.988000035,10.7200012,-71.4599991,0.0131160012,0.0875550061,0.0707400069,-27.5999985,4196.3999,0,0,6.79911518,2.07978153,2.59963346,0.353283435
22003,1,0.268999994,3.48400021,5.57999992,8,0.988000035,10.7200012,-63,0.0215160009,0.0875550061,0.0707400069,-29.2799988,3838.69995,3,-5,3.3915441,1.31626809,1.49183595,0.0972400159
22003,0,0,0,0,0,0,0,0,0,0,0,0,0,0,0,0,0,0,0
22003,0,0,0,0,0,0,0,0,0,0,0,0,0,0,0,0,0,0,0
