seed,recorded_evaluation,ie,delta,logNe,logT,logNp,As_pct,Az_deg,R_Rsun,FS_Rsun,H_Rsun,incl_deg,Bbase_G,shift_x,shift_y,Q_total,Qimg_6p77,Qimg_9p69,Qspec
33007,1,0.592694521,5.99825859,7.97821331,8,3.23488522,60.7496796,-56.8078346,0.0185791738,0.0383170694,0.0615773685,-43.2692795,2402.77954,0,0,97.0096512,1.78045082,2.24349928,15.4976177
33007,1,0.285271645,3.22083616,5.68119049,8,2.26683974,50.3796234,-8.24652863,0.0213428885,0.0197626874,0.0217055194,45.1511765,2724.41309,0,0,71.4139404,4.99675941,2.67339396,10.6239643
33007,1,0.833806217,5.61672878,7.38733435,8,1.09701502,-11.1622696,-60.2038422,0.0150008211,0.0266160965,0.0891239643,-36.5187569,1524.60901,0,0,137.997391,1.77890587,2.05707407,22.3602371
33007,1,1.47057521,2.48937964,7.3431139,8,2.87347364,24.8058167,-31.3436394,0.02531741,0.0923196152,0.0763155296,-36.6444817,1285.17444,0,0,210.235947,111.604324,5.53153849,15.5166817
33007,1,0.813153207,2.49863768,5.80102062,8,1.78167868,58.2284546,-37.6894722,0.0198719967,0.0680670068,0.0957405642,41.2075653,4057.2146,0,0,85.0415497,62.224659,5.24242783,2.92907667
33007,1,1.5414356,4.18895292,5.73552895,8,3.70238638,-68.1859207,32.0069504,0.00953656062,0.0289415084,0.0568544455,20.4854431,1706.09534,5,-6,264.114899,1.39489317,2.69883156,43.3368645
33007,1,0.955195725,3.46628428,6.08589554,8,2.54309249,8.59063721,10.5262299,0.00280807959,0.0667372197,0.0794114321,-0.780609131,3848.0564,5,-1,253.535889,1.44177604,2.47821784,41.6026497
33007,1,2.08073783,2.62652349,7.00564623,8,2.18024921,15.9452515,18.7375717,0.0211556815,0.0477339104,0.0609840043,-46.5305824,567.081665,0,0,53.0851898,7.8807044,3.73086739,6.91227007
33007,1,2.25092959,5.6163311,6.26696444,8,2.43007255,59.9271393,77.7875671,0.0236114785,0.0432478338,0.0608438142,-6.22058105,4021.63818,0,0,1048.32898,1.77551842,2.45028305,174.017197
33007,1,0.412269324,2.45931244,6.94146824,8,1.41260409,38.147438,19.2028122,0.0141864577,0.00741556287,0.0610567629,-52.3787956,1872.67346,0,0,74.3943481,66.6337967,3.47526956,0.714213192
33007,1,0.759097934,3.84139824,5.79101801,8,0.122030839,-8.72743225,-6.66430664,0.0262901895,0.0828234032,0.056821309,-42.7208595,329.516113,0,0,334.304871,1.76467133,3.10215783,54.9063377
33007,1,2.16248894,2.28424883,5.86370325,8,2.56779146,14.2095184,58.6256866,0.0246505253,0.0126592815,0.0124738533,46.6899109,3286.64185,0,0,67.7065506,10.8384743,2.18325281,9.1141386
33007,1,1.90064967,2.36035466,6.79063988,8,1.7795136,-2.87255096,87.9039001,0.0110143842,0.0142145976,0.056057252,-11.4797554,804.967285,0,0,28.4183369,7.74790287,2.58555818,3.01414609
33007,1,2.22364831,4.8420701,6.42063093,8,2.35965466,-54.0619812,-36.313324,0.016774416,0.0595408604,0.0562434904,13.7983017,3323.93896,4,3,370.966278,1.01708055,3.04398775,61.1508713
33007,1,0.7419613,2.55374503,6.97814798,8,2.96015382,-12.546936,-17.9154282,0.0142090004,0.0528684296,0.01999446,-37.8999786,2459.11426,0,0,30.6111183,21.4778728,3.60724831,0.920999587
33007,1,1.05537152,3.30633616,6.89233494,8,2.16628695,-13.3894272,-0.388763428,0.0272702761,0.074661985,0.0364926495,59.0099564,163.565613,5,-6,189.925446,1.35139072,3.42557955,30.858078
33007,1,1.7457087,5.72204018,7.41808796,8,3.01954579,-15.841011,-1.22949982,0.00844159443,0.0928137824,0.0417940281,-55.0232315,3638.74243,0,0,399.310638,1.76077139,2.16136241,65.8980789
33007,1,1.02633893,5.33563089,5.85151958,8,0.145364702,-35.8484955,38.416153,0.0108829737,0.0353285186,0.0685893819,-20.5724945,3158.32617,4,-6,154.356033,1.24557459,2.47585511,25.1057663
33007,1,1.29800129,2.45008087,7.29402542,8,2.63196015,-52.0675316,69.9558563,0.0126704555,0.0387647226,0.0175190642,22.745491,1938.43872,0,0,31.7520313,23.5716782,4.47076273,0.618265331
33007,1,1.02724397,3.15786767,6.17954254,8,0.175880611,-53.2184486,-47.923336,0.0269549955,0.0567608997,0.0803249255,-30.634943,3048.93311,0,0,29.1821117,17.8917694,3.93209529,1.22637463
33007,1,0.251036346,3.57527161,6.30100918,8,2.97278237,-66.5125809,-77.4478531,0.0260577872,0.00918884203,0.0869771093,-11.3899269,3909.34717,0,0,4.62216282,2.21309614,2.21852899,0.031756334
33007,1,0.236002564,3.80094194,7.38459587,8,0.782836676,23.0579529,-37.2879715,0.0230471622,0.0551422164,0.0678734481,1.0292244,2443.98218,0,0,22.274004,17.53545,4.3627286,0.0626377687
33007,1,0.909522057,3.37641168,7.55139351,8,0.450379729,-6.4727478,-68.2218704,0.00294424244,0.0598381311,0.0526349247,-34.8701057,3045.70459,0,0,31.9300423,2.44343805,2.80667901,4.44665432
33007,1,0.403739274,3.25054622,6.6978817,8,1.38519776,42.8008423,-36.9513397,0.0141462889,0.0176069103,0.0969238877,-47.2823677,2920.42358,0,0,45.4857216,1.84413528,2.3465364,6.88250828
33007,1,1.06665385,4.71830845,6.59248447,8,0.459179789,9.0918808,-18.0894165,0.0269775651,0.0861624479,0.058267612,-8.15960312,1623.87,5,-6,32.1269913,1.9214046,3.05784631,4.52462339
33007,1,0.52302283,3.05945206,6.10516167,8,1.15012097,-34.4171066,6.77376556,0.00443445938,0.0399244577,0.0486647412,-38.9276276,3909.17236,0,0,50.0161743,3.97050452,2.49315929,7.25875139
33007,1,0.863787234,5.05565596,6.22357988,8,0.550065219,73.2549438,4.03942108,0.00603299309,0.006352189,0.0759255663,-21.4160576,804.087463,0,0,447.477295,1.78191626,2.15869617,73.9227829
33007,1,1.74224782,2.86688995,5.80746269,8,2.7481513,-12.3522263,-15.6568451,0.0239816122,0.0355207548,0.0578883663,-38.9426422,2594.39941,5,-6,19.5047894,9.55557728,2.6543262,1.21581435
33007,1,1.82826293,2.57596588,6.14904737,8,2.82674742,-14.3336716,37.4739609,0.0137439137,0.0895964876,0.0927664712,50.3545151,666.595886,0,0,11.9139099,2.02363253,2.25485492,1.27257037
33007,1,0.593777716,2.97374654,6.1244936,8,2.49629188,26.964035,-49.9907379,0.0103863878,0.0216956437,0.0943440273,8.67947388,3245.49878,0,0,13.4587069,2.87540078,2.42824483,1.35917687
33007,1,2.0056026,4.27965975,7.61438942,8,1.94161582,21.4670563,82.4271851,0.020170087,0.0339788981,0.0346732438,-24.6640816,3513.7854,0,0,77.1459579,6.8956461,2.95546961,11.215807
33007,1,2.49348521,4.77872467,5.67687941,8,3.27134752,-52.6273804,-36.3606224,0.0142111853,0.0172102489,0.0587406158,53.966774,940.684387,0,0,2140.77661,1.7861346,2.69419265,356.049377
33007,1,1.07198143,4.22433186,5.55882359,8,2.42489791,75.4161682,-41.7380791,0.0160522219,0.0743911117,0.0528120734,-6.73453522,4513.28125,0,0,53.5669899,1.95303047,3.43748331,8.02941227
33007,1,0.290478498,4.47867346,7.68928289,8,1.71757483,-62.610054,30.2765274,0.018163925,0.0208132528,0.0406279229,-3.52640915,1313.37769,0,0,88.5039673,2.53577805,2.78823495,13.8633251
33007,1,0.510558367,4.73925924,7.08328342,8,2.41347384,57.1231079,26.2758636,0.0246309154,0.099236384,0.0511764027,-9.98635864,3586.97437,0,0,25.5606747,2.16421604,2.26497078,3.52191448
33007,1,0.246487126,5.72126007,7.03631687,8,1.43179035,-74.4587021,-15.1410751,0.0158862397,0.0137123,0.0409343541,-17.2890511,3312.13037,0,0,296.931,1.66191602,2.24672699,48.837059
33007,1,2.09398913,3.19498062,7.35608053,8,2.58389878,-69.4428024,-69.1486053,0.0253240429,0.0750739723,0.0342287645,-24.2953339,819.116577,0,0,25.8036747,18.1740341,3.69512796,0.655752122
33007,1,0.47144717,2.44218421,7.0519166,8,2.94163251,-78.9200363,-84.3059387,0.00427772757,0.0182334185,0.0072330106,-47.8764381,4898.39795,0,0,82.649292,6.79011679,2.29301453,12.2610264
33007,1,0.660735428,2.48544168,6.09414482,8,3.5688827,52.6848297,-30.6437836,0.0190541204,0.0996394753,0.0944569036,-17.0070953,564.038086,0,0,21.5768223,11.0391483,2.98563743,1.25867271
33007,1,1.64685261,5.42147255,7.46389866,8,0.159753874,9.99890137,-45.5051613,0.0259914789,0.0811392218,0.0513593927,-22.5639496,1205.01196,0,0,61.0238419,1.51626611,2.45656395,9.50850201
33007,1,1.31441844,5.29798794,7.0196619,8,2.64857841,-70.1711884,-6.9721756,0.0269678831,0.046380911,0.0624203756,-9.44960403,4875.33691,0,0,28.0919418,3.03192639,3.70824504,3.55862832
33007,1,0.705736995,2.98601127,6.13231945,8,2.76948333,-31.5935173,-62.0915833,0.0150709916,0.0607326329,0.0359680764,8.54243469,4566.24219,0,0,20.6260605,14.2476912,4.96728897,0.235180095
33007,1,0.580876946,3.087883,7.48803139,8,0.258533388,22.3950348,-57.085247,0.014566252,0.0933438614,0.0936967954,-43.3288116,3049.5105,0,0,30.3408394,3.24974561,2.31684685,4.12904119
33007,1,1.46960008,2.48799992,7.34250021,8,2.87200022,24.8000031,-31.4999962,0.0252960008,0.0923050046,0.0762500092,-36.7200012,1280.90002,0,0,255.543976,155.45665,6.47965384,15.6012774
33007,1,0.251036346,3.57527161,6.30100918,8,2.97278237,-66.5125809,-77.4478531,0.0260577872,0.00918884203,0.0869771093,-11.3899269,3909.34717,0,0,4.62216282,2.21309614,2.21852899,0.031756334
33007,1,1.31320012,5.29600048,7.01749992,8,2.64800024,-70.2399979,-7.01999664,0.0269480012,0.0463250019,0.0623800009,-9.47999573,4872.6001,0,0,28.1912231,2.87946653,3.68038845,3.60522771
33007,1,0.832499981,5.64000034,7.05000019,8,2.94000006,-79.0400009,-84.4199982,0.0042679999,0.018205002,0.00718499999,-47.8799973,4897.1001,0,0,985.838623,1.86187577,2.26683569,163.618317
33007,1,0.471400023,2.41599989,7.38500023,8,1.09600008,-11.1999969,-60.2999992,0.0149920015,0.0265650004,0.0890750065,-36.5999985,1521.00012,0,0,69.8689804,20.6635818,2.21556568,7.83163786
33007,1,0.25060001,3.57200003,6.30000019,8,2.97200012,-66.5599976,-77.5800018,0.0260520019,0.00918000005,0.067795001,0.960002899,2442.2002,0,0,17.9177914,5.53415966,2.76793218,1.60261667
33007,1,0.234500006,3.80000019,7.38250017,8,0.780000031,23.0400085,-37.4399948,0.0230280031,0.0550649986,0.0868900046,-11.3999977,3877.90015,0,0,16.859539,12.1133175,3.38391781,0.227050588
33007,1,1.32240009,5.05200005,6.22249985,8,0.548000038,73.1199951,3.95999908,0.0060320003,0.00632999977,0.0758700073,-21.4799995,800.700012,0,0,471.173065,1.78199649,2.16446972,77.8711014
33007,1,0.855500042,3.45200014,6.09250021,8,3.90400028,-1.91999817,-71.8199997,0.00292400015,0.0726400018,0.0677000061,-8.75999832,1217.20007,0,0,277.531952,1.7861464,2.14145875,45.6007271
33007,1,0.832499981,5.61600018,7.38500023,8,1.09600008,14.0800018,58.5000153,0.0246240012,0.0126000009,0.01241,46.6800079,3285.00024,-2,-4,261.908264,1.3001014,2.00330806,43.1008072
33007,1,2.16190004,2.28399992,5.86250019,8,2.56400013,-11.1999969,-61.1999969,0.0149920015,0.0265650004,0.0890750065,-36.5999985,1521.00012,0,0,24.0912094,1.73651731,2.24779344,3.35115004
33007,1,1.46960008,2.48799992,7.34250021,8,2.87200022,24.8000031,-31.4999962,0.0252960008,0.0905950069,0.0512650013,-22.6799965,1202.5,0,0,194.702606,111.443199,5.80376911,12.9092712
33007,1,1.64670002,5.42000008,7.4625001,8,0.156000003,57.9200134,-45.5399971,0.0259680022,0.0828050077,0.0762500092,-36.7200012,1280.90002,0,0,48.8476753,1.53753436,2.16379642,7.52439117
33007,1,1.07169998,4.22399998,5.55749989,8,2.42400002,75.3600159,-41.7599983,0.0160280019,0.0743500069,0.0525950044,-17.0399971,560.599976,0,0,363.706604,1.78294635,2.16942,59.959034
33007,1,0.660000026,2.48399997,6.09250021,8,3.56800008,52.6400146,-30.779995,0.0190520007,0.099620007,0.0945850015,-6.83999634,4510,0,0,56.0251617,21.8474388,3.55327487,5.10407448
33007,1,2.16190004,2.28399992,5.86250019,8,2.56400013,14.0800018,58.5000153,0.0246240012,0.0126000009,0.00718499999,50.2800064,663.5,-2,4,323.222595,1.33564496,1.31143725,53.4292564
33007,1,1.82610011,2.57200003,6.14750004,8,2.82400012,-14.3999939,37.4400024,0.0137320012,0.0814750046,0.0979100093,46.6800079,3285.00024,0,0,16.9931297,2.44741678,2.19901562,2.05778313
33007,1,0.593299985,2.97200012,6.12249994,8,2.49600005,50.2400055,-8.27999878,0.0204800013,0.0197249986,0.021625001,45.1200027,2721.50024,0,0,43.9969902,9.00290585,2.75128436,5.37379932
33007,1,0.285100013,3.22000003,5.67999983,8,2.26400018,26.8800049,-50.0399971,0.0103720017,0.021625001,0.0943000093,8.63999939,3240.90015,3,-5,30.1625443,1.08119285,1.79229307,4.54817629
33007,1,0.908400059,3.37599993,7.55000019,8,0.448000014,-6.55999756,-48.0599976,0.0269480012,0.0566800013,0.0802400038,-30.7199974,3044.90015,0,0,41.6668549,27.8527126,2.68232059,1.85530376
33007,1,1.02570009,3.15600014,6.17750025,8,0.172000006,-53.2799988,-68.4000015,0.00292400015,0.0598150007,0.0525950044,-34.9199982,3044.90015,5,-6,71.0537415,1.28424692,2.78589606,11.1639328
33007,1,0.522000015,3.05599999,6.11749983,8,2.64800024,-70.2399979,-7.01999664,0.0269480012,0.0463250019,0.0623800009,-9.47999573,4872.6001,0,0,42.48843,31.1524944,6.96801901,0.727986515
33007,1,1.31320012,5.29600048,7.00500011,8,1.148,-34.5599976,6.66000366,0.00440800004,0.0398649983,0.0486049987,-39,3907.30005,0,0,175.786469,1.23145926,2.17535067,28.7299423
33007,1,0.522000015,3.05599999,6.10500002,8,1.148,-34.5599976,6.66000366,0.00440800004,0.0398649983,0.0486999974,-8.15999985,1619,0,0,90.3061829,2.71101761,2.74808002,14.1411819
33007,1,1.06480002,3.11600018,6.59000015,8,0.45600003,8.96000671,-18.1800003,0.0269760024,0.0861300081,0.0581049994,-39,3907.30005,0,0,46.7020073,21.7113914,5.58449936,3.23435235
33007,1,0.25060001,3.57200003,6.30000019,8,2.94000006,-79.0400009,-84.4199982,0.0042679999,0.018205002,0.00718499999,-47.8799973,4897.1001,0,0,364.451721,1.79048741,2.50455832,60.0261116
33007,1,0.471400023,2.44000006,7.05000019,8,2.97200012,-66.5599976,-77.5800018,0.0260520019,0.00918000005,0.0868900046,-11.3999977,3907.30005,0,0,73.7540207,3.49472284,2.21861959,11.3401136
33007,1,1.82610011,2.57200003,6.14750004,8,2.82400012,-14.3999939,37.4400024,0.0137320012,0.0895500034,0.0926850066,50.2800064,212.700012,0,0,63.4075661,1.7348274,2.25326037,9.90324593
33007,1,2.16190004,2.28399992,5.86250019,8,2.56400013,14.0800018,58.5000153,0.0246240012,0.00918000005,0.0802400038,-30.7199974,3044.90015,0,0,82.6456375,2.22205353,2.84872007,12.9291449
33007,1,0.402400017,3.24800014,6.69750023,8,1.38400006,42.7200012,-37.0800018,0.0141240014,0.0175400004,0.0793850049,-0.839996338,3843.60034,0,0,12.0906219,7.90844584,2.97528887,0.201147735
33007,1,0.954400003,3.46400023,6.08500004,8,2.5400002,8.48000336,10.4400024,0.00278400024,0.0666550025,0.0968650058,-47.4000015,2917.50024,-4,4,86.3194656,0.906988561,1.74608743,13.9443979
33007,1,0.402400017,3.24800014,6.69750023,8,1.38400006,42.7200012,-37.0800018,0.0140680009,0.0387249999,0.0174450018,22.6800003,1937.50012,0,0,25.4397354,12.625885,4.30866909,1.41753006
33007,1,1.29710007,2.44799995,7.29250002,8,2.62800002,-52.159996,69.8400116,0.012724001,0.0175400004,0.0968650058,-47.4000015,2917.50024,0,0,137.343536,93.8650513,3.87144494,6.60117388
33007,1,1.46960008,2.48799992,7.34250021,8,2.87200022,24.8000031,-67.5,0.0246520024,0.099620007,0.0943950042,-17.0399971,560.599976,0,0,82.5741348,18.0518665,2.53596401,10.3310509
33007,1,0.660000026,2.48399997,6.09250021,8,3.56800008,52.6400146,-30.779995,0.019696001,0.0923050046,0.0762500092,-36.7200012,1280.90002,0,0,59.5778618,38.6646805,3.29078388,2.93706656
33007,1,0.411600024,2.45600009,6.94000006,8,1.41200006,37.4400024,-15.2999954,0.0158600006,0.0136450008,0.0409100018,-17.3999977,3309.50024,0,0,57.2709389,53.1987457,2.90576911,0.194403976
33007,1,0.246000007,5.72000027,7.03499985,8,1.42800009,-73.9199982,19.0800018,0.0141800018,0.00737500004,0.0610500015,-52.4399986,1868.90015,0,0,201.619873,1.14230955,1.79074419,33.1144714
33007,1,0.402400017,3.24800014,6.69750023,8,2.94000006,-79.0400009,-84.4199982,0.0042679999,0.018205002,0.00718499999,-47.8799973,4897.1001,0,7,192.65567,1.00180304,1.75575626,31.6496868
33007,1,0.471400023,2.44000006,7.05000019,8,1.38400006,42.7200012,-37.0800018,0.0141240014,0.0175400004,0.0968650058,-47.4000015,2917.50024,6,-6,9.48537064,3.13564587,3.91100836,0.406452715
33007,1,0.832499981,5.61600018,7.39750004,8,2.49600005,26.8800049,-50.0399971,0.0103720017,0.021625001,0.0943000093,8.63999939,3240.90015,5,-6,105.777443,1.30413008,2.83410621,16.939867
33007,1,0.593299985,2.97200012,6.11000013,8,1.09600008,-11.1999969,-60.2999992,0.0149920015,0.0265650004,0.0890750065,-36.5999985,1521.00012,0,0,19.068327,1.67850637,2.20550013,2.53072023
33007,1,0.57950002,3.08400011,7.48750019,8,1.41200006,38.0800018,19.0800018,0.0141800018,0.00737500004,0.0610500015,-52.4399986,1868.90015,0,0,31.1958523,24.1718102,2.75156593,0.712079227
33007,1,0.411600024,2.45600009,6.94000006,8,0.256000012,22.2400055,-57.2399979,0.0145440008,0.0932550058,0.0936350077,-43.4399986,3044.90015,0,0,55.8741302,5.91137838,2.30186319,7.94348145
33007,1,2.16650009,5.49600029,7.05500031,8,0.664000034,57.1200104,26.1000061,0.0246240012,0.0991450101,0.0511700027,-10.079998,3583.90015,5,7,119.984894,0.911181629,3.56755924,19.2510262
33007,1,2.16190004,2.28399992,5.86250019,8,2.56400013,14.0800018,-36.3599968,0.016756,0.0595299974,0.0562050007,13.6800003,3319.30005,0,0,48.2410583,37.7394066,3.4419384,1.17661834
33007,1,2.22170019,4.84000015,6.42000008,8,2.35600019,-54.0800018,58.5000153,0.0246240012,0.0126000009,0.01241,46.6800079,3285.00024,0,0,707.395325,1.75089455,2.01889825,117.27092
33007,1,0.471400023,2.44000006,7.05000019,8,2.97200012,-66.5599976,-77.5800018,0.0260520019,0.00918000005,0.0868900046,-11.3999977,3907.30005,0,0,73.7540207,3.49472284,2.21861959,11.3401136
33007,1,0.25060001,3.57200003,6.30000019,8,2.94000006,-79.0400009,5.58000183,0.0042679999,0.018205002,0.00718499999,-47.8799973,4897.1001,0,0,455.890015,1.80575669,1.85983622,75.3707352
33007,1,2.16190004,2.28399992,5.86250019,8,2.56400013,14.0800018,58.5000153,0.0246240012,0.0074699996,0.0437600017,1.44000244,1070.20007,0,0,52.6268501,14.4989233,2.27673244,5.97519875
33007,1,2.28840017,3.36800003,5.88000011,8,3.8840003,66.7200012,-80.4599991,0.0120520014,0.00918000005,0.0868900046,-11.3999977,3907.30005,0,0,47.5910759,1.78067803,2.09244084,7.28632641
33007,1,0.740500033,2.55200005,6.97749996,8,2.89600015,26.8800049,-50.0399971,0.0103720017,0.021625001,0.0943000093,8.63999939,3240.90015,0,0,21.3482304,6.58111954,2.22837591,2.08978891
33007,1,0.593299985,2.97200012,6.12249994,8,2.56000018,-12.6399918,-18,0.0142080011,0.0527850017,0.0199149996,-37.9199982,2456.90015,0,0,24.8305454,11.7788515,4.28835726,1.46055615
33007,1,0.496699989,5.42000008,7.4625001,8,0.156000003,9.9200058,-45.5399971,0.0259680022,0.08109501,0.0512650013,-22.6799965,1202.5,0,0,42.3035583,1.6655463,2.61317182,6.33747387
33007,1,1.67200017,3.05599999,6.10500002,8,1.148,-34.5599976,6.66000366,0.00440800004,0.0398649983,0.0486049987,-39,3907.30005,0,0,56.3577766,3.68039346,2.33679056,8.39009857
33007,1,1.31550002,3.10800004,7.51749992,8,0.900000036,23.0400085,-37.4399948,0.0230280031,0.0550649986,0.067795001,0.960002899,2442.2002,0,0,95.2129822,69.5725479,5.46315098,3.36288118
33007,1,0.510500014,4.73600006,7.08249998,8,2.41200018,-8.79999542,-3.23999786,0.0262760017,0.0828050077,0.0567749999,-42.8400002,325.400024,0,0,381.736237,1.77839255,2.40742397,62.9250755
33007,1,0.758899987,3.84000015,5.78999996,8,0.120000005,57.1200104,26.1000061,0.0246240012,0.0991450101,0.0511700027,-10.079998,3583.90015,0,0,25.7947559,2.42889118,2.52778888,3.47301292
33007,1,2.16190004,2.28399992,5.86250019,8,2.6960001,-11.1999969,-60.2999992,0.0149920015,0.0265650004,0.0890750065,-36.5999985,1521.00012,0,0,25.9450684,1.72602582,2.24882674,3.66170263
33007,1,0.251036346,3.57527161,6.30100918,8,2.97278237,-66.5125809,-77.4478531,0.0260577872,0.00918884203,0.0869771093,-11.3899269,3909.34717,0,0,4.62216282,2.21309614,2.21852899,0.031756334
33007,1,0.593299985,2.97200012,6.11000013,8,0.964000046,14.0800018,58.5000153,0.0246240012,0.00918000005,0.0802400038,-30.7199974,3044.90015,-4,-5,57.2946854,0.839731455,1.68912327,9.12763786
33007,1,0.402400017,3.24800014,6.69750023,8,1.36400008,14.0800018,-36.3599968,0.016756,0.0595299974,0.0562050007,13.6800003,3319.30005,0,0,26.3868389,21.3756943,4.56198072,0.0748604387
33007,1,2.16190004,2.28399992,5.9124999,8,2.58400011,42.7200012,-37.0800018,0.0140680009,0.0387249999,0.0174450018,22.6800003,1937.50012,0,0,41.3504105,35.2478409,4.06682396,0.339290679
33007,1,0.411600024,2.45600009,6.94000006,8,0.256000012,22.2400055,-57.2399979,0.0145440008,0.0932550058,0.0936350077,-43.4399986,3044.90015,0,0,55.8741302,5.91137838,2.30186319,7.94348145
33007,1,0.388599992,3.24800014,6.69750023,8,1.38400006,42.7200012,-37.0800018,0.0141240014,0.0175400004,0.0793850049,-0.839996338,3843.60034,0,0,12.0958996,7.91865063,2.96860242,0.201441124
33007,1,0.252900004,2.28399992,5.86250019,8,2.56400013,14.0800018,58.5000153,0.0246240012,0.0126000009,0.00718499999,50.2800064,663.5,0,0,213.929565,1.60730326,2.04995561,35.0453835
33007,1,2.15960002,3.57200003,6.30000019,8,2.97200012,-66.5599976,-77.5800018,0.0260520019,0.00918000005,0.067795001,0.960002899,2442.2002,0,0,102.802032,4.21205378,2.6320262,15.9929924
33007,1,1.06480002,3.11600018,6.59749985,8,2.82400012,-14.3999939,37.4400024,0.0137320012,0.0814750046,0.0979100093,46.6800079,3285.00024,0,0,6.99315548,1.70223391,2.06576633,0.537525892
33007,1,1.82610011,2.57200003,6.13999987,8,0.45600003,8.96000671,-18.1800003,0.0269760024,0.0861300081,0.0581049994,-39,3907.30005,0,0,74.7423019,33.7859917,5.06128454,5.98250484
33007,1,0.593299985,2.97200012,6.09250021,8,3.56800008,52.6400146,-30.779995,0.019696001,0.0923050046,0.0762500092,-36.7200012,1280.90002,0,0,16.6532097,10.434618,2.74987316,0.578119934
33007,1,0.660000026,2.48399997,6.11000013,8,1.09600008,-11.1999969,-60.2999992,0.0149920015,0.0265650004,0.0890750065,-36.5999985,1521.00012,0,0,7.88910675,2.62859464,2.1991117,0.510233402
33007,1,0.402400017,3.24800014,6.69750023,8,1.38400006,42.7200012,-37.0800018,0.0141240014,0.0175400004,0.07929001,-11.3999977,3907.30005,0,0,22.2218952,16.8236122,3.85689855,0.256897241
33007,1,0.25060001,3.57200003,6.30000019,8,2.97200012,-66.5599976,-77.5800018,0.0260520019,0.00918000005,0.0869850069,-0.839996338,3843.60034,5,-6,8.4636364,0.939314008,2.35845542,0.860977888
33007,1,2.16190004,2.28399992,5.86250019,8,2.56400013,-11.1999969,-61.1999969,0.0149920015,0.0265650004,0.0890750065,-36.5999985,1521.00012,0,0,24.0912094,1.73651731,2.24779344,3.35115004
33007,1,0.660000026,2.48399997,6.09250021,8,3.56800008,52.6400146,-30.779995,0.019696001,0.0923050046,0.0762500092,-36.7200012,1280.90002,0,0,59.5778618,38.6646805,3.29078388,2.93706656
33007,1,0.522000015,3.05599999,6.10500002,8,1.13200009,-53.2799988,-68.4000015,0.00292400015,0.0598150007,0.0525950044,-34.9199982,3044.90015,5,-6,66.3531799,1.26181126,2.78911257,10.383709
33007,1,1.02570009,3.15600014,6.17750025,8,0.188000008,-34.5599976,6.66000366,0.00440800004,0.0398649983,0.0486999974,-8.15999985,1619,0,0,97.023819,2.49487305,2.77163458,15.2928848
33007,1,0.402400017,3.24800014,6.69250011,8,2.64800024,-70.2399979,-7.01999664,0.0269480012,0.0463250019,0.0623800009,-9.47999573,4872.6001,0,0,44.1430969,30.7197952,7.16839457,1.04248428
33007,1,1.31320012,5.29600048,7.02250004,8,1.38400006,42.7200012,-37.0800018,0.0140680009,0.0387249999,0.0174450018,22.6800003,1937.50012,-1,-4,98.20047,1.21687937,2.51904845,15.7440901
33007,1,0.25060001,3.45600009,6.11749983,8,2.64800024,-70.2399979,-7.01999664,0.0269480012,0.0463250019,0.0623800009,-9.47999573,4872.6001,0,0,22.5295906,16.4244003,5.70664406,0.0664243698
33007,1,0.522000015,3.17199993,6.30000019,8,2.94000006,-79.0400009,-84.4199982,0.0042679999,0.018205002,0.00718499999,-47.8799973,4897.1001,1,6,227.537048,1.21570265,1.87565684,37.4076157
33007,1,0.471400023,2.44000006,7.05000019,8,1.38400006,42.7200012,-37.0800018,0.0141240014,0.0175400004,0.0968650058,-47.4000015,2917.50024,6,-6,9.48537064,3.13564587,3.91100836,0.406452715
33007,1,0.660000026,2.48399997,6.09250021,8,3.56800008,52.6400146,-30.779995,0.019696001,0.0923050046,0.0762500092,-36.7200012,1280.90002,0,0,59.5778618,38.6646805,3.29078388,2.93706656
33007,1,0.402400017,3.24800014,6.69750023,8,1.38400006,42.7200012,-37.0800018,0.0141240014,0.0175400004,0.0793850049,-0.839996338,3843.60034,0,0,12.0906219,7.90844584,2.97528887,0.201147735
33007,1,0.471400023,2.44000006,7.05000019,8,1.38400006,42.7200012,-37.0800018,0.0141240014,0.0175400004,0.0968650058,-47.4000015,2917.50024,6,-6,9.48537064,3.13564587,3.91100836,0.406452715
33007,1,0.246000007,5.72000027,7.03499985,8,1.42800009,-73.9199982,19.0800018,0.0141800018,0.00737500004,0.0610500015,-52.4399986,1868.90015,0,0,201.619873,1.14230955,1.79074419,33.1144714
33007,1,0.57950002,3.08400011,7.48750019,8,1.40400004,38.0800018,19.0800018,0.0141800018,0.00737500004,0.0610500015,-52.4399986,1868.90015,0,0,31.1958523,24.1718102,2.75156593,0.712079227
33007,1,0.758899987,3.84000015,5.78999996,8,0.120000005,57.1200104,26.1000061,0.0246240012,0.0999050066,0.0936350077,-43.4399986,3044.90015,0,0,14.4116001,7.58566189,5.91858912,0.151224837
33007,1,0.411600024,2.45600009,6.94000006,8,0.256000012,22.2400055,-57.2399979,0.0145440008,0.0924950093,0.0511700027,-10.079998,3583.90015,0,0,34.208046,15.8955879,3.64046454,2.44533253
33007,1,1.02570009,2.97200012,6.14750004,8,2.82400012,-14.3999939,37.4400024,0.0137320012,0.0814750046,0.0979100093,46.6800079,3285.00024,0,0,5.72435379,1.66668749,2.04323459,0.335738569
33007,1,0.496699989,5.24800014,6.69750023,8,1.38400006,42.8800049,-37.0800018,0.0140680009,0.0387249999,0.0174450018,22.6800003,1937.50012,-1,-4,102.781433,1.10862684,2.35595632,16.5528088
33007,1,0.402400017,3.42000008,7.4625001,8,0.156000003,9.9200058,-45.5399971,0.0259680022,0.08109501,0.0512650013,-22.6799965,1202.5,0,0,56.7731171,37.6788864,5.14311314,2.32518601
33007,1,1.06480002,3.11600018,6.59000015,8,0.45600003,8.96000671,-18.1800003,0.0269760024,0.0861300081,0.0581049994,-39,3907.30005,0,0,46.7020073,21.7113914,5.58449936,3.23435235
33007,1,0.25060001,3.57200003,6.30000019,8,2.94000006,-79.0400009,-84.4199982,0.0042679999,0.018205002,0.00718499999,-47.8799973,4897.1001,0,0,364.451721,1.79048741,2.50455832,60.0261116
33007,1,0.593299985,2.97200012,6.12249994,8,2.56000018,-12.6399918,-18,0.0142080011,0.0527850017,0.0199149996,-37.9199982,2491.2002,0,0,24.8969879,11.9162626,4.16615915,1.4690944
33007,1,0.25060001,3.57200003,6.30000019,8,2.97200012,-66.5599976,-77.5800018,0.0260520019,0.00918000005,0.067795001,0.960002899,2407.90015,0,0,18.0492458,5.39538622,2.71344995,1.65673494
33007,1,1.06480002,3.11600018,6.59000015,8,0.45600003,8.96000671,-18.1800003,0.0269760024,0.0861300081,0.0581049994,-39,3907.30005,0,0,46.7020073,21.7113914,5.58449936,3.23435235
33007,1,1.67200017,3.05599999,6.10500002,8,1.148,-34.5599976,6.66000366,0.00440800004,0.0398649983,0.0486049987,-39,3907.30005,0,0,56.3577766,3.68039346,2.33679056,8.39009857
33007,1,1.46960008,2.48799992,7.34250021,8,2.87200022,24.8000031,-31.4999962,0.0246240012,0.0126000009,0.01241,46.6800079,3285.00024,0,0,39.2261009,28.519104,2.61184049,1.3491931
33007,1,2.22170019,4.84000015,6.42000008,8,2.35600019,-54.0800018,58.5000153,0.0252960008,0.0905950069,0.0512650013,-22.6799965,1202.5,3,-1,236.318634,1.1131829,2.90448475,38.7168274
33007,1,0.285100013,3.23600006,6.59000015,8,0.45600003,8.96000671,-18.1800003,0.0269760024,0.0861300081,0.0581049994,-39,3907.30005,0,0,39.8259735,19.9900017,4.62748766,2.5347476
33007,1,1.06480002,3.0999999,5.67999983,8,2.26400018,26.8800049,-50.0399971,0.0103720017,0.021625001,0.0943000093,8.63999939,3240.90015,3,-5,31.2111626,1.0712949,1.77921009,4.72677612
33007,1,0.593299985,2.97200012,6.12249994,8,2.57600021,8.96000671,-18.1800003,0.0269760024,0.0861300081,0.0581049994,-39,3907.30005,0,0,46.743824,23.0389633,6.13890409,2.92765951
33007,1,1.06480002,3.11600018,6.59000015,8,0.440000027,-12.6399918,-18,0.0142080011,0.0527850017,0.0199149996,-37.9199982,2456.90015,0,0,24.7374477,11.5227671,4.33806276,1.4794364
33007,1,0.908400059,3.37599993,7.55000019,8,0.448000014,-7.35999298,-8.27999878,0.0204800013,0.0197249986,0.021625001,45.1200027,2721.50024,0,0,39.2819672,13.0342855,2.68728471,3.9267323
33007,1,0.593299985,2.97200012,6.12249994,8,2.49600005,51.0400085,-48.0599976,0.0269480012,0.0566800013,0.0802400038,-30.7199974,3044.90015,0,0,32.697773,21.145504,3.38045454,1.36196887
33007,1,0.496699989,5.42000008,7.4625001,8,0.156000003,9.9200058,-45.5399971,0.0259680022,0.08109501,0.0512650013,-11.3999977,3907.30005,0,0,13.0891476,3.42831302,4.67834044,0.830415785
33007,1,0.471400023,2.44000006,7.05000019,8,2.97200012,-66.5599976,-77.5800018,0.0260520019,0.00918000005,0.0868900046,-22.6799965,1202.5,-5,-6,72.7508163,1.03898478,2.37494087,11.5561485
33007,1,0.234500006,3.80000019,7.43000031,8,2.26400018,26.8800049,-50.0399971,0.0103720017,0.021625001,0.0943000093,8.63999939,3240.90015,-2,-5,14.9783096,1.31722915,1.66757345,1.99891782
33007,1,0.285100013,3.22000003,5.63250017,8,0.780000031,23.0400085,-37.4399948,0.0230280031,0.0550649986,0.0868900046,-11.3999977,3877.90015,5,-5,6.4481616,2.44167829,2.11873055,0.314625472
33007,1,0.832499981,5.81599998,7.39750004,8,3.56800008,52.6400146,-30.779995,0.0190520007,0.099620007,0.0945850015,-6.83999634,4510,0,0,25.12117,1.80468357,2.64886427,3.44460344
33007,1,0.660000026,2.48399997,6.09250021,8,2.49600005,26.8800049,-50.0399971,0.0103720017,0.021625001,0.0943000093,8.63999939,3240.90015,0,0,10.1684132,5.8875289,2.47411084,0.301128864
33007,1,0.593299985,2.97200012,6.12249994,8,2.56000018,-12.6399918,-18,0.0142080011,0.0527850017,0.0219100006,-17.3999977,3309.50024,0,0,29.0688896,22.4903755,3.77082157,0.467948586
33007,1,0.411600024,2.45600009,6.94000006,8,1.41200006,37.4400024,-15.2999954,0.0158600006,0.0136450008,0.0389150009,-37.9199982,2456.90015,0,0,43.6797981,26.0151405,2.41865087,2.54100084
33007,1,0.285100013,3.22000003,5.67999983,8,2.26400018,26.8800049,-50.0399971,0.0103720017,0.021625001,0.0989550054,0.599998474,663.5,5,-6,64.1764069,1.05941844,2.79017663,10.0544682
33007,1,2.15960002,3.57200003,6.30000019,8,2.97200012,-66.5599976,-77.5800018,0.0260520019,0.00918000005,0.067795001,0.960002899,2442.2002,0,0,102.802032,4.21205378,2.6320262,15.9929924
33007,1,0.252900004,2.28399992,5.86250019,8,2.56400013,14.0800018,58.5000153,0.0246240012,0.00918000005,0.0802400038,-30.7199974,3044.90015,5,6,7.84339046,2.48298693,2.03975391,0.553441644
33007,1,2.16190004,2.28399992,5.86250019,8,2.56400013,-11.1999969,-61.1999969,0.0149920015,0.0265650004,0.0886000097,-52.4399986,1868.90015,0,0,556.011169,1.78339851,2.2672224,91.9934235
33007,1,0.57950002,3.08400011,7.48750019,8,1.41200006,38.0800018,19.0800018,0.0141800018,0.00737500004,0.0615250021,-36.5999985,1521.00012,0,0,40.2953873,35.3585663,3.81363559,0.187197641
33007,1,1.06480002,3.11600018,6.59000015,8,0.45600003,9.9200058,58.5000153,0.0246240012,0.0126000009,0.01241,46.6800079,3285.00024,0,0,87.0266876,3.68453264,2.53195214,13.4683676
33007,1,2.22170019,4.86400032,6.42000008,8,2.35600019,-55.0400009,-18.1800003,0.0269760024,0.0861300081,0.0581049994,-39,3907.30005,0,0,149.921768,1.50865495,4.0618763,24.0585403
33007,1,0.285100013,3.23600006,6.59000015,8,0.45600003,8.96000671,-18.1800003,0.0142080011,0.0527850017,0.0199149996,-37.9199982,2491.2002,0,0,25.7001858,13.4196234,2.7955265,1.5808394
33007,1,0.251036346,3.57527161,6.30100918,8,2.97278237,-66.5125809,-77.4478531,0.0260577872,0.00918884203,0.0869771093,-11.3899269,3909.34717,0,0,4.62216282,2.21309614,2.21852899,0.031756334
33007,1,0.593299985,2.97200012,6.12249994,8,2.56000018,-12.6399918,-18,0.0269760024,0.0861300081,0.0581049994,-39,3907.30005,0,0,48.8127441,24.0487537,6.07331562,3.11511254
33007,1,0.25060001,3.57200003,6.30000019,8,2.97200012,-66.5599976,-77.5800018,0.0260520019,0.00918000005,0.0869850069,-11.3999977,3877.90015,0,0,4.54764462,2.13270569,2.21853542,0.0327338949
33007,1,0.285100013,3.22000003,5.63250017,8,0.780000031,23.0400085,-37.4399948,0.0230280031,0.0550649986,0.0868900046,-0.839996338,3843.60034,0,0,16.0684853,5.37532234,2.49295115,1.36670208
33007,1,0.471400023,2.44000006,7.05000019,8,1.38400006,42.7200012,-37.0800018,0.0141240014,0.0175400004,0.0968650058,-47.4000015,2917.50024,6,-6,9.48537064,3.13564587,3.91100836,0.406452715
33007,1,0.402400017,3.24800014,6.69750023,8,1.38400006,42.7200012,-37.0800018,0.0141240014,0.0175400004,0.0793850049,-0.839996338,3843.60034,0,0,12.0906219,7.90844584,2.97528887,0.201147735
33007,1,0.246000007,5.72000027,7.03499985,8,1.42800009,-73.9199982,19.0800018,0.0141800018,0.00737500004,0.0610500015,-52.4399986,1868.90015,0,0,201.619873,1.14230955,1.79074419,33.1144714
33007,1,0.471400023,2.44000006,7.05000019,8,1.38400006,42.7200012,-37.0800018,0.0141240014,0.0175400004,0.0968650058,-47.4000015,2917.50024,6,-6,9.48537064,3.13564587,3.91100836,0.406452715
33007,1,2.16190004,2.28399992,5.9124999,8,2.58400011,42.7200012,-37.0800018,0.0140680009,0.0387249999,0.0174450018,22.6800003,1937.50012,0,0,41.3504105,35.2478409,4.06682396,0.339290679
33007,1,0.593299985,2.97200012,6.12249994,8,2.49600005,51.0400085,-48.0599976,0.0269480012,0.0566800013,0.0802400038,-30.7199974,3044.90015,0,0,32.697773,21.145504,3.38045454,1.36196887
33007,1,0.588700056,3.08400011,7.48750019,8,1.41200006,40.9600067,-18.1800003,0.0269760024,0.0861300081,0.0581049994,-39,3907.30005,0,0,58.9523888,30.7711067,2.722893,4.24306488
33007,1,1.06480002,3.10800004,6.59000015,8,0.45600003,6.08000946,19.0800018,0.0141800018,0.00737500004,0.0615250021,-36.5999985,1521.00012,0,0,45.907917,7.66690111,2.11391115,6.02118444
33007,1,0.522000015,3.05599999,6.10500002,8,1.13200009,-53.2799988,-68.4000015,0.00292400015,0.0598150007,0.0525950044,-34.9199982,3240.90015,5,-6,68.8565063,1.23583388,2.78892136,10.8052931
33007,1,0.660000026,2.48399997,6.09250021,8,2.49600005,26.8800049,-50.0399971,0.0103720017,0.021625001,0.0943000093,8.63999939,3044.90015,0,0,11.6056042,7.22176552,2.43182707,0.325335294
33007,1,0.660000026,2.48399997,6.09250021,8,3.56800008,52.6400146,-30.779995,0.019696001,0.0923050046,0.0762500092,-36.5999985,3907.30005,0,0,74.9945068,36.4040108,5.34213352,5.54139423
33007,1,0.496699989,5.42000008,7.4625001,8,0.156000003,9.9200058,-45.5399971,0.0259680022,0.08109501,0.0512650013,-11.5199966,1280.90002,-7,-6,44.2709045,0.778364539,1.77410316,6.95307255
33007,1,0.593299985,2.97200012,6.12249994,8,2.56000018,-2.55999756,-77.5800018,0.0260520019,0.00918000005,0.0868900046,-11.3999977,3907.30005,4,-5,8.41681862,0.934998155,1.51607108,0.994291544
33007,1,0.593299985,2.97200012,6.12249994,8,2.56000018,-12.6399918,-18,0.0142080011,0.0527850017,0.0868900046,-11.3999977,3877.90015,0,0,21.5084076,17.6342754,3.19192767,0.113700986
33007,1,0.285100013,3.22000003,5.63250017,8,0.780000031,23.0400085,-37.4399948,0.0230280031,0.0550649986,0.0219100006,-17.3999977,3309.50024,0,0,52.3324509,3.64788651,2.48549747,7.69984436
33007,1,0.471400023,2.44000006,7.05000019,8,1.38400006,42.7200012,-37.0800018,0.0141240014,0.0175400004,0.0968650058,-47.4000015,2863.6001,6,-6,9.34479046,3.08125162,3.91114593,0.392065465
33007,1,0.402400017,3.24800014,6.69750023,8,1.38400006,42.7200012,-37.0800018,0.0141240014,0.0175400004,0.0793850049,-0.839996338,3897.50024,0,0,12.6177139,8.39511395,3.03490376,0.197949454
33007,1,0.25060001,3.57200003,6.30000019,8,2.97200012,-66.5599976,-77.5800018,0.0260520019,0.00918000005,0.0581049994,-39,3907.30005,0,0,16.0119514,8.8792448,2.90381885,0.704814672
33007,1,0.285100013,3.23600006,6.59000015,8,0.45600003,8.96000671,-18.1800003,0.0269760024,0.0861300081,0.067795001,0.960002899,2407.90015,0,0,50.2607574,35.1588783,6.95914888,1.35712159
33007,1,0.285100013,3.22000003,5.67999983,8,2.26400018,52.6400146,-30.779995,0.019696001,0.0923050046,0.0762500092,-36.7200012,1280.90002,0,0,19.6610088,3.98090291,2.59594202,2.1806941
33007,1,0.593299985,2.97200012,6.09250021,8,3.56800008,26.8800049,-50.0399971,0.0103720017,0.021625001,0.0989550054,0.599998474,663.5,5,-6,25.3602982,1.17399919,2.77858615,3.56795216
33007,1,0.496699989,5.42000008,7.4625001,8,0.440000027,-12.6399918,-18,0.0142080011,0.0527850017,0.0199149996,-37.9199982,2456.90015,-5,4,66.3752747,1.50411451,2.2120297,10.4431887
33007,1,1.06480002,3.11600018,6.59000015,8,0.156000003,9.9200058,-45.5399971,0.0259680022,0.08109501,0.0512650013,-11.3999977,3907.30005,0,0,44.2313881,20.9381714,4.95924377,3.05566216
33007,1,0.252900004,2.28399992,5.86250019,8,2.56400013,14.0800018,58.5000153,0.0246240012,0.0126000009,0.00718499999,59.1600037,3843.60034,-3,6,125.679298,0.948439062,1.4896394,20.5402031
33007,1,0.25060001,3.57200003,6.30000019,8,2.97200012,-66.5599976,-77.5800018,0.0260520019,0.00918000005,0.0869850069,-9.71999741,663.5,5,-6,26.8655262,1.00173604,2.35572076,3.91801167
33007,1,0.402400017,3.24800014,6.69250011,8,2.64800024,-70.2399979,-7.01999664,0.0269480012,0.0462299995,0.0802400038,-30.7199974,3044.90015,0,0,51.5159073,39.262413,5.23374367,1.16995907
33007,1,0.252900004,2.28399992,5.86250019,8,2.56400013,14.0800018,58.5000153,0.0246240012,0.00927500054,0.0623800009,-9.47999573,4872.6001,0,0,37.4626617,31.5093269,2.82696486,0.521061778
33007,1,0.402400017,3.37200022,6.14750004,8,2.82400012,-14.3999939,37.4400024,0.0137320012,0.0814750046,0.0979100093,46.6800079,3285.00024,0,0,5.34501934,1.69083774,2.0403266,0.268975794
33007,1,1.02570009,2.84800005,6.69750023,8,1.38400006,42.7200012,-37.0800018,0.0141240014,0.0175400004,0.0793850049,-0.839996338,3843.60034,0,0,20.6896553,9.96851063,2.8790009,1.30702364
33007,1,0.411600024,3.24800014,6.69750023,8,1.36400008,14.0800018,-36.3599968,0.016756,0.0595299974,0.0562050007,13.6800003,3319.30005,0,0,26.4004574,21.3716469,4.56405973,0.0774584487
33007,1,0.402400017,2.45600009,6.94000006,8,0.256000012,22.2400055,-57.2399979,0.0145440008,0.0932550058,0.0936350077,-43.4399986,3044.90015,0,0,55.750824,5.90740299,2.29999018,7.9239049
33007,1,0.471400023,2.44000006,7.05000019,8,1.38400006,26.8800049,-50.0399971,0.0103720017,0.021625001,0.0943000093,8.63999939,3240.90015,0,0,29.6086864,7.45184422,2.21339965,3.32390714
33007,1,1.06480002,3.0999999,5.67999983,8,2.26400018,42.7200012,-37.0800018,0.0141240014,0.0175400004,0.0968650058,-47.4000015,2917.50024,0,0,110.573433,1.73749018,2.33623791,17.7499523
33007,1,0.593299985,2.97200012,6.12249994,8,2.56000018,-12.6399918,-17.6399994,0.0145440008,0.0932550058,0.0936350077,-43.4399986,3044.90015,0,0,29.1137371,16.2527809,4.6653266,1.36593819
33007,1,0.411600024,2.45600009,6.94000006,8,0.256000012,22.2400055,-57.5999985,0.0142080011,0.0527850017,0.0219100006,-17.3999977,3309.50024,0,0,46.2164497,37.0248985,3.57035875,0.936865509
33007,1,2.22170019,4.86400032,6.42000008,8,2.35600019,-55.0400009,-18.1800003,0.0269760024,0.0861300081,0.0581049994,-37.9199982,2456.90015,0,0,143.244781,1.53428555,4.22524691,22.9142075
33007,1,0.411600024,2.45600009,6.94000006,8,1.41200006,37.4400024,-15.2999954,0.0158600006,0.0136450008,0.0389150009,-39,3907.30005,0,0,46.280941,40.4540977,2.65454412,0.528716683
33007,1,1.06480002,3.11600018,6.59000015,8,0.440000027,-12.6399918,-18,0.0142080011,0.0527850017,0.0199149996,-37.9199982,2456.90015,0,0,24.7374477,11.5227671,4.33806276,1.4794364
33007,1,1.46960008,2.48799992,7.34250021,8,2.87200022,24.8000031,-31.4999962,0.0246240012,0.0126000009,0.01241,46.6800079,3285.00024,0,0,39.2261009,28.519104,2.61184049,1.3491931
33007,1,0.57950002,3.08400011,7.48750019,8,1.41200006,38.0800018,19.0800018,0.0141800018,0.00737500004,0.0615250021,-36.5999985,1521.00012,0,0,40.2953873,35.3585663,3.81363559,0.187197641
33007,1,0.402400017,3.24800014,6.69750023,8,1.36400008,14.0800018,-36.3599968,0.016756,0.0595299974,0.0562050007,13.6800003,3319.30005,0,0,26.3868389,21.3756943,4.56198072,0.0748604387
33007,1,0.411600024,2.45600009,6.94000006,8,0.256000012,22.2400055,-68.0400009,0.0103720017,0.021625001,0.0943000093,8.63999939,3240.90015,5,-6,20.4345741,1.15913773,2.46553588,2.80165005
33007,1,0.234500006,3.80000019,7.43000031,8,2.26400018,26.8800049,-39.2399979,0.0145440008,0.0924950093,0.0511700027,-10.079998,3583.90015,0,0,11.4795876,5.72823048,2.74562955,0.500954628
33007,1,1.82610011,2.57200003,6.12249994,8,2.56000018,-12.6399918,-18,0.0142080011,0.0527850017,0.0219100006,-17.3999977,3309.50024,0,0,38.1961174,29.7726364,5.61200953,0.468578458
33007,1,0.593299985,2.97200012,6.13999987,8,0.45600003,8.96000671,-18.1800003,0.0269760024,0.0861300081,0.0581049994,-39,3907.30005,0,0,47.1141281,23.1336746,6.11511326,2.97755718
33007,1,0.57950002,3.08400011,7.48750019,8,1.41200006,38.0800018,19.0800018,0.0141800018,0.00708999997,0.0615250021,-39.3600006,3240.90015,0,0,42.5463943,37.9546509,3.88447261,0.117878556
33007,1,1.06480002,3.0999999,5.67999983,8,2.26400018,26.8800049,-50.0399971,0.0103720017,0.021625001,0.0943000093,11.4000015,1521.00012,0,0,97.3558807,2.0011642,2.21854281,15.5226955
33007,1,0.25060001,3.57200003,6.30000019,8,2.97200012,-12.6399918,-18,0.0142080011,0.0527850017,0.0219100006,-17.3999977,3309.50024,0,0,25.8225689,13.3968983,3.22529459,1.53339624
33007,1,0.593299985,2.97200012,6.12249994,8,2.56000018,-66.5599976,-77.5800018,0.0260520019,0.00918000005,0.067795001,0.960002899,2407.90015,0,0,19.1755409,14.4389715,3.03108001,0.284248203
33007,1,0.593299985,2.97200012,6.11000013,8,0.964000046,14.0800018,58.5000153,0.0246240012,0.00918000005,0.0802400038,-36.5999985,1521.00012,0,0,77.3831177,5.1821413,2.41756892,11.6305676
33007,1,0.660000026,2.48399997,6.11000013,8,1.09600008,-11.1999969,-60.2999992,0.0149920015,0.0265650004,0.0890750065,-30.7199974,3044.90015,0,0,15.4538517,5.29946423,2.28554869,1.31147325
33007,1,0.57950002,3.08400011,7.48750019,8,1.40400004,38.0800018,19.0800018,0.0141800018,0.00737500004,0.0610500015,-52.4399986,1868.90015,0,0,31.1958523,24.1718102,2.75156593,0.712079227
33007,1,1.06480002,3.11600018,6.59000015,8,0.45600003,8.96000671,-18.1800003,0.0269760024,0.0861300081,0.0581049994,-39,3907.30005,0,0,46.7020073,21.7113914,5.58449936,3.23435235
33007,1,0.388599992,3.24800014,6.69750023,8,1.38400006,42.7200012,-37.0800018,0.0141240014,0.0175400004,0.0793850049,-0.839996338,3843.60034,0,0,12.0958996,7.91865063,2.96860242,0.201441124
33007,1,0.25060001,3.57200003,6.30000019,8,2.97200012,-66.5599976,-77.5800018,0.0260520019,0.00918000005,0.0869850069,-0.839996338,3843.60034,5,-6,8.4636364,0.939314008,2.35845542,0.860977888
33007,1,0.660000026,2.48399997,6.09250021,8,2.49600005,26.8800049,-57.2399979,0.0145440008,0.0924950093,0.0511700027,-10.079998,3583.90015,0,0,21.4804535,13.7560225,3.36863804,0.725965798
33007,1,0.411600024,2.45600009,6.94000006,8,0.256000012,22.2400055,-50.0399971,0.0103720017,0.021625001,0.0943000093,8.63999939,3240.90015,0,0,27.2064114,9.10904884,2.20490861,2.64874244
33007,1,0.758899987,3.84000015,5.78999996,8,0.120000005,57.1200104,26.1000061,0.0246240012,0.0999050066,0.0936350077,-43.4399986,3044.90015,0,0,14.4116001,7.58566189,5.91858912,0.151224837
33007,1,0.402400017,3.24800014,6.69750023,8,1.38400006,42.7200012,-37.0800018,0.0141240014,0.0175400004,0.07929001,-11.3999977,3907.30005,0,0,22.2218952,16.8236122,3.85689855,0.256897241
33007,1,0.25060001,3.57200003,6.09250021,8,2.49600005,26.8800049,-57.2399979,0.0145440008,0.0924950093,0.0511700027,-10.079998,3583.90015,0,0,14.681284,3.25299144,3.45887423,1.32823646
33007,1,0.25060001,3.57200003,6.30000019,8,2.97200012,-66.5599976,-77.5800018,0.0260520019,0.00918000005,0.0869850069,-11.3999977,3877.90015,0,0,4.54764462,2.13270569,2.21853542,0.0327338949
33007,1,0.660000026,2.48399997,6.30000019,8,2.97200012,-66.5599976,-77.5800018,0.0260520019,0.00918000005,0.0581049994,-39,3907.30005,0,0,49.4821014,25.6959286,3.96559405,3.3034296
33007,1,0.411600024,3.37200022,6.14750004,8,2.82400012,-14.3999939,37.4400024,0.0137320012,0.0814750046,0.0979100093,46.6800079,3285.00024,0,0,5.37442207,1.69034517,2.04017329,0.273983926
33007,1,0.402400017,2.45600009,6.94000006,8,0.256000012,22.2400055,-68.0400009,0.0103720017,0.021625001,0.0943000093,8.63999939,3240.90015,5,-6,20.3856487,1.15913677,2.4655323,2.79349637
33007,1,0.25060001,3.57200003,6.30000019,8,2.97200012,-66.5599976,-77.5800018,0.0260520019,0.00918000005,0.0869850069,-10.3199959,3319.30005,0,0,6.69892025,4.01857138,2.21885514,0.0769156143
33007,1,0.402400017,3.24800014,6.69750023,8,1.36400008,14.0800018,-36.3599968,0.016756,0.0595299974,0.0562050007,14.2799988,663.5,0,0,60.0005798,3.44075751,2.18353415,9.06271458
33007,1,0.471400023,2.44000006,7.05000019,8,1.38400006,42.7200012,-37.0800018,0.0141240014,0.018015001,0.0890750065,-30.7199974,3044.90015,0,0,41.6215782,6.87790155,2.33010221,5.40226221
33007,1,0.660000026,2.48399997,6.11000013,8,1.09600008,-11.1999969,-60.2999992,0.0149920015,0.0260899998,0.0968650058,-47.4000015,2917.50024,0,0,10.036972,3.36990952,2.21610498,0.741826296
33007,1,0.660000026,2.48399997,6.09250021,8,2.49600005,26.8800049,-57.2399979,0.0145440008,0.0927800015,0.067795001,0.960002899,2407.90015,0,0,34.9852905,20.3071327,2.99609113,1.94701135
33007,1,0.285100013,3.23600006,6.59000015,8,0.45600003,8.96000671,-18.1800003,0.0269760024,0.085845001,0.0511700027,-10.079998,3583.90015,0,0,43.8923111,26.0167122,5.66311741,2.03541398
33007,1,0.252900004,2.28399992,5.86250019,8,2.56400013,14.0800018,58.5000153,0.0246240012,0.0175400004,0.0968650058,-47.4000015,2917.50024,0,0,67.4585571,45.5565681,2.90731716,3.1657784
33007,1,0.471400023,2.44000006,7.05000019,8,1.38400006,42.7200012,-37.0800018,0.0141240014,0.00927500054,0.0623800009,-9.47999573,4872.6001,0,0,52.3486176,29.5687904,3.87037849,3.15157437
33007,1,0.25060001,3.57200003,6.30000019,8,2.97200012,-12.6399918,-18,0.0142080011,0.0527850017,0.0219100006,-17.3999977,3309.50024,0,0,25.8225689,13.3968983,3.22529459,1.53339624
33007,1,0.402400017,3.24800014,6.69750023,8,1.38400006,42.7200012,-37.0800018,0.0141240014,0.0175400004,0.0793850049,-0.839996338,3843.60034,0,0,12.0906219,7.90844584,2.97528887,0.201147735
33007,1,0.471400023,2.44000006,7.05000019,8,1.38400006,26.8800049,-50.0399971,0.0103720017,0.021625001,0.0986700058,-10.079998,3583.90015,-5,-6,24.3432732,1.12636781,2.13822055,3.51311445
33007,1,0.660000026,2.48399997,6.09250021,8,2.49600005,26.8800049,-57.2399979,0.0145440008,0.0924950093,0.0468000025,8.63999939,3240.90015,0,0,14.6182671,9.5746603,3.37106657,0.278756648
33007,1,0.411600024,2.45600009,6.94000006,8,0.256000012,22.2400055,-50.0399971,0.00852400064,0.0175400004,0.0793850049,-0.839996338,3843.60034,0,0,15.9883118,6.57727957,2.24820566,1.19380438
33007,1,0.402400017,3.24800014,6.69750023,8,1.38400006,42.7200012,-37.0800018,0.0159720015,0.021625001,0.0943000093,8.63999939,3240.90015,0,0,16.6353016,12.5285025,2.47954679,0.271208793
33007,1,0.388599992,3.24800014,6.69750023,8,1.38400006,42.7200012,-37.0800018,0.0141240014,0.0175400004,0.0798600093,-0.839996338,3843.60034,0,0,12.0607824,7.90872049,2.9643209,0.19795683
33007,1,0.471400023,2.44000006,7.05000019,8,1.38400006,42.7200012,-37.0800018,0.0141240014,0.0175400004,0.0968650058,-47.4000015,2917.50024,6,-6,9.48537064,3.13564587,3.91100836,0.406452715
33007,1,0.402400017,3.24800014,6.69750023,8,1.38400006,42.7200012,-37.0800018,0.0141240014,0.0175400004,0.0793850049,-11.3999977,2902.80005,0,0,16.2743492,11.0143032,2.56281734,0.449538022
33007,1,0.471400023,2.44000006,7.05000019,8,1.38400006,42.7200012,-37.0800018,0.0141240014,0.0175400004,0.0968650058,-36.8400002,3897.50024,5,-6,40.3129005,1.24234593,3.08748865,5.99717712
33007,1,0.57950002,3.08400011,7.48750019,8,1.41200006,38.0800018,19.0800018,0.0141800018,0.00708999997,0.0615250021,-39.3600006,3240.90015,0,0,42.5463943,37.9546509,3.88447261,0.117878556
33007,1,0.758899987,3.84000015,5.78999996,8,0.120000005,57.1200104,26.1000061,0.0246240012,0.0999050066,0.0936350077,-43.4399986,3044.90015,0,0,14.4116001,7.58566189,5.91858912,0.151224837
33007,1,0.285100013,3.22000003,5.67999983,8,2.26400018,52.6400146,-30.779995,0.019696001,0.0923050046,0.0762500092,-36.7200012,1084.90002,0,0,24.02738,2.93656397,2.58270192,3.08468556
33007,1,0.660000026,2.48399997,6.09250021,8,2.49600005,26.8800049,-50.0399971,0.0103720017,0.021625001,0.0943000093,8.63999939,3240.90015,0,0,10.1684132,5.8875289,2.47411084,0.301128864
33007,1,0.402400017,2.45600009,6.94000006,8,0.256000012,22.2400055,-37.0800018,0.0141240014,0.0175400004,0.0793850049,-0.839996338,3843.60034,0,0,37.6791916,11.9070997,2.70680046,3.84421563
33007,1,0.402400017,3.24800014,6.69750023,8,1.38400006,42.7200012,-57.2399979,0.0145440008,0.0932550058,0.0936350077,-43.4399986,3044.90015,0,0,11.6931057,1.8677386,2.47354388,1.22530389
33007,1,0.388599992,3.24800014,6.69750023,8,1.38400006,42.8800049,-36.3599968,0.016756,0.0595299974,0.0562050007,13.6800003,3319.30005,0,0,26.7293797,21.8955231,4.35888433,0.0791620761
33007,1,0.402400017,3.24800014,6.69750023,8,1.36400008,13.9199982,-37.0800018,0.0141240014,0.0175400004,0.0793850049,-0.839996338,3843.60034,0,0,14.8637047,11.4749165,3.0221839,0.0611006767
33007,1,0.25060001,3.57200003,6.30000019,8,3.06400013,42.7200012,-37.0800018,0.0141240014,0.0175400004,0.0968650058,-47.4000015,2917.50024,0,0,84.1205673,1.72178626,2.23958588,13.3598661
33007,1,1.06480002,3.0999999,5.67999983,8,2.17200017,-66.5599976,-77.5800018,0.0260520019,0.00918000005,0.0869850069,-11.3999977,3877.90015,0,0,5.79156542,2.42623448,2.21853638,0.191132441
33007,1,0.25060001,3.57200003,6.30000019,8,2.97200012,-12.6399918,-18,0.0142080011,0.0527850017,0.0219100006,-17.3999977,3309.50024,0,0,25.8225689,13.3968983,3.22529459,1.53339624
33007,1,0.402400017,3.24800014,6.69750023,8,1.38400006,42.7200012,-37.0800018,0.0141240014,0.0175400004,0.0793850049,-0.839996338,3897.50024,0,0,12.6177139,8.39511395,3.03490376,0.197949454
33007,1,0.471400023,2.28399992,5.9124999,8,2.58400011,42.7200012,-37.0800018,0.0140680009,0.0387249999,0.0174450018,22.6800003,1937.50012,0,0,43.8837013,38.6623383,4.15161514,0.178291589
33007,1,2.16190004,2.44000006,7.05000019,8,1.38400006,42.7200012,-37.0800018,0.0141240014,0.0175400004,0.0968650058,-47.4000015,2917.50024,0,0,191.372223,1.78572547,2.39890289,31.1979313
33007,1,1.46960008,2.48799992,7.34250021,8,2.87200022,24.8000031,-31.4999962,0.0271720029,0.021625001,0.0989550054,0.599998474,663.5,4,-5,20.1698914,11.8343906,2.32227373,1.00220454
33007,1,0.593299985,2.97200012,6.09250021,8,3.56800008,26.8800049,-50.0399971,0.00782399997,0.0126000009,0.01241,46.6800079,3285.00024,0,0,96.3955841,3.91353011,2.23361588,15.0414076
33007,1,0.758899987,3.84000015,5.78999996,8,0.120000005,57.1200104,26.1000061,0.0246240012,0.0999050066,0.0964850038,-0.839996338,3843.60034,0,0,11.0579605,4.14167452,2.97122002,0.657511055
33007,1,0.25060001,3.57200003,6.30000019,8,2.97200012,-66.5599976,-77.5800018,0.0260520019,0.00918000005,0.0841350108,-43.4399986,3044.90015,0,0,5.15392685,2.26581669,2.4475925,0.0734196454
33007,1,0.402400017,3.24800014,6.69750023,8,1.38400006,42.7200012,-37.0800018,0.0141240014,0.0175400004,0.0793850049,-0.839996338,3583.90015,0,0,9.50547886,5.68270874,2.75989699,0.177145526
33007,1,0.234500006,3.80000019,7.43000031,8,2.26400018,26.8800049,-39.2399979,0.0145440008,0.0924950093,0.0511700027,-10.079998,3897.50024,0,0,12.908823,7.1273284,3.36733389,0.402360082
33007,1,0.402400017,3.24800014,6.69750023,8,3.56800008,26.8800049,-50.0399971,0.0103720017,0.021625001,0.0989550054,0.599998474,663.5,4,-5,16.3789406,1.28749907,2.01610494,2.17922282
33007,1,0.593299985,2.97200012,6.09250021,8,1.38400006,42.7200012,-37.0800018,0.0141240014,0.0175400004,0.0793850049,-0.839996338,3897.50024,0,0,12.6698895,8.66246796,3.23180103,0.129270062
33007,1,0.285100013,3.22000003,5.63250017,8,0.780000031,23.0400085,-37.4399948,0.0230280031,0.0550649986,0.0219100006,-17.3999977,3093.8999,0,0,54.2109222,3.39938784,2.4667089,8.05747128
33007,1,0.660000026,2.48399997,6.09250021,8,2.49600005,26.8800049,-57.2399979,0.0145440008,0.0924950093,0.0511700027,-10.079998,3799.50024,0,0,21.2624474,13.2217903,3.5124588,0.754699886
33007,1,0.411600024,3.24800014,6.69750023,8,1.36400008,14.0800018,-77.5800018,0.0260520019,0.00918000005,0.0581049994,-39,3907.30005,0,0,18.7273827,14.0727396,3.78392124,0.145120248
33007,1,0.25060001,3.58400011,6.30000019,8,2.97200012,-66.5599976,-36.3599968,0.016756,0.0595299974,0.0562050007,13.6800003,3319.30005,0,0,22.5669041,6.92495155,3.32525015,2.05278373
33007,1,0.593299985,2.97200012,6.12249994,8,2.56000018,-2.55999756,-77.5800018,0.0260520019,0.00918000005,0.0868900046,-11.3999977,3907.30005,4,-5,8.41681862,0.934998155,1.51607108,0.994291544
33007,1,0.402400017,3.24800014,6.69750023,8,1.38400006,42.7200012,-37.0800018,0.0141240014,0.0175400004,0.0793850049,-0.839996338,3897.50024,0,0,12.6177139,8.39511395,3.03490376,0.197949454
33007,1,0.402400017,2.45600009,6.94000006,8,0.256000012,22.2400055,-57.2399979,0.0145440008,0.0932550058,0.0936350077,-46.0800018,3583.90015,0,0,50.3265915,5.93359518,2.58247185,6.96842098
33007,1,0.234500006,3.80000019,7.43000031,8,2.26400018,26.8800049,-39.2399979,0.0145440008,0.0924950093,0.0511700027,-7.43999863,3044.90015,0,0,10.5088968,4.62373734,3.00736165,0.479633003
33007,1,0.285100013,3.22000003,6.11000013,8,1.09600008,-11.1999969,-60.2999992,0.0149920015,0.0265650004,0.0890750065,-30.7199974,3044.90015,0,0,10.0753155,1.71221161,2.3195889,1.00725257
33007,1,0.660000026,2.48399997,5.63250017,8,0.780000031,23.0400085,-37.4399948,0.0230280031,0.0550649986,0.0868900046,-0.839996338,3843.60034,0,0,31.0562592,22.3830891,2.72618771,0.991163492
33007,1,0.411600024,3.24800014,6.69750023,8,1.36400008,14.0800018,-36.3599968,0.016756,0.0595299974,0.0562050007,13.6800003,3319.30005,0,0,26.4004574,21.3716469,4.56405973,0.0774584487
33007,1,0.234500006,3.80000019,7.43000031,8,2.26400018,26.8800049,-39.2399979,0.0145440008,0.0924950093,0.0511700027,-10.079998,3583.90015,0,0,11.4795876,5.72823048,2.74562955,0.500954628
33007,1,0.402400017,3.24800014,6.69750023,8,1.38400006,42.7200012,-37.0800018,0.0141240014,0.0175400004,0.0199149996,-37.9199982,2456.90015,0,0,39.16399,10.2254963,3.19425988,4.29070568
33007,1,1.06480002,3.11600018,6.59000015,8,0.440000027,-12.6399918,-18,0.0142080011,0.0527850017,0.07929001,-11.3999977,3907.30005,0,0,22.7482262,18.3302841,2.93606615,0.246979266
33007,1,0.402400017,3.37200022,6.14750004,8,2.82400012,-66.5599976,-77.5800018,0.0260520019,0.00918000005,0.0868900046,-11.3999977,3907.30005,0,0,5.65990829,2.31905651,2.21862721,0.187037393
33007,1,0.25060001,3.57200003,6.30000019,8,2.97200012,-14.3999939,37.4400024,0.0137320012,0.0814750046,0.0979100093,46.6800079,3285.00024,0,0,5.98509121,1.71212745,2.0474844,0.370913208
33007,1,0.411600024,3.24800014,6.69750023,8,1.36400008,14.0800018,-36.3599968,0.016756,0.0595299974,0.0562050007,13.6800003,2407.90015,0,0,22.7964592,17.3274975,3.33168316,0.356213003
33007,1,0.285100013,3.23600006,6.59000015,8,0.45600003,8.96000671,-18.1800003,0.0269760024,0.0861300081,0.067795001,0.960002899,3319.30005,0,0,45.490097,28.4900322,6.95561647,1.67407465
33007,1,0.25060001,3.57200003,6.30000019,8,2.97200012,-66.5599976,-77.5800018,0.0260520019,0.0102249999,0.0174450018,22.6800003,1937.50012,-3,2,186.246353,1.05604732,2.16335678,30.5044918
33007,1,2.16190004,2.28399992,5.9124999,8,2.58400011,42.7200012,-37.0800018,0.0140680009,0.0376800001,0.0869850069,-11.3999977,3877.90015,0,0,11.2727642,5.20436096,2.15913439,0.651544809
33007,1,0.402400017,3.24800014,6.69750023,8,1.36400008,13.9199982,-37.0800018,0.0141240014,0.0175400004,0.0793850049,-0.839996338,3843.60034,0,0,14.8637047,11.4749165,3.0221839,0.0611006767
33007,1,0.25060001,3.57200003,6.30000019,8,2.97200012,-66.5599976,-77.5800018,0.0260520019,0.00918000005,0.0869850069,-11.3999977,3877.90015,0,0,4.54764462,2.13270569,2.21853542,0.0327338949
33007,1,0.471400023,2.28399992,5.9124999,8,2.58400011,42.7200012,-37.0800018,0.0140680009,0.0387249999,0.0174450018,22.6800003,1937.50012,0,0,43.8837013,38.6623383,4.15161514,0.178291589
33007,1,0.25060001,3.57200003,6.30000019,8,2.97200012,-66.5599976,-77.5800018,0.0260520019,0.00918000005,0.0869850069,-10.3199959,3319.30005,0,0,6.69892025,4.01857138,2.21885514,0.0769156143
33007,1,0.402400017,2.45600009,6.94000006,8,0.256000012,22.2400055,-37.0800018,0.0141240014,0.0175400004,0.0793850049,-0.839996338,3843.60034,0,0,37.6791916,11.9070997,2.70680046,3.84421563
33007,1,0.402400017,2.45600009,6.94000006,8,0.256000012,22.2400055,-37.0800018,0.0141240014,0.0175400004,0.0793850049,-0.839996338,3843.60034,0,0,37.6791916,11.9070997,2.70680046,3.84421563
33007,1,0.593299985,2.97200012,6.09250021,8,1.38400006,42.7200012,-37.0800018,0.0141240014,0.0175400004,0.0793850049,-0.839996338,3897.50024,0,0,12.6698895,8.66246796,3.23180103,0.129270062
33007,1,0.471400023,2.44000006,7.05000019,8,1.38400006,42.7200012,-37.0800018,0.0141240014,0.018015001,0.0890750065,-30.7199974,3044.90015,0,0,41.6215782,6.87790155,2.33010221,5.40226221
33007,1,0.402400017,3.24800014,6.69750023,8,1.38400006,42.7200012,-37.0800018,0.0141240014,0.0175400004,0.0793850049,-11.3999977,2902.80005,0,0,16.2743492,11.0143032,2.56281734,0.449538022
33007,1,0.25060001,3.57200003,6.30000019,8,2.97200012,-12.6399918,-18,0.0142080011,0.0527850017,0.0219100006,-17.3999977,3907.30005,0,0,24.8723984,11.6688223,3.273458,1.65501964
33007,1,0.593299985,2.97200012,6.12249994,8,2.56000018,-2.55999756,-77.5800018,0.0260520019,0.00918000005,0.0868900046,-11.3999977,3309.50024,0,0,10.3881426,4.01805019,2.21862674,0.691910923
33007,1,0.402400017,3.24800014,6.69750023,8,1.38400006,42.7200012,-37.0800018,0.0141240014,0.0175400004,0.0793850049,-0.839996338,3843.60034,0,0,12.0906219,7.90844584,2.97528887,0.201147735
33007,1,0.388599992,3.24800014,6.69750023,8,1.38400006,42.7200012,-37.0800018,0.0141240014,0.0175400004,0.0798600093,-0.839996338,3843.60034,0,0,12.0607824,7.90872049,2.9643209,0.19795683
33007,1,0.402400017,2.45600009,6.80000019,8,2.97200012,-14.3999939,37.4400024,0.0137320012,0.0814750046,0.0979100093,46.6800079,3285.00024,0,0,46.2555656,3.97149134,2.32168818,6.66039705
33007,1,0.25060001,3.57200003,6.44000006,8,0.256000012,22.2400055,-37.0800018,0.0141240014,0.0175400004,0.0793850049,-0.839996338,3843.60034,0,0,10.9740744,5.30949211,2.69544768,0.494855762
33007,1,0.593299985,2.84800005,6.69750023,8,3.56800008,26.8800049,-50.0399971,0.0103720017,0.021625001,0.0989550054,0.599998474,663.5,0,0,6.70271444,3.03265548,2.25413609,0.235987157
33007,1,0.402400017,3.37200022,6.12249994,8,2.56000018,-2.55999756,-77.5800018,0.0260520019,0.00918000005,0.0868900046,-11.3999977,3907.30005,5,-6,4.42811298,0.856827319,2.3555274,0.202626362
33007,1,0.25060001,3.57200003,6.31750011,8,1.38400006,42.7200012,-37.0800018,0.0141240014,0.0175400004,0.0793850049,-0.839996338,3897.50024,0,0,11.3847694,6.07496405,3.25090599,0.3431499
33007,1,0.593299985,2.97200012,6.07499981,8,2.97200012,-12.6399918,-18,0.0142080011,0.0527850017,0.0219100006,-17.3999977,3309.50024,0,0,28.6699181,21.9877987,3.75961018,0.487084985
33007,1,0.402400017,3.24800014,6.69750023,8,1.38400006,42.7200012,-37.0800018,0.0159720015,0.021435,0.07929001,-11.3999977,3907.30005,0,0,23.9699078,19.4096947,3.63004279,0.155028462
33007,1,1.06480002,3.11600018,6.59000015,8,0.440000027,-12.6399918,-18,0.0142080011,0.052974999,0.0943000093,8.63999939,3240.90015,0,0,26.0482845,21.1525097,3.49327683,0.233749732
33007,1,0.411600024,2.45600009,6.94000006,8,0.256000012,22.2400055,-50.0399971,0.00852400064,0.0175400004,0.0793850049,-0.839996338,3843.60034,0,0,15.9883118,6.57727957,2.24820566,1.19380438
33007,1,0.25060001,3.57200003,6.30000019,8,2.97200012,-66.5599976,-77.5800018,0.0260520019,0.00918000005,0.0869850069,-11.3999977,3877.90015,0,0,4.54764462,2.13270569,2.21853542,0.0327338949
33007,1,0.67839998,3.24800014,6.69750023,8,1.38400006,42.7200012,-37.0800018,0.0141240014,0.0175400004,0.0793850049,-0.839996338,3897.50024,0,0,12.4525938,8.19379616,3.13060284,0.188032404
33007,1,0.384000003,2.48399997,6.11000013,8,1.09600008,-11.1999969,-60.2999992,0.0149920015,0.0260899998,0.0968650058,-47.4000015,2917.50024,0,0,10.6786175,3.58177304,2.22495866,0.811980963
33007,1,0.234500006,3.80000019,7.43000031,8,2.82400012,-14.3999939,37.4400024,0.0137320012,0.0814750046,0.0979100093,46.6800079,3285.00024,0,0,3.99314737,1.65068901,2.06163597,0.0468037315
33007,1,0.411600024,3.37200022,6.14750004,8,2.26400018,26.8800049,-39.2399979,0.0145440008,0.0924950093,0.0511700027,-10.079998,3583.90015,0,0,13.1918602,5.41781759,3.17547035,0.766428649
33007,1,0.402400017,3.24800014,6.69750023,8,1.38400006,42.7200012,-37.0800018,0.0140680009,0.0387249999,0.0174450018,22.6800003,1937.50012,0,0,25.4397354,12.625885,4.30866909,1.41753006
33007,1,0.471400023,2.28399992,5.9124999,8,2.58400011,42.7200012,-37.0800018,0.0141240014,0.0175400004,0.0793850049,-0.839996338,3843.60034,0,0,33.2166672,14.2897015,2.90231466,2.67077518
33007,1,0.67839998,3.24800014,6.69750023,8,1.38400006,42.7200012,-37.0800018,0.0141240014,0.0175400004,0.0793850049,-0.839996338,3843.60034,0,0,11.9447041,7.73242283,3.06565928,0.191103563
33007,1,0.384000003,2.48399997,6.11000013,8,1.09600008,-11.1999969,-60.2999992,0.0149920015,0.0260899998,0.0968650058,-47.4000015,2917.50024,0,0,10.6786175,3.58177304,2.22495866,0.811980963
33007,1,0.402400017,3.24800014,6.69750023,8,1.38400006,42.7200012,-37.0800018,0.0159720015,0.021625001,0.0943000093,8.63999939,3240.90015,0,0,16.6353016,12.5285025,2.47954679,0.271208793
33007,1,0.402400017,3.24800014,6.69750023,8,1.38400006,42.7200012,-37.0800018,0.0141240014,0.0175400004,0.0793850049,-0.839996338,3583.90015,0,0,9.50547886,5.68270874,2.75989699,0.177145526
33007,1,0.660000026,2.48399997,6.09250021,8,2.49600005,26.8800049,-37.0800018,0.0141240014,0.0175400004,0.0793850049,-0.839996338,3897.50024,0,0,20.3969879,7.37595701,2.78223062,1.70646679
33007,1,0.234500006,3.80000019,7.43000031,8,3.46400023,26.8800049,-39.2399979,0.0145440008,0.0924950093,0.0511700027,-7.43999863,3044.90015,0,0,10.5088968,4.62373734,3.00736165,0.479633003
33007,1,1.46960008,2.48799992,7.34250021,8,2.87200022,24.8000031,-31.4999962,0.0271720029,0.021625001,0.0989550054,0.599998474,663.5,4,-5,20.1698914,11.8343906,2.32227373,1.00220454
33007,1,0.402400017,3.37200022,6.14750004,8,2.82400012,-66.5599976,-77.5800018,0.0260520019,0.00927500054,0.0943000093,8.63999939,3240.90015,5,-6,15.9603949,0.923381269,2.35884309,2.11302853
33007,1,0.402400017,2.45600009,6.94000006,8,0.256000012,22.2400055,-68.0400009,0.0103720017,0.0215300024,0.0868900046,-11.3999977,3907.30005,5,-6,9.37854958,1.2013098,2.50529718,0.945323706
33007,1,0.758899987,3.84000015,5.78999996,8,0.120000005,57.1200104,26.1000061,0.0246240012,0.0999050066,0.0936350077,-43.4399986,3044.90015,0,0,14.4116001,7.58566189,5.91858912,0.151224837
33007,1,0.285100013,3.22000003,6.11000013,8,3.89600015,-11.1999969,-60.2999992,0.0149920015,0.0265650004,0.0890750065,-30.7199974,3044.90015,0,0,10.0753155,1.71221161,2.3195889,1.00725257
33007,1,0.25060001,3.58400011,6.30000019,8,2.97200012,-66.5599976,-36.3599968,0.016756,0.0595299974,0.0562050007,13.6800003,3319.30005,0,0,22.5669041,6.92495155,3.32525015,2.05278373
33007,1,1.46960008,2.48799992,7.34250021,8,2.87200022,24.8000031,-31.4999962,0.0271720029,0.021625001,0.0989550054,0.599998474,663.5,4,-5,20.1698914,11.8343906,2.32227373,1.00220454
33007,1,0.660000026,2.48399997,6.09250021,8,2.49600005,26.8800049,-36.3599968,0.016756,0.0595299974,0.0562050007,13.6800003,2407.90015,0,0,71.2144089,58.9267044,5.05132818,1.20606184
33007,1,0.411600024,3.24800014,6.69750023,8,1.36400008,14.0800018,-57.2399979,0.0145440008,0.0924950093,0.0511700027,-10.079998,3799.50024,0,0,13.993535,7.37788916,3.87707639,0.456428379
33007,1,0.471400023,2.44000006,7.05000019,8,1.38400006,42.7200012,-37.0800018,0.0141240014,0.0177300014,0.0868900046,-11.3999977,3907.30005,0,0,55.0568237,24.2992802,2.71074486,4.67446613
33007,1,0.402400017,3.37200022,6.14750004,8,2.82400012,-66.5599976,-77.5800018,0.0260520019,0.00946499966,0.0890750065,-30.7199974,3044.90015,0,0,6.99502468,2.35115504,2.35015893,0.382285148
33007,1,0.25060001,3.57200003,6.30000019,8,2.97200012,-12.6399918,-18,0.0142080011,0.0552550033,0.0936350077,-43.4399986,3044.90015,0,0,18.2925911,3.91020346,2.52465534,1.97628856
33007,1,0.25060001,3.57200003,6.30000019,8,2.97200012,-66.5599976,-77.5800018,0.0260520019,0.00918000005,0.0868900046,-0.839996338,3843.60034,5,-6,8.4920826,0.938871324,2.35851407,0.865782857
33007,1,0.660000026,2.48399997,5.63250017,8,0.780000031,23.0400085,-37.4399948,0.0230280031,0.0550649986,0.0841350108,-43.4399986,3044.90015,0,0,36.1751251,23.7405071,2.9166317,1.58633125
33007,1,0.25060001,3.57200003,6.30000019,8,2.97200012,-66.0800018,-37.0800018,0.0141240014,0.0175400004,0.0793850049,-0.839996338,3897.50024,0,0,13.7995987,7.88801384,2.96080351,0.491796911
33007,1,0.402400017,3.24800014,6.69750023,8,1.38400006,42.2400055,-77.5800018,0.0260520019,0.00918000005,0.0869850069,-10.3199959,3319.30005,0,0,14.4253759,4.04512215,2.21890712,1.36022449
33007,1,0.471400023,2.44000006,7.05000019,8,1.38400006,42.7200012,-37.0800018,0.0141240014,0.0175400004,0.0968650058,-39.3600006,3240.90015,0,0,51.4317017,13.4210339,2.43212986,5.92975664
33007,1,0.57950002,3.08400011,7.48750019,8,1.41200006,38.0800018,19.0800018,0.0141800018,0.00708999997,0.0615250021,-47.4000015,2917.50024,0,0,38.0784225,33.552021,3.25586915,0.211755231
33007,1,0.402400017,3.24800014,6.69750023,8,1.36400008,13.9199982,-37.0800018,0.0141240014,0.0924950093,0.0511700027,-10.079998,3897.50024,0,0,15.4212828,10.871912,2.81994414,0.288237691
33007,1,0.234500006,3.80000019,7.43000031,8,2.26400018,26.8800049,-39.2399979,0.0145440008,0.0175400004,0.0793850049,-0.839996338,3843.60034,0,0,51.2727852,2.25413489,2.22537398,7.79887962
33007,1,0.660000026,2.48399997,6.11000013,8,1.09600008,-11.1999969,-60.2999992,0.0149920015,0.0260899998,0.0968650058,-36.8400002,3843.60034,5,-6,14.8434858,1.02849698,2.51372337,1.88354433
33007,1,0.411600024,2.45600009,6.94000006,8,0.256000012,22.2400055,-50.0399971,0.00852400064,0.0175400004,0.0793850049,-11.3999977,2917.50024,-6,-5,10.65242,1.28343534,1.2293129,1.35661209
33007,1,0.660000026,2.48399997,6.09250021,8,2.49600005,26.8800049,-50.0399971,0.0260520019,0.00918000005,0.0869850069,-11.3999977,3877.90015,5,-5,14.3595448,9.0401659,2.49454093,0.470806241
33007,1,0.25060001,3.57200003,6.30000019,8,2.97200012,-66.5599976,-77.5800018,0.0103720017,0.021625001,0.0943000093,8.63999939,3240.90015,5,-6,18.1407261,1.46450341,2.3843925,2.3819716
33007,1,0.25060001,3.57200003,6.30000019,8,2.97200012,-13.1199951,-39.2399979,0.0145440008,0.0924950093,0.0511700027,-10.079998,3897.50024,0,0,14.5739412,10.1392899,3.2810905,0.192260116
33007,1,0.234500006,3.80000019,7.43000031,8,2.26400018,25.6000061,37.4400024,0.0137320012,0.0814750046,0.0979100093,46.6800079,3285.00024,0,0,4.06169224,1.6398766,2.19394779,0.0379779823
33007,1,0.234500006,3.80000019,7.43000031,8,2.26400018,25.7600021,-18,0.0142080011,0.0527850017,0.07929001,-11.3999977,3907.30005,0,0,19.2225628,15.3394146,3.50393009,0.0632030144
33007,1,1.06480002,3.11600018,6.59000015,8,0.440000027,-11.5199966,-39.2399979,0.0145440008,0.0924950093,0.0511700027,-7.43999863,3044.90015,0,0,22.1987915,14.1856318,4.60409355,0.568177819
33007,1,0.402400017,3.24800014,6.69750023,8,1.38400006,42.7200012,-37.0800018,0.0141240014,0.0175400004,0.0793850049,-0.839996338,3583.90015,0,0,9.50547886,5.68270874,2.75989699,0.177145526
33007,1,0.234500006,3.80000019,7.43000031,8,2.82400012,-14.3999939,37.4400024,0.0137320012,0.0814750046,0.0979100093,46.6800079,3285.00024,0,0,3.99314737,1.65068901,2.06163597,0.0468037315
33007,1,0.234500006,3.80000019,7.43000031,8,3.46400023,26.8800049,-39.2399979,0.0145440008,0.0924950093,0.0511700027,-7.43999863,3044.90015,0,0,10.5088968,4.62373734,3.00736165,0.479633003
33007,1,0.384000003,2.48399997,6.11000013,8,1.09600008,-11.1999969,-60.2999992,0.0148520013,0.00918000005,0.0869850069,-10.3199959,3319.30005,0,0,11.6564407,3.25994039,2.21189427,1.0307678
33007,1,0.25060001,3.57200003,6.30000019,8,2.97200012,-66.5599976,-77.5800018,0.026192002,0.0260899998,0.0968650058,-47.4000015,2917.50024,0,0,9.90575886,1.68610811,2.61310625,0.934424102
33007,1,0.758899987,3.84000015,5.78999996,8,0.120000005,57.1200104,26.1000061,0.0246240012,0.0999050066,0.0936350077,-0.839996338,3583.90015,0,0,9.1416769,5.25899315,2.86817527,0.169084713
33007,1,0.402400017,3.24800014,6.69750023,8,1.38400006,42.7200012,-37.0800018,0.0141240014,0.0175400004,0.0793850049,-43.4399986,3044.90015,0,0,9.12325573,5.99903917,2.58863068,0.0892643109
33007,1,0.660000026,2.44799995,6.69750023,8,1.38400006,42.2400055,-77.5800018,0.0260520019,0.00918000005,0.0869850069,-10.3199959,3319.30005,0,0,69.455925,6.52558756,2.21890044,10.1185722
33007,1,0.402400017,3.28399992,6.11000013,8,1.09600008,-11.1999969,-60.2999992,0.0149920015,0.0260899998,0.0968650058,-36.8400002,3843.60034,0,0,11.252862,1.75209618,2.17407155,1.22111571
33007,1,0.402400017,3.24800014,6.69750023,8,1.38400006,42.7200012,-37.0800018,0.0141240014,0.00927500054,0.0943000093,8.63999939,3240.90015,0,0,17.2417126,11.6458635,2.50196052,0.515648246
33007,1,0.402400017,3.37200022,6.14750004,8,2.82400012,-66.5599976,-77.5800018,0.0260520019,0.0175400004,0.0793850049,-0.839996338,3843.60034,0,0,50.9154778,1.92910433,2.29472136,7.78194237
33007,1,0.25060001,3.57200003,6.30000019,8,2.97200012,-13.1199951,-39.2399979,0.0141240014,0.018015001,0.0890750065,-30.7199974,3044.90015,0,0,14.3490152,3.7634697,2.44416881,1.35689616
33007,1,0.402400017,3.37200022,6.14750004,8,2.96000004,-2.55999756,-77.5800018,0.0260520019,0.00918000005,0.0868900046,-11.3999977,3309.50024,0,0,6.50775814,2.94706583,2.21862531,0.223677874
33007,1,0.593299985,2.97200012,6.12249994,8,2.42400002,-66.5599976,-77.5800018,0.0260520019,0.00946499966,0.0890750065,-30.7199974,3044.90015,0,0,16.4370613,2.80777812,2.37638092,1.87548363
33007,1,0.234500006,2.97200012,6.09250021,8,1.38400006,42.7200012,-37.0800018,0.0141240014,0.0175400004,0.0793850049,-0.839996338,3897.50024,0,0,13.1329737,9.22635937,3.05162358,0.142498478
33007,1,0.593299985,3.80000019,7.43000031,8,3.46400023,26.8800049,-39.2399979,0.0145440008,0.0924950093,0.0511700027,-7.43999863,3044.90015,0,0,11.4993935,4.92888308,4.00287962,0.427938342
33007,1,0.25060001,3.58400011,6.30000019,8,2.97200012,-66.5599976,-36.3599968,0.0168120023,0.021625001,0.0989550054,0.599998474,663.5,0,0,31.4470806,4.36533499,2.69888902,4.06380939
33007,1,0.593299985,2.84800005,6.69750023,8,3.56800008,26.8800049,-50.0399971,0.0103160013,0.0595299974,0.0562050007,13.6800003,3319.30005,0,0,29.4651451,25.7271404,3.5262804,0.0352873579
33007,1,0.471400023,2.28399992,5.9124999,8,2.58400011,42.7200012,-37.0800018,0.0142080011,0.0527850017,0.0219100006,-17.3999977,3309.50024,0,0,23.7642441,8.47586727,2.90975881,2.06310272
33007,1,0.593299985,2.97200012,6.07499981,8,2.97200012,-12.6399918,-18,0.0141240014,0.0175400004,0.0793850049,-0.839996338,3843.60034,0,0,29.5042,16.9513378,3.70246506,1.47506607
33007,1,0.25060001,3.57200003,7.43000031,8,2.82400012,-14.3999939,37.4400024,0.0137320012,0.0814750046,0.0979100093,46.6800079,3285.00024,0,0,5.41650438,1.63663363,2.08782411,0.282007784
33007,1,0.234500006,3.80000019,6.30000019,8,2.97200012,-66.5599976,-77.5800018,0.0103720017,0.021625001,0.0943000093,8.63999939,3240.90015,5,-6,27.2675972,1.48008192,2.38456273,3.90049195
33007,1,0.25060001,3.57200003,6.30000019,8,2.97200012,-66.5599976,-77.5800018,0.0253240019,0.0175400004,0.0793850049,-0.839996338,3843.60034,0,0,48.2757416,1.98870718,2.36710715,7.31998777
33007,1,0.411600024,2.45600009,6.94000006,8,0.256000012,22.2400055,-50.0399971,0.0092520006,0.00918000005,0.0868900046,-0.839996338,3843.60034,0,0,17.4152641,5.13858318,2.27384973,1.66713846
33007,1,0.25060001,3.57200003,6.69750023,8,1.38400006,42.7200012,-37.0800018,0.0159720015,0.021625001,0.0943000093,8.63999939,3240.90015,0,0,12.9044275,9.93427944,2.42452359,0.0909374654
33007,1,0.402400017,3.24800014,6.30000019,8,2.97200012,-13.1199951,-39.2399979,0.0145440008,0.0924950093,0.0511700027,-10.079998,3897.50024,0,0,18.5726986,14.2226448,3.50969887,0.140059203
33007,1,0.593299985,2.97200012,6.09250021,8,1.38400006,42.7200012,-37.0800018,0.0141240014,0.018015001,0.0890750065,-30.7199974,3044.90015,0,0,8.17255306,4.92131901,2.37481284,0.146070197
33007,1,0.471400023,2.44000006,7.05000019,8,1.38400006,42.7200012,-37.0800018,0.0141240014,0.0175400004,0.0793850049,-0.839996338,3897.50024,0,0,41.5799866,13.7317171,2.84814477,4.16668749
33007,1,0.234500006,3.80000019,7.43000031,8,3.46400023,26.8800049,-39.2399979,0.0141240014,0.0175400004,0.0793850049,-0.839996338,3843.60034,0,0,53.3750534,2.17805672,2.19733596,8.16661072
33007,1,0.593299985,2.84800005,6.69750023,8,3.56800008,26.8800049,-50.0399971,0.0103720017,0.021625001,0.0989550054,0.599998474,594.900024,0,0,7.4686451,3.08491874,2.36050367,0.337203771
33007,1,0.25060001,3.57200003,6.30000019,8,2.97200012,-12.6399918,-18,0.0142080011,0.0552550033,0.0936350077,-43.4399986,3113.5,0,0,17.0454407,4.07242727,2.53326702,1.73995781
33007,1,0.471400023,2.44000006,7.05000019,8,1.38400006,-11.1999969,-60.2999992,0.0149920015,0.0260899998,0.0968650058,-47.4000015,2917.50024,0,0,49.7858315,12.1865187,2.19778562,5.90025425
33007,1,0.384000003,2.48399997,6.11000013,8,1.09600008,42.7200012,-37.0800018,0.0141240014,0.0175400004,0.0968650058,-38.8799973,3240.90015,0,0,27.277195,12.9998007,2.4163084,1.97684765
33007,1,0.25060001,3.57200003,6.30000019,8,2.97200012,-66.5599976,-78.4799957,0.0141240014,0.0175400004,0.0793850049,-0.839996338,3843.60034,0,0,59.5117912,2.1125555,2.25799775,9.19020557
33007,1,0.402400017,2.45600009,6.94000006,8,0.256000012,22.2400055,-36.1799965,0.0260520019,0.00918000005,0.0868900046,-0.839996338,3843.60034,0,0,130.955582,95.1674576,3.44446397,5.39061069
33007,1,0.384000003,2.48399997,6.05000019,8,2.97200012,-14.3999939,37.4400024,0.0137320012,0.0814750046,0.0979100093,46.6800079,3285.00024,0,0,20.6969719,2.23950338,2.06193876,2.73258805
33007,1,0.402400017,2.45600009,6.86000013,8,1.09600008,-11.1999969,-60.2999992,0.0149920015,0.0260899998,0.0968650058,-47.4000015,2917.50024,0,0,38.9690666,10.1726723,2.20760489,4.43146515
33007,1,0.25060001,3.57200003,6.30000019,8,2.97200012,-12.6399918,-18,0.0142080011,0.0527850017,0.0219100006,-17.3999977,3897.50024,0,0,25.1129494,12.0306425,3.26933622,1.63549483
33007,1,0.660000026,2.48399997,6.09250021,8,2.49600005,26.8800049,-37.0800018,0.0141240014,0.0175400004,0.0793850049,-0.839996338,3907.30005,0,0,20.5380154,7.48521996,2.78924298,1.71059203
33007,1,0.67839998,3.24800014,6.69750023,8,1.38400006,42.7200012,-37.0800018,0.0141240014,0.0175400004,0.0989550054,0.599998474,663.5,0,0,42.9667511,3.82703686,2.5979178,6.09029865
33007,1,0.593299985,2.84800005,6.69750023,8,3.56800008,26.8800049,-50.0399971,0.0103720017,0.021625001,0.0793850049,-0.839996338,3843.60034,0,0,8.91886711,5.263515,2.24208021,0.235545337
33007,1,0.411600024,3.37200022,6.14750004,8,2.26400018,26.8800049,-39.2399979,0.0142080011,0.0552550033,0.0936350077,-43.4399986,3044.90015,0,0,18.9372749,1.88228917,2.20247388,2.47541833
33007,1,0.25060001,3.57200003,6.30000019,8,2.97200012,-12.6399918,-18,0.0145440008,0.0924950093,0.0511700027,-10.079998,3583.90015,0,0,15.6601934,10.0246115,4.38002205,0.209260017
33007,1,0.402400017,3.80000019,7.43000031,8,2.26400018,25.6000061,37.4400024,0.0137320012,0.0814750046,0.0979100093,46.6800079,3285.00024,0,0,4.28665876,1.68780923,2.31989956,0.0464916565
33007,1,0.234500006,3.24800014,6.69750023,8,1.38400006,42.7200012,-37.0800018,0.0141240014,0.0175400004,0.0793850049,-0.839996338,3843.60034,0,0,12.013258,7.99292088,2.88164568,0.189781904
33007,1,0.660000026,2.48399997,5.63250017,8,0.780000031,23.0400085,-37.4399948,0.0230280031,0.0550649986,0.0841350108,8.63999939,3240.90015,0,0,33.4512711,24.7860012,3.30166578,0.89393425
33007,1,0.25060001,3.57200003,6.30000019,8,2.97200012,-66.5599976,-77.5800018,0.0103720017,0.021625001,0.0943000093,-43.4399986,3044.90015,0,0,13.1337032,1.76293671,2.37134123,1.49990439
33007,1,0.384000003,2.48399997,6.11000013,8,1.09600008,-11.1999969,-60.2999992,0.0149920015,0.0260899998,0.0968650058,-47.4000015,2917.50024,0,0,10.6786175,3.58177304,2.22495866,0.811980963
33007,1,0.388599992,3.24800014,6.69750023,8,1.38400006,42.7200012,-37.0800018,0.0141240014,0.0175400004,0.0798600093,-0.839996338,3843.60034,0,0,12.0607824,7.90872049,2.9643209,0.19795683
33007,1,0.384000003,2.48399997,6.11000013,8,1.09600008,-11.1999969,-60.2999992,0.0149920015,0.0260899998,0.0968650058,-47.4000015,2917.50024,0,0,10.6786175,3.58177304,2.22495866,0.811980963
33007,1,0.234500006,3.80000019,7.43000031,8,2.26400018,26.8800049,-39.2399979,0.0145440008,0.0175400004,0.0793850049,-0.839996338,3843.60034,0,0,51.2727852,2.25413489,2.22537398,7.79887962
33007,1,0.388599992,3.24800014,6.69750023,8,1.38400006,42.7200012,-37.0800018,0.0141240014,0.0175400004,0.0798600093,-0.839996338,3843.60034,0,0,12.0607824,7.90872049,2.9643209,0.19795683
33007,1,0.25060001,3.57200003,6.30000019,8,2.97200012,-66.0800018,-37.0800018,0.0141240014,0.0175400004,0.0793850049,-0.839996338,3897.50024,0,0,13.7995987,7.88801384,2.96080351,0.491796911
33007,1,0.234500006,3.80000019,7.43000031,8,2.82400012,-14.3999939,37.4400024,0.0137320012,0.0814750046,0.0979100093,36.6000061,3877.90015,0,0,4.21439838,1.76671338,2.07111168,0.0627621785
33007,1,0.660000026,2.48399997,6.09250021,8,2.49600005,26.8800049,-50.0399971,0.0260520019,0.00918000005,0.0869850069,-1.31999588,3285.00024,0,0,66.3442535,28.0818157,3.09304547,5.86156464
33007,1,0.411600024,2.45600009,6.94000006,8,0.256000012,22.2400055,-50.0399971,0.00939200073,0.0260899998,0.0968650058,-47.4000015,2917.50024,0,0,21.8685455,2.88820529,2.11003733,2.81171751
33007,1,0.384000003,2.48399997,6.11000013,8,1.09600008,-11.1999969,-60.2999992,0.0141240014,0.0175400004,0.0793850049,-0.839996338,3843.60034,-3,-5,10.9412479,1.44147384,1.56208038,1.32294893
33007,1,0.411600024,2.45600009,6.94000006,8,0.256000012,22.2400055,-50.0399971,0.00852400064,0.0175400004,0.0793850049,-0.839996338,3534.90015,0,0,15.2633152,5.71142292,2.23540258,1.21941495
33007,1,0.285100013,3.22000003,6.11000013,8,3.89600015,-11.1999969,-60.2999992,0.0149920015,0.0265650004,0.0890750065,-30.7199974,3353.6001,0,0,8.90841484,1.75698483,2.3217206,0.804951489
33007,1,0.593299985,2.84800005,6.69750023,8,3.56800008,26.8800049,-50.0399971,0.0103720017,0.021625001,0.0989550054,-30.7199974,3044.90015,1,-6,8.42446327,1.12039161,2.77296424,0.755184472
33007,1,0.285100013,3.22000003,6.11000013,8,3.89600015,-11.1999969,-60.2999992,0.0149920015,0.0265650004,0.0890750065,0.599998474,663.5,0,0,122.734039,1.77824092,2.09025264,19.8109226
33007,1,0.388599992,3.57200003,6.30000019,8,2.97200012,-66.5599976,-77.5800018,0.0260520019,0.00918000005,0.0869850069,-10.3199959,3319.30005,0,0,6.71461201,3.98165107,2.21885395,0.0856844708
33007,1,0.264400005,3.24800014,6.69750023,8,1.38400006,42.7200012,-37.0800018,0.0141240014,0.0175400004,0.0793850049,-0.839996338,3843.60034,0,0,12.0639315,7.9893899,2.89949059,0.195841819
33007,1,0.234500006,3.80000019,7.43000031,8,3.46400023,26.8800049,-39.2399979,0.0145440008,0.0924950093,0.0511700027,-7.43999863,3044.90015,0,0,10.5088968,4.62373734,3.00736165,0.479633003
33007,1,0.234500006,3.80000019,7.43000031,8,2.82400012,-14.3999939,37.4400024,0.0137320012,0.0814750046,0.0979100093,46.6800079,3285.00024,0,0,3.99314737,1.65068901,2.06163597,0.0468037315
33007,1,0.471400023,2.44000006,7.05000019,8,1.38400006,42.7200012,-37.0800018,0.0141240014,0.0175400004,0.0793850049,-0.839996338,3897.50024,0,0,41.5799866,13.7317171,2.84814477,4.16668749
33007,1,0.384000003,2.48399997,6.11000013,8,1.09600008,-11.1999969,-60.2999992,0.0149920015,0.0260899998,0.0968650058,-47.4000015,2897.90015,0,0,10.558877,3.55229783,2.22499537,0.796930552
33007,1,0.25060001,3.57200003,6.30000019,8,2.97200012,-66.5599976,-77.5800018,0.0103720017,0.021625001,0.0943000093,-43.4399986,3064.5,0,0,13.2497578,1.76306391,2.35666466,1.52167153
33007,1,0.25060001,3.57200003,6.30000019,8,2.97200012,-12.6399918,-3.23999786,0.0141240014,0.018015001,0.0890750065,-30.7199974,3044.90015,0,0,32.4002876,12.9097471,2.79898477,2.78192616
33007,1,0.25060001,3.57200003,6.30000019,8,2.97200012,-13.1199951,-54,0.0142080011,0.0552550033,0.0936350077,-43.4399986,3113.5,0,0,23.114996,1.74323654,2.22059083,3.19186163
33007,1,0.25060001,3.57200003,6.30000019,8,2.97200012,-12.6399918,-18,0.0141240014,0.018015001,0.0890750065,-30.7199974,3044.90015,0,0,13.8899536,7.91555405,2.82854533,0.524309039
33007,1,0.593299985,2.97200012,6.09250021,8,1.38400006,42.7200012,-37.0800018,0.0142080011,0.0552550033,0.0936350077,-43.4399986,3113.5,0,0,7.27323103,3.03945708,2.17820358,0.342595071
33007,1,0.25060001,3.57200003,6.30000019,8,2.97200012,-13.1199951,-39.2399979,0.0141240014,0.018015001,0.0892650038,-36.8400002,3843.60034,0,0,16.7803688,6.49105453,2.67390013,1.26923561
33007,1,0.402400017,3.28399992,6.11000013,8,1.09600008,-11.1999969,-60.2999992,0.0149920015,0.0260899998,0.0966750011,-30.7199974,3044.90015,0,0,17.5393028,1.71124625,2.22466445,2.26723194
33007,1,0.386299998,2.84800005,6.69750023,8,3.56800008,26.8800049,-50.0399971,0.0103720017,0.021625001,0.0793850049,-0.839996338,3843.60034,0,0,8.87439346,5.42671585,2.23145175,0.202704251
33007,1,0.595600009,3.57200003,6.30000019,8,2.97200012,-66.5599976,-77.5800018,0.0260520019,0.00918000005,0.0869850069,-10.3199959,3319.30005,0,0,6.70593357,3.92583823,2.21885467,0.0935401767
33007,1,0.234500006,3.80000019,7.43000031,8,2.82400012,-11.1999969,-60.2999992,0.0149920015,0.0260899998,0.0968650058,-47.4000015,2917.50024,0,0,9.30624676,1.74945343,2.23318124,0.887268722
33007,1,0.384000003,2.48399997,6.11000013,8,1.09600008,-14.3999939,37.4400024,0.0137320012,0.0814750046,0.0979100093,46.6800079,3285.00024,0,0,22.2360477,2.31949115,2.06874609,2.97463512
33007,1,0.593299985,2.97200012,6.09250021,8,1.49600005,-11.1999969,-60.2999992,0.0149920015,0.0265650004,0.0890750065,-30.7199974,3353.6001,5,-6,5.89008617,0.916552186,2.49118638,0.413724542
33007,1,0.285100013,3.22000003,6.11000013,8,3.78400016,42.7200012,-37.0800018,0.0141240014,0.018015001,0.0890750065,-30.7199974,3044.90015,0,0,9.19859982,4.5306592,2.38775134,0.380031556
33007,1,0.660000026,2.48399997,6.09250021,8,2.49600005,26.8800049,-37.0800018,0.0145440008,0.0924950093,0.0511700027,-7.43999863,3044.90015,0,0,26.4550285,18.4165344,4.48081493,0.592946589
33007,1,0.593299985,3.80000019,7.43000031,8,3.46400023,26.8800049,-39.2399979,0.0141240014,0.0175400004,0.0793850049,-0.839996338,3907.30005,0,0,67.7281036,1.84109759,2.14079618,10.6243696
33007,1,0.25060001,3.57200003,6.30000019,8,2.97200012,-66.5599976,-77.5800018,0.0103720017,0.021625001,0.0943000093,-43.4399986,3407.5,0,0,13.6544571,1.76647162,2.56650496,1.55358016
33007,1,0.402400017,3.24800014,6.30000019,8,2.97200012,-13.1199951,-39.2399979,0.0145440008,0.0923999995,0.0511700027,-10.079998,3534.90015,0,0,18.5684299,14.1510572,3.69032431,0.121174827
33007,1,0.25060001,3.57200003,6.30000019,8,2.97200012,-66.5599976,-77.5800018,0.026192002,0.0260899998,0.0979100093,46.6800079,3285.00024,0,0,30.1783428,1.8393029,2.18059707,4.35974073
33007,1,0.402400017,3.80000019,7.43000031,8,2.26400018,25.6000061,37.4400024,0.0137320012,0.0814750046,0.0968650058,-47.4000015,2917.50024,0,0,16.117115,5.21024656,2.64556646,1.37688363
33007,1,0.660000026,2.44799995,6.69750023,8,1.38400006,42.2400055,-77.5800018,0.0259120017,0.0260899998,0.0968650058,-47.4000015,2917.50024,0,0,90.0826721,26.8967915,2.51277018,10.1121845
33007,1,0.384000003,2.48399997,6.11000013,8,1.09600008,-11.1999969,-60.2999992,0.0151320007,0.00918000005,0.0869850069,-10.3199959,3319.30005,0,0,13.2353106,4.06608438,2.22758985,1.15693951
33007,1,0.264400005,3.24800014,6.69750023,8,1.38400006,42.7200012,-37.0800018,0.0141240014,0.0175400004,0.0793850049,-0.839996338,3848.50024,0,0,12.1126995,8.03613281,2.90427065,0.195382655
33007,1,0.411600024,2.45600009,6.94000006,8,0.256000012,22.2400055,-50.0399971,0.00939200073,0.0260899998,0.0968650058,-47.4000015,2912.6001,0,0,21.883297,2.89215636,2.1099596,2.81352997
33007,1,0.234500006,3.57200003,6.30000019,8,2.97200012,-12.6399918,-18,0.0145440008,0.0924950093,0.0511700027,-10.079998,3583.90015,0,0,15.5970573,9.96646881,4.35173845,0.21314162
33007,1,0.25060001,3.80000019,7.43000031,8,3.46400023,26.8800049,-39.2399979,0.0145440008,0.0924950093,0.0511700027,-7.43999863,3044.90015,0,0,10.5512218,4.65500307,3.07874203,0.469579369
33007,1,0.234500006,3.80000019,7.43000031,8,2.82400012,-14.3999939,37.4400024,0.0137320012,0.0814750046,0.0979100093,46.6800079,3285.00024,0,0,3.99314737,1.65068901,2.06163597,0.0468037315
33007,1,0.388599992,3.57200003,6.30000019,8,2.97200012,-66.5599976,-77.5800018,0.0260520019,0.00918000005,0.0869850069,-10.3199959,3319.30005,0,0,6.71461201,3.98165107,2.21885395,0.0856844708
33007,1,0.660000026,2.48399997,6.09250021,8,2.49600005,26.8800049,-50.0399971,0.0260520019,0.00803999975,0.0793850049,-0.839996338,3843.60034,0,0,65.3914795,27.1740227,4.32817125,5.64821434
33007,1,0.234500006,3.24800014,6.69750023,8,1.38400006,42.7200012,-37.0800018,0.0141240014,0.0186800007,0.0869850069,-1.31999588,3285.00024,0,0,5.9097538,2.74521613,2.59239674,0.0953568369
33007,1,0.234500006,3.80000019,7.43000031,8,3.46400023,29.4400024,-77.5800018,0.026192002,0.0260899998,0.0968650058,-47.4000015,2917.50024,-4,-5,4.5603776,1.42576098,1.74843013,0.23103109
33007,1,0.384000003,2.48399997,6.11000013,8,1.09600008,-11.1999969,-60.2999992,0.0149920015,0.0263749994,0.0989550054,-30.7199974,3044.90015,5,-6,11.2635574,1.19012988,2.55148292,1.25365734
33007,1,0.593299985,2.84800005,6.69750023,8,3.56800008,26.8800049,-50.0399971,0.0103720017,0.0213400014,0.0968650058,-47.4000015,2917.50024,-4,-6,5.36903954,0.974204481,2.2826457,0.352031589
33007,1,0.25060001,3.57200003,6.30000019,8,2.97200012,-12.6399918,-18,0.0145440008,0.0814750046,0.0979100093,46.6800079,3285.00024,0,0,12.6621189,8.56591988,2.3261323,0.295011282
33007,1,0.234500006,3.80000019,7.43000031,8,2.82400012,-14.3999939,37.4400024,0.0137320012,0.0924950093,0.0511700027,-10.079998,3583.90015,0,0,16.3553524,12.0790691,3.57201242,0.11737863
33007,1,0.402400017,3.24800014,6.69750023,8,1.38400006,42.7200012,-37.0800018,0.0141240014,0.0175400004,0.0979100093,46.6800079,3285.00024,0,0,15.8973331,11.7443228,3.58600926,0.0945002213
33007,1,0.234500006,3.80000019,7.43000031,8,2.82400012,-14.3999939,37.4400024,0.0137320012,0.0814750046,0.0793850049,-43.4399986,3044.90015,0,0,17.312109,13.0684872,3.76742482,0.0793661028
33007,1,0.285100013,3.22000003,6.11000013,8,3.89600015,-11.1999969,-60.2999992,0.0149920015,0.0265650004,0.0890750065,-30.5999985,2917.50024,0,0,10.1313477,1.70267129,2.31824255,1.0184058
33007,1,0.384000003,2.48399997,6.11000013,8,1.09600008,-11.1999969,-60.2999992,0.0149920015,0.0260899998,0.0968650058,-47.5200005,3353.6001,0,0,12.7427969,4.21999645,2.22427678,1.04975402
33007,1,0.285100013,3.22000003,6.11000013,8,3.89600015,-11.1999969,-60.2999992,0.0149920015,0.0265650004,0.0890750065,4.56000519,3044.90015,0,0,10.6366882,2.4172802,2.23571706,0.997281909
33007,1,0.234500006,3.80000019,7.43000031,8,3.46400023,26.8800049,-39.2399979,0.0145440008,0.0924950093,0.0511700027,-11.3999977,663.5,-1,-6,27.628643,1.21295834,2.42344975,3.99870563
33007,1,0.402400017,3.28399992,6.11000013,8,1.09600008,-14.3999939,37.4400024,0.0137320012,0.0814750046,0.0979100093,46.6800079,3285.00024,0,0,4.81199932,1.68421757,2.03868318,0.181516469
33007,1,0.234500006,3.80000019,7.43000031,8,2.82400012,-11.1999969,-60.2999992,0.0149920015,0.0260899998,0.0968650058,-36.8400002,3843.60034,0,0,5.93115425,1.83842337,2.1917181,0.316835493
33007,1,0.25060001,3.58400011,6.30000019,8,2.97200012,-66.5599976,-36.3599968,0.0167280007,0.0552550033,0.0936350077,-47.0400009,3113.5,0,0,7.74780655,4.30159712,3.13469625,0.0519189462
33007,1,0.25060001,3.57200003,6.30000019,8,2.97200012,-12.6399918,-18,0.0142920008,0.021625001,0.0989550054,0.599998474,663.5,0,0,171.205856,1.76384532,2.46460652,27.8295689
33007,1,0.234500006,3.24800014,6.69750023,8,1.38400006,42.7200012,-36.3599968,0.0137320012,0.0814750046,0.0979100093,46.6800079,3285.00024,0,0,22.5254555,18.4958553,2.98526073,0.174056828
33007,1,0.402400017,3.80000019,7.43000031,8,2.26400018,25.6000061,36.7200089,0.0141240014,0.0175400004,0.0793850049,-0.839996338,3843.60034,0,0,12.1203241,7.31562376,3.05458164,0.291686505
33007,1,0.411600024,2.45600009,6.94000006,8,0.256000012,22.2400055,-50.0399971,0.00852400064,0.0175400004,0.0793850049,-0.839996338,3843.60034,0,0,15.9883118,6.57727957,2.24820566,1.19380438
33007,1,0.25060001,3.57200003,6.30000019,8,2.97200012,-66.5599976,-77.5800018,0.0253240019,0.0175400004,0.0793850049,-0.839996338,3534.90015,0,0,35.5963364,1.71252191,2.34187818,5.25698996
33007,1,0.388599992,3.57200003,6.30000019,8,2.97200012,-66.5599976,-36.3599968,0.0168120023,0.021625001,0.0989550054,0.599998474,663.5,0,0,37.0797081,3.93523335,2.61355567,5.08848667
33007,1,0.25060001,3.58400011,6.30000019,8,2.97200012,-66.5599976,-77.5800018,0.0260520019,0.00918000005,0.0869850069,-10.3199959,3319.30005,0,0,6.64802456,3.9844985,2.21885538,0.074111782
33007,1,0.402400017,3.80000019,7.43000031,8,2.26400018,25.6000061,52.9199982,0.0141240014,0.0175400004,0.0793850049,-0.839996338,3843.60034,5,-6,4.09037304,0.937833011,2.3898232,0.127119526
33007,1,0.234500006,3.24800014,6.69750023,8,1.38400006,42.7200012,-52.5599976,0.0137320012,0.0814750046,0.0979100093,46.6800079,3285.00024,0,0,21.0053272,15.8637686,4.29863405,0.140487552
33007,1,0.262100011,3.22000003,6.11000013,8,3.89600015,-11.1999969,-60.2999992,0.0149920015,0.0265650004,0.0890750065,-30.7199974,3353.6001,0,0,8.69832039,1.75532532,2.31815815,0.770806193
33007,1,0.273600012,3.57200003,6.30000019,8,2.97200012,-66.5599976,-77.5800018,0.026192002,0.0260899998,0.0968650058,-47.4000015,2917.50024,0,0,10.2535267,1.68289793,2.59028339,0.996724129
33007,1,0.660000026,2.44799995,6.69750023,8,1.38400006,42.2400055,-77.5800018,0.0260520019,0.00918000005,0.0869850069,-10.3199959,3240.90015,0,0,68.4872513,5.95148516,2.21889853,10.0528116
33007,1,0.384000003,2.48399997,6.11000013,8,1.09600008,42.7200012,-37.0800018,0.0141240014,0.0175400004,0.0968650058,-38.8799973,3319.30005,0,0,21.7179508,7.76591063,2.47686505,1.91252899
33007,1,0.25060001,3.57200003,7.43000031,8,2.82400012,-14.3999939,37.4400024,0.0137320012,0.0814750046,0.0979100093,46.6800079,3285.00024,0,0,5.41650438,1.63663363,2.08782411,0.282007784
33007,1,0.411600024,2.45600009,6.94000006,8,0.256000012,22.2400055,-50.0399971,0.0092520006,0.00918000005,0.0868900046,-0.839996338,3843.60034,0,0,17.4152641,5.13858318,2.27384973,1.66713846
33007,1,0.25060001,3.57200003,6.30000019,8,3.09600019,-11.1999969,-60.2999992,0.0149920015,0.0260899998,0.0968650058,-36.8400002,3843.60034,0,0,14.3438845,1.73768902,2.19845963,1.73462272
33007,1,0.402400017,3.28399992,6.11000013,8,0.972000062,-13.1199951,-39.2399979,0.0141240014,0.018015001,0.0890750065,-30.7199974,3044.90015,0,0,12.1498346,4.16226053,2.42961144,0.926327169
33007,1,0.25060001,3.58400011,6.30000019,8,2.97200012,-66.5599976,-36.3599968,0.0167280007,0.0552550033,0.0936350077,-47.0400009,3113.5,0,0,7.74780655,4.30159712,3.13469625,0.0519189462
33007,1,0.234500006,3.80000019,7.43000031,8,2.82400012,-14.3999939,37.4400024,0.0137320012,0.0814750046,0.0979100093,46.6800079,3285.00024,0,0,3.99314737,1.65068901,2.06163597,0.0468037315
33007,1,0.402400017,3.24800014,6.30000019,8,2.97200012,-13.1199951,-39.2399979,0.0145440008,0.0923999995,0.0511700027,-10.079998,3534.90015,0,0,18.5684299,14.1510572,3.69032431,0.121174827
33007,1,0.25060001,3.57200003,6.30000019,8,2.97200012,-13.1199951,-39.2399979,0.0142920008,0.0814750046,0.0979100093,46.6800079,3285.00024,0,0,17.2919407,7.33125687,3.27972984,1.11349225
33007,1,0.234500006,3.80000019,7.43000031,8,2.82400012,-14.3999939,37.4400024,0.0135640008,0.018015001,0.0892650038,-36.8400002,3843.60034,0,0,18.8288174,9.64941597,3.69741488,0.91366452
33007,1,0.264400005,3.24800014,6.69750023,8,1.38400006,42.7200012,-37.0800018,0.0141240014,0.0175400004,0.0793850049,-10.079998,3583.90015,0,0,19.8111076,12.7311745,2.93051124,0.691570342
33007,1,0.234500006,3.80000019,7.43000031,8,2.82400012,-14.3999939,37.4400024,0.0137320012,0.0924950093,0.0511700027,-0.839996338,3848.50024,0,0,13.7656202,9.63905334,3.01029515,0.186045334
33007,1,0.402400017,3.28399992,6.11000013,8,3.89600015,-11.1999969,-60.2999992,0.0149920015,0.0265650004,0.0890750065,-30.7199974,3353.6001,0,0,11.6628637,1.71999788,2.33257771,1.26838148
33007,1,0.262100011,3.22000003,6.11000013,8,1.09600008,-14.3999939,37.4400024,0.0137320012,0.0814750046,0.0979100093,46.6800079,3285.00024,0,0,4.25397158,1.69433057,2.04086018,0.0864634514
33007,1,0.25060001,3.58400011,6.36000013,8,1.09600008,-14.3999939,37.4400024,0.0137320012,0.0814750046,0.0979100093,46.6800079,3285.00024,0,0,5.72071791,1.70925534,2.04597092,0.327581942
33007,1,0.402400017,3.28399992,6.05000019,8,2.97200012,-66.5599976,-36.3599968,0.0167280007,0.0552550033,0.0936350077,-47.0400009,3113.5,0,0,8.95199776,5.11117792,3.21950293,0.103552848
33007,1,0.234500006,3.80000019,7.43000031,8,2.82400012,-11.1999969,-60.2999992,0.0149920015,0.0260899998,0.0968650058,-36.8400002,3843.60034,0,0,5.93115425,1.83842337,2.1917181,0.316835493
33007,1,0.234500006,3.80000019,7.43000031,8,2.82400012,-1.59999847,37.4400024,0.0137320012,0.0814750046,0.0979100093,46.6800079,3285.00024,5,-6,4.35639334,1.29664242,2.62358189,0.0726948157
33007,1,0.402400017,3.80000019,7.43000031,8,2.82400012,-11.1999969,-60.2999992,0.0149920015,0.0260899998,0.0968650058,-47.4000015,2917.50024,0,0,11.29076,1.74495137,2.23917627,1.21777201
33007,1,0.234500006,3.80000019,7.43000031,8,2.26400018,25.6000061,36.7200089,0.0141240014,0.0175400004,0.0793850049,-0.839996338,3843.60034,0,0,12.6669865,7.59890366,2.91557693,0.358750939
33007,1,0.384000003,2.49600005,6.94000006,8,0.256000012,22.2400055,-50.0399971,0.00852400064,0.0175400004,0.0793850049,-0.839996338,3843.60034,0,0,15.0671444,6.44113255,2.24796319,1.06300807
33007,1,0.411600024,2.44400001,6.11000013,8,1.09600008,-11.1999969,-60.2999992,0.0149920015,0.0260899998,0.0968650058,-47.5200005,3353.6001,0,0,14.7225952,4.66654682,2.22122908,1.30580318
33007,1,0.402400017,3.80000019,7.43000031,8,2.26400018,25.6000061,53.6399994,0.0141240014,0.0175400004,0.0793850049,-0.839996338,3828.90015,0,0,91.8612823,1.71823096,2.33179998,14.6352081
33007,1,0.25060001,3.80000019,7.43000031,8,3.46400023,26.8800049,-39.2399979,0.0145440008,0.0924950093,0.0511700027,-7.43999863,3059.6001,0,0,10.6448975,4.72268391,3.06160164,0.476768583
33007,1,0.402400017,3.28399992,6.11000013,8,0.824000061,-11.1999969,-60.2999992,0.0149920015,0.0260899998,0.0968650058,-47.4000015,2917.50024,0,0,20.0987244,1.72959137,2.24482679,2.68738437
33007,1,0.234500006,3.80000019,7.43000031,8,3.09600019,-14.3999939,37.4400024,0.0137320012,0.0814750046,0.0979100093,46.6800079,3285.00024,0,0,3.99314737,1.65068901,2.06163597,0.0468037315
33007,1,0.234500006,3.57200003,6.30000019,8,2.97200012,-12.6399918,-17.0999908,0.0149920015,0.0260899998,0.0968650058,-47.5200005,3353.6001,0,0,13.9947386,7.7418623,3.19219661,0.510113239
33007,1,0.384000003,2.48399997,6.11000013,8,1.09600008,-11.1999969,-61.1999969,0.0145440008,0.0924950093,0.0511700027,-10.079998,3583.90015,0,0,39.0943832,21.2060413,4.02674723,2.31026578
33007,1,0.25060001,3.58400011,6.30000019,8,2.97200012,-66.5599976,-77.5800018,0.0260520019,0.00918000005,0.0869850069,-11.0399971,3113.5,0,0,6.19099379,3.52777934,2.21865773,0.0740927979
33007,1,0.25060001,3.58400011,6.30000019,8,2.97200012,-66.5599976,-36.3599968,0.0167280007,0.0552550033,0.0936350077,-46.3199997,3319.30005,0,0,10.5491896,4.69859123,2.71212125,0.523079455
33007,1,0.402400017,3.80000019,7.43000031,8,2.26400018,25.6000061,36.7200089,0.0141240014,0.0175400004,0.0793850049,-0.839996338,3843.60034,0,0,12.1203241,7.31562376,3.05458164,0.291686505
33007,1,0.402400017,3.28399992,6.11000013,8,1.09600008,-14.3999939,37.4400024,0.0137320012,0.0814750046,0.0979100093,46.6800079,3285.00024,0,0,4.81199932,1.68421757,2.03868318,0.181516469
33007,1,0.593299985,2.96399999,6.09250021,8,1.49600005,-11.1999969,-60.4799995,0.0141240014,0.0175400004,0.0979100093,46.6800079,3285.00024,2,-6,25.0025959,0.954272449,2.0835948,3.66078782
33007,1,0.402400017,3.24800014,6.69750023,8,1.38400006,42.7200012,-36.8999977,0.0149920015,0.0265650004,0.0890750065,-30.7199974,3353.6001,0,0,12.3984241,4.33131981,2.3050065,0.960349739
33007,1,0.593299985,2.97200012,6.09250021,8,1.49600005,-11.1999969,-39.2399979,0.0141240014,0.018015001,0.0890750065,-30.7199974,3044.90015,0,0,8.69889927,4.858953,2.39219975,0.241291076
33007,1,0.402400017,3.28399992,6.11000013,8,0.972000062,-13.1199951,-60.2999992,0.0149920015,0.0265650004,0.0890750065,-30.7199974,3353.6001,0,0,11.010046,1.73109853,2.34035468,1.15643215
33007,1,0.285100013,3.22000003,6.11000013,8,3.78400016,42.7200012,-37.0800018,0.0141240014,0.018015001,0.0890750065,-30.7199974,3044.90015,0,0,9.19859982,4.5306592,2.38775134,0.380031556
33007,1,0.234500006,3.80000019,7.43000031,8,2.82400012,-14.3999939,37.4400024,0.0137320012,0.0814750046,0.0793850049,-43.4399986,3044.90015,0,0,17.312109,13.0684872,3.76742482,0.0793661028
33007,1,0.402400017,3.80000019,7.43000031,8,2.26400018,25.6000061,36.7200089,0.0141240014,0.0175400004,0.0793850049,-0.839996338,3843.60034,0,0,12.1203241,7.31562376,3.05458164,0.291686505
33007,1,0.384000003,2.48399997,6.11000013,8,1.09600008,-11.1999969,-60.2999992,0.0149920015,0.0260899998,0.0968650058,-47.4000015,2897.90015,0,0,10.558877,3.55229783,2.22499537,0.796930552
33007,1,0.402400017,3.80000019,7.43000031,8,2.26400018,25.6000061,36.7200089,0.0141240014,0.0175400004,0.0793850049,-0.839996338,3843.60034,0,0,12.1203241,7.31562376,3.05458164,0.291686505
33007,1,0.262100011,3.22000003,6.11000013,8,3.89600015,-11.1999969,-60.2999992,0.0149920015,0.0265650004,0.0890750065,-30.7199974,3353.6001,0,0,8.69832039,1.75532532,2.31815815,0.770806193
33007,1,0.411600024,2.45600009,6.94000006,8,0.256000012,22.2400055,-50.0399971,0.0092520006,0.00918000005,0.0868900046,-0.839996338,3843.60034,0,0,17.4152641,5.13858318,2.27384973,1.66713846
33007,1,0.234500006,3.80000019,7.43000031,8,3.46400023,29.4400024,-77.5800018,0.026192002,0.0260899998,0.0968650058,-47.4000015,2917.50024,-4,-5,4.5603776,1.42576098,1.74843013,0.23103109
33007,1,0.285100013,3.22000003,6.11000013,8,3.89600015,-11.1999969,-60.2999992,0.0149920015,0.0262800008,0.0869850069,-10.3199959,3319.30005,0,0,6.7412262,2.15356445,2.29023838,0.382903844
33007,1,0.595600009,3.57200003,6.30000019,8,2.97200012,-66.5599976,-77.5800018,0.0260520019,0.00946499966,0.0890750065,-30.5999985,2917.50024,5,-6,4.45390701,0.851456404,2.35369015,0.208126739
33007,1,0.234500006,3.80000019,7.42500019,8,2.97200012,-66.5599976,-77.5800018,0.0260520019,0.00918000005,0.0869850069,-10.3199959,3319.30005,-5,-5,6.80540848,1.24744487,1.88537621,0.612097979
33007,1,0.388599992,3.57200003,6.30500031,8,2.82400012,-14.3999939,37.4400024,0.0137320012,0.0814750046,0.0979100093,46.6800079,3285.00024,0,0,6.50292301,1.70140755,2.04307342,0.4597404
33007,1,0.234500006,3.80000019,7.43000031,8,2.82400012,-14.3999939,37.4400024,0.0137320012,0.0814750046,0.0979100093,46.6800079,3285.00024,0,0,3.99314737,1.65068901,2.06163597,0.0468037315
33007,1,0.234500006,3.24800014,6.69750023,8,1.38400006,42.7200012,-36.3599968,0.0137320012,0.0814750046,0.0979100093,46.6800079,3285.00024,0,0,22.5254555,18.4958553,2.98526073,0.174056828
33007,1,0.411600024,2.45600009,6.94000006,8,0.256000012,20.9600067,-18,0.0145440008,0.0814750046,0.0979100093,37.0800018,3285.00024,0,0,146.672134,102.829224,4.58105326,6.54364204
33007,1,0.25060001,3.57200003,6.30000019,8,2.97200012,-11.3600006,-50.0399971,0.00852400064,0.0175400004,0.0793850049,-0.839996338,3843.60034,0,0,17.6661987,2.71489,2.24650383,2.1174674
33007,1,0.234500006,3.80000019,7.43000031,8,2.81200004,-66.5599976,-77.5800018,0.0260520019,0.00918000005,0.0869850069,-10.3199959,3319.30005,-5,-5,6.84526968,1.24742985,1.88537741,0.618743777
33007,1,0.388599992,3.57200003,6.30000019,8,2.98400021,-11.1999969,-60.2999992,0.0149920015,0.0260899998,0.0968650058,-36.8400002,3843.60034,0,0,16.4964485,1.73663461,2.18664742,2.09552789
33007,1,0.234500006,3.57200003,6.30000019,8,2.97200012,-12.6399918,37.4400024,0.0137320012,0.0814750046,0.0979100093,46.6800079,3285.00024,0,0,5.86370516,1.71696711,2.05072975,0.349334717
33007,1,0.25060001,3.57200003,7.43000031,8,2.82400012,-14.3999939,-18,0.0145440008,0.0924950093,0.0511700027,-10.079998,3583.90015,0,0,15.7745113,10.0124035,4.46264839,0.216576651
33007,1,0.234500006,3.80800009,6.69750023,8,3.56800008,26.8800049,-50.0399971,0.0103720017,0.0213400014,0.0968650058,-47.4000015,2917.50024,0,0,17.0251427,1.77697766,2.13996911,2.1846993
33007,1,0.593299985,2.84000015,7.43000031,8,2.82400012,-11.1999969,-60.2999992,0.0149920015,0.0260899998,0.0968650058,-36.8400002,3843.60034,0,0,33.8517075,5.22250938,2.13128304,4.41631889
33007,1,0.384000003,2.48399997,6.11000013,8,1.09600008,42.7200012,-37.0800018,0.0141240014,0.0175400004,0.0968650058,-38.8799973,3044.90015,0,0,23.7163448,11.0506172,2.3047967,1.72682202
33007,1,0.234500006,3.80000019,7.43000031,8,2.82400012,-14.3999939,37.4400024,0.0137320012,0.0814750046,0.0793850049,-43.4399986,3319.30005,0,0,15.8355293,11.5647573,3.59428596,0.112747595
33007,1,0.60710001,3.22000003,6.11000013,8,3.89600015,-11.1999969,-60.2999992,0.0149920015,0.0265650004,0.0890750065,-30.7199974,3353.6001,0,0,11.5404329,1.74262142,2.31503391,1.24712956
33007,1,0.248300001,2.97200012,6.09250021,8,1.38400006,42.7200012,-37.0800018,0.0142080011,0.0552550033,0.0936350077,-43.4399986,3113.5,0,0,6.29100037,3.43084741,2.19054055,0.111602001
33007,1,0.632400036,3.24800014,6.69750023,8,1.38400006,42.7200012,-37.0800018,0.0141240014,0.0175400004,0.0979100093,46.6800079,3285.00024,0,0,15.5256233,11.499527,3.62516308,0.0668221563
33007,1,0.363300025,2.97200012,6.09250021,8,1.38400006,42.7200012,-37.0800018,0.0142080011,0.0552550033,0.0936350077,-43.4399986,3113.5,0,0,6.58908176,3.29648662,2.18413854,0.184742823
33007,1,0.402400017,3.80000019,7.43000031,8,2.26400018,25.6000061,37.4400024,0.013592002,0.0260899998,0.0966750011,-30.7199974,3044.90015,0,0,24.7451878,4.17882442,2.46016097,3.0177002
33007,1,0.402400017,3.28399992,6.11000013,8,1.09600008,-11.1999969,-60.2999992,0.0151320007,0.0814750046,0.0968650058,-47.4000015,2917.50024,0,0,5.87033701,1.7250936,2.22457767,0.320110947
33007,1,0.234500006,3.80000019,7.43000031,8,3.46400023,29.4400024,-77.5800018,0.026192002,0.00918000005,0.0868900046,-0.839996338,3843.60034,0,0,12.7288599,9.48351479,2.16643143,0.179818973
33007,1,0.411600024,2.45600009,6.94000006,8,0.256000012,22.2400055,-50.0399971,0.0092520006,0.0260899998,0.0968650058,-47.4000015,2917.50024,0,0,20.8591003,2.91477418,2.11009359,2.6390388
33007,1,0.402400017,3.4000001,7.43000031,8,2.82400012,-14.3999939,37.4400024,0.0137320012,0.0814750046,0.0979100093,46.6800079,3285.00024,0,0,9.18099213,1.73266339,2.14644837,0.883646786
33007,1,0.234500006,3.68400002,6.11000013,8,0.972000062,-13.1199951,-39.2399979,0.0141240014,0.018015001,0.0890750065,-30.7199974,3044.90015,0,0,19.9634933,3.35931015,2.46649456,2.35628128
33007,1,0.234500006,3.80000019,7.42500019,8,2.97200012,-76.6399994,-17.0999908,0.0149920015,0.0260899998,0.0968650058,-47.5200005,3353.6001,0,0,15.8070831,11.1406183,4.33383799,0.0554379597
33007,1,0.234500006,3.80000019,7.43000031,8,2.82400012,-14.3999939,37.4400024,0.0137320012,0.0814750046,0.0979100093,46.6800079,3285.00024,0,0,3.99314737,1.65068901,2.06163597,0.0468037315
33007,1,0.234500006,3.57200003,6.30000019,8,2.97200012,-2.55999756,-77.5800018,0.0260520019,0.00918000005,0.0869850069,-10.3199959,3319.30005,0,0,7.23351574,2.74928069,2.21890235,0.3775554
33007,1,0.402400017,3.28399992,6.05000019,8,2.97200012,-66.5599976,-36.3599968,0.0167280007,0.0547800027,0.0869850069,-10.3199959,3319.30005,0,0,11.3459816,7.29687309,3.47583818,0.095544979
33007,1,0.285100013,3.22000003,6.11000013,8,3.89600015,-11.1999969,-60.2999992,0.0149920015,0.0267550014,0.0936350077,-47.0400009,3113.5,0,0,14.0009327,1.73216212,2.0864625,1.69705129
33007,1,0.402400017,3.28399992,6.05000019,8,2.97200012,-66.5599976,-36.3599968,0.0167280007,0.0552550033,0.0936350077,-47.0400009,3113.5,0,0,8.95199776,5.11117792,3.21950293,0.103552848
33007,1,0.234500006,3.80000019,7.43000031,8,2.82400012,-11.1999969,-60.2999992,0.0149920015,0.0260899998,0.0968650058,-36.8400002,3843.60034,0,0,5.93115425,1.83842337,2.1917181,0.316835493
33007,1,0.234500006,3.80000019,7.43000031,8,2.81200004,-66.5599976,-77.5800018,0.0260520019,0.00918000005,0.0869850069,-1.31999588,3285.00024,0,0,6.32829666,3.25099158,2.16508198,0.152037159
33007,1,0.234500006,3.80000019,7.43000031,8,2.82400012,-14.3999939,37.4400024,0.0137320012,0.0814750046,0.0979100093,37.6800003,3319.30005,0,0,4.44354582,1.79643738,2.07523966,0.0953114554
33007,1,0.262100011,3.22000003,6.11000013,8,3.89600015,-11.1999969,-60.2999992,0.0149920015,0.0265650004,0.0890750065,-30.7199974,3358.5,0,0,8.83233738,1.75637817,2.31816006,0.792966545
33007,1,0.595600009,3.57200003,6.30000019,8,2.97200012,-66.5599976,-77.5800018,0.0260520019,0.00946499966,0.0890750065,-30.5999985,2912.6001,5,-6,4.44950438,0.849406123,2.35369015,0.207734689
33007,1,0.234500006,3.80000019,7.43000031,8,2.82400012,-14.3999939,37.4400024,0.0137320012,0.0814750046,0.0979100093,46.6800079,3285.00024,0,0,3.99314737,1.65068901,2.06163597,0.0468037315
33007,1,0.388599992,3.57200003,6.30500031,8,2.82400012,-14.3999939,37.4400024,0.0137320012,0.0924950093,0.0511700027,-0.839996338,3848.50024,0,0,13.8442822,8.32692814,3.31097388,0.367729992
33007,1,0.60710001,3.20000005,7.43000031,8,2.82400012,-11.1999969,-60.2999992,0.0149920015,0.0260899998,0.0968650058,-47.4000015,2917.50024,0,0,8.26276112,3.53771091,2.23139858,0.415608615
33007,1,0.402400017,3.82000017,6.11000013,8,3.89600015,-11.1999969,-60.2999992,0.0149920015,0.0265650004,0.0890750065,-30.7199974,3353.6001,0,0,33.1160698,1.71292043,2.3060801,4.84951162
33007,1,0.234500006,3.57200003,6.30000019,8,2.97200012,-12.6399918,37.4400024,0.0137320012,0.0814750046,0.0979100093,46.6800079,3285.00024,0,0,5.86370516,1.71696711,2.05072975,0.349334717
33007,1,0.593299985,2.97200012,6.09250021,8,1.49600005,-11.1999969,-39.2399979,0.0141240014,0.018015001,0.0890750065,-30.7199974,3044.90015,0,0,8.69889927,4.858953,2.39219975,0.241291076
33007,1,0.388599992,3.57200003,6.30500031,8,2.82400012,-13.1199951,-39.2399979,0.0142920008,0.0814750046,0.0979100093,46.6800079,3285.00024,0,0,18.4906902,7.4499774,3.34492803,1.28263068
33007,1,0.25060001,3.57200003,6.30000019,8,2.97200012,-14.3999939,37.4400024,0.0137320012,0.0814750046,0.0979100093,46.6800079,3285.00024,0,0,5.98509121,1.71212745,2.0474844,0.370913208
33007,1,0.25060001,3.57200003,6.30000019,8,2.97200012,-13.1199951,-39.2399979,0.0142920008,0.0814750046,0.0979100093,46.6800079,3285.00024,0,0,17.2919407,7.33125687,3.27972984,1.11349225
33007,1,0.25060001,3.58400011,6.36000013,8,1.09600008,-14.3999939,37.4400024,0.0137320012,0.0814750046,0.0979100093,46.6800079,3285.00024,0,0,5.72071791,1.70925534,2.04597092,0.327581942
33007,1,0.234500006,3.57200003,6.30000019,8,2.97200012,-12.6399918,37.4400024,0.00533200055,0.0814750046,0.0968650058,-47.4000015,2917.50024,5,-1,58.8251266,1.15029645,2.26899195,9.23430634
33007,1,0.234500006,3.80000019,7.43000031,8,3.46400023,29.4400024,-77.5800018,0.026192002,0.0260899998,0.0979100093,46.6800079,3285.00024,0,0,13.4724226,9.69600964,2.07921672,0.282865971
33007,1,0.234500006,3.80000019,7.42500019,8,2.97200012,-66.5599976,-37.0800018,0.0142080011,0.0552550033,0.0936350077,-43.4399986,3113.5,0,0,7.20797729,3.67559028,2.56920266,0.160530746
33007,1,0.363300025,2.97200012,6.09250021,8,1.38400006,42.7200012,-77.5800018,0.0260520019,0.00918000005,0.0869850069,-10.3199959,3319.30005,0,0,14.1810617,4.64184427,2.21890903,1.22005141
33007,1,0.595600009,3.57200003,6.30000019,8,2.97200012,-66.5599976,-77.5800018,0.0260520019,0.00946499966,0.0968650058,-38.8799973,3044.90015,0,0,5.82517719,1.94431365,2.23711085,0.273958832
33007,1,0.384000003,2.48399997,6.11000013,8,1.09600008,42.7200012,-37.0800018,0.0141240014,0.0175400004,0.0890750065,-30.5999985,2917.50024,0,0,19.1679306,7.33116913,2.33000731,1.58445895
33007,1,0.25060001,3.80000019,7.43000031,8,3.46400023,29.4400024,-77.5800018,0.026192002,0.00918000005,0.0868900046,-0.839996338,3843.60034,0,0,12.7385368,9.40874577,2.16615152,0.193940043
33007,1,0.234500006,3.80000019,7.43000031,8,3.46400023,26.8800049,-39.2399979,0.0145440008,0.0924950093,0.0511700027,-7.43999863,3059.6001,0,0,10.6051178,4.69113159,2.9919014,0.487014174
33007,1,0.363300025,2.97200012,6.09250021,8,1.38400006,42.7200012,-37.0800018,0.0142080011,0.0552550033,0.0936350077,-43.4399986,3113.5,0,0,6.58908176,3.29648662,2.18413854,0.184742823
33007,1,0.60710001,3.22000003,6.11000013,8,3.89600015,-11.1999969,-60.2999992,0.0149920015,0.0265650004,0.0890750065,-30.7199974,3353.6001,0,0,11.5404329,1.74262142,2.31503391,1.24712956
33007,1,0.25060001,2.45600009,6.94000006,8,0.256000012,22.2400055,-50.0399971,0.0092520006,0.0260899998,0.0968650058,-47.4000015,2917.50024,0,0,18.2844925,2.90334058,2.11011076,2.21184015
33007,1,0.411600024,3.58400011,6.36000013,8,1.09600008,-14.3999939,37.4400024,0.0137320012,0.0814750046,0.0979100093,46.6800079,3285.00024,0,0,6.30459642,1.69723845,2.04158926,0.42762813
33007,1,0.234500006,3.80000019,7.43000031,8,2.82400012,-11.1999969,-60.2999992,0.0149920015,0.0260899998,0.0968650058,-36.8400002,3843.60034,0,0,5.93115425,1.83842337,2.1917181,0.316835493
33007,1,0.384000003,2.49600005,6.94000006,8,0.256000012,22.2400055,-50.0399971,0.00852400064,0.0175400004,0.0793850049,-0.839996338,3843.60034,0,0,15.0671444,6.44113255,2.24796319,1.06300807
33007,1,0.285100013,3.22000003,6.11000013,8,3.78400016,42.7200012,-37.0800018,0.0141240014,0.018015001,0.0890750065,-30.7199974,3285.00024,0,0,9.30422306,5.68020678,2.45422959,0.194964454
33007,1,0.234500006,3.80000019,7.43000031,8,2.82400012,-14.3999939,37.4400024,0.0137320012,0.0814750046,0.0979100093,46.6800079,3044.90015,5,-6,4.26787281,1.29139411,2.6482935,0.0546975806
33007,1,0.234500006,3.80000019,7.43000031,8,2.82400012,-13.7599945,-36.3599968,0.0167280007,0.0552550033,0.0936350077,-46.3199997,3319.30005,0,0,10.3370323,6.19565439,2.50587988,0.272582948
33007,1,0.595600009,3.57200003,6.30000019,8,2.97200012,-66.5599976,-77.5800018,0.0260520019,0.00946499966,0.0890750065,-30.7199974,3353.6001,0,0,6.96227646,3.40750337,2.21090698,0.223977685
33007,1,0.262100011,3.22000003,6.11000013,8,3.89600015,-11.1999969,-60.2999992,0.0149920015,0.0265650004,0.0890750065,-30.5999985,2917.50024,0,0,9.85416794,1.70265996,2.31454062,0.972827911
33007,1,0.402400017,3.28399992,6.11000013,8,1.09600008,-14.3999939,37.4400024,0.0137320012,0.0814750046,0.0979100093,46.6800079,3285.00024,0,0,4.81199932,1.68421757,2.03868318,0.181516469
33007,1,0.234500006,3.80000019,7.43000031,8,2.82400012,-14.3999939,37.4400024,0.0137320012,0.0924950093,0.0511700027,-0.839996338,3848.50024,0,0,13.7656202,9.63905334,3.01029515,0.186045334
33007,1,0.234500006,3.80000019,7.43000031,8,2.82400012,-14.3999939,-60.2999992,0.0151320007,0.0814750046,0.0968650058,-47.4000015,2917.50024,0,0,4.52310181,1.73981786,2.1778028,0.100913584
33007,1,0.402400017,3.28399992,6.11000013,8,1.09600008,-11.1999969,37.4400024,0.0137320012,0.0814750046,0.0979100093,46.6800079,3285.00024,0,0,4.78551769,1.69224215,2.0417428,0.175255418
33007,1,0.234500006,3.80000019,7.43000031,8,2.26400018,25.6000061,36.7200089,0.0141240014,0.0175400004,0.0793850049,-0.839996338,3843.60034,0,0,12.6669865,7.59890366,2.91557693,0.358750939
33007,1,0.234500006,3.80000019,7.43000031,8,2.82400012,-14.3999939,37.4400024,0.0137320012,0.0814750046,0.0979100093,46.6800079,3285.00024,0,0,3.99314737,1.65068901,2.06163597,0.0468037315
33007,1,0.402400017,3.28399992,6.05000019,8,2.97200012,-66.5599976,-36.3599968,0.0167280007,0.0552550033,0.0979100093,46.6800079,3285.00024,0,0,16.1055927,9.06617928,3.09166861,0.657957494
33007,1,0.234500006,3.80000019,7.43000031,8,2.82400012,-14.3999939,37.4400024,0.0137320012,0.0814750046,0.0936350077,-47.0400009,3113.5,0,0,13.6477032,7.67316055,2.57697129,0.566261888
33007,1,0.25060001,3.80000019,7.43000031,8,3.46400023,17.6000061,37.4400024,0.0137320012,0.0814750046,0.0979100093,46.6800079,3285.00024,0,0,4.3777833,1.70639086,2.14913678,0.0870426074
33007,1,0.402400017,3.28399992,6.11000013,8,1.09600008,-5.11999512,-39.2399979,0.0145440008,0.0924950093,0.0511700027,-7.43999863,3059.6001,0,0,13.0859823,9.19626522,3.58531284,0.0507339872
33007,1,0.234500006,3.80000019,7.43000031,8,2.81200004,-13.1199951,-60.2999992,0.0149920015,0.0265650004,0.0890750065,-30.7199974,3353.6001,5,-6,5.41719866,0.917917252,2.51637363,0.330484629
33007,1,0.402400017,3.28399992,6.11000013,8,0.984000027,-1.59999847,37.4400024,0.0137320012,0.0814750046,0.0979100093,46.6800079,3285.00024,0,0,6.76190805,1.70568717,2.04922962,0.501165211
33007,1,0.234500006,3.57200003,6.30000019,8,2.97200012,-12.6399918,-17.0999908,0.0149920015,0.0260899998,0.0968650058,-47.5200005,3353.6001,0,0,13.9947386,7.7418623,3.19219661,0.510113239
33007,1,0.402400017,3.80000019,7.43000031,8,2.26400018,25.6000061,36.7200089,0.0141240014,0.0175400004,0.0793850049,-0.839996338,3843.60034,0,0,12.1203241,7.31562376,3.05458164,0.291686505
33007,1,0.595600009,3.57200003,6.30000019,8,2.97200012,-66.5599976,-77.5800018,0.0260520019,0.00946499966,0.0890750065,-30.5999985,2917.50024,5,-6,4.45390701,0.851456404,2.35369015,0.208126739
33007,1,0.285100013,3.22000003,6.11000013,8,3.89600015,-11.1999969,-60.2999992,0.0149920015,0.0262800008,0.0869850069,-10.3199959,3319.30005,0,0,6.7412262,2.15356445,2.29023838,0.382903844
33007,1,0.234500006,3.80000019,7.43000031,8,2.82400012,-1.59999847,37.4400024,0.0137320012,0.0814750046,0.0979100093,46.6800079,3285.00024,5,-6,4.35639334,1.29664242,2.62358189,0.0726948157
33007,1,0.234500006,3.80000019,7.43000031,8,2.82400012,-14.3999939,37.4400024,0.0137320012,0.0814750046,0.0979100093,46.6800079,3285.00024,0,0,3.99314737,1.65068901,2.06163597,0.0468037315
33007,1,0.25060001,3.58400011,6.36000013,8,1.09600008,-14.3999939,37.4400024,0.0137320012,0.0175400004,0.0793850049,-0.839996338,3843.60034,0,0,19.4759426,7.30693436,2.76068687,1.5680536
33007,1,0.402400017,3.80000019,7.43000031,8,2.26400018,25.6000061,36.7200089,0.0141240014,0.0814750046,0.0979100093,46.6800079,3285.00024,0,0,4.46719503,1.6795752,2.55291724,0.0391171202
33007,1,0.234500006,3.80000019,7.43000031,8,2.82400012,-1.59999847,37.4400024,0.0137320012,0.0814750046,0.0979100093,46.6800079,3285.00024,5,-6,4.35639334,1.29664242,2.62358189,0.0726948157
33007,1,0.234500006,3.80000019,7.43000031,8,2.82400012,-14.3999939,37.4400024,0.0137320012,0.0814750046,0.0793850049,-43.4399986,3319.30005,0,0,15.8355293,11.5647573,3.59428596,0.112747595
33007,1,0.25060001,3.58400011,6.36000013,8,1.09600008,-14.3999939,37.4400024,0.0137320012,0.0814750046,0.0979100093,46.6800079,3285.00024,0,0,5.72071791,1.70925534,2.04597092,0.327581942
33007,1,0.402400017,3.28399992,6.05000019,8,2.97200012,-66.5599976,-77.5800018,0.0260520019,0.00918000005,0.0869850069,-11.0399971,3113.5,0,0,7.58034515,3.99943304,2.21865702,0.227042526
33007,1,0.285100013,3.22000003,6.11000013,8,3.89600015,-11.1999969,-60.2999992,0.0151040014,0.0924950093,0.0511700027,-7.43999863,3059.6001,0,0,12.0637474,7.64299679,4.15479469,0.0443260223
33007,1,0.234500006,3.80000019,7.43000031,8,2.82400012,-14.3999939,37.4400024,0.0137320012,0.0814750046,0.0979100093,46.6800079,3285.00024,0,0,3.99314737,1.65068901,2.06163597,0.0468037315
33007,1,0.234500006,3.80000019,7.43000031,8,3.46400023,26.8800049,-39.2399979,0.0144320019,0.0267550014,0.0936350077,-47.0400009,3113.5,0,0,12.5788851,3.70494413,2.69311619,1.03013754
33007,1,0.60710001,3.20000005,7.43000031,8,2.82400012,-11.1999969,-60.2999992,0.0149920015,0.0260899998,0.0968650058,-36.8400002,3843.60034,5,-6,11.0527973,1.05614042,2.51508498,1.24692857
33007,1,0.234500006,3.80000019,7.43000031,8,2.82400012,-11.1999969,-60.2999992,0.0149920015,0.0260899998,0.0968650058,-47.4000015,2917.50024,0,0,9.30624676,1.74945343,2.23318124,0.887268722
33007,1,0.402400017,3.28399992,6.11000013,8,1.09600008,-14.3999939,37.4400024,0.0149920015,0.0260899998,0.0968650058,-47.5200005,3353.6001,0,0,19.5431652,11.1482038,3.17797136,0.869498491
33007,1,0.234500006,3.57200003,6.30000019,8,2.97200012,-12.6399918,-17.0999908,0.0137320012,0.0814750046,0.0979100093,46.6800079,3285.00024,0,0,15.756979,12.370225,2.881037,0.0842861384
33007,1,0.234500006,3.80000019,7.43000031,8,2.82400012,-1.59999847,37.4400024,0.0137320012,0.0814750046,0.0979100093,46.6800079,3285.00024,5,-6,4.35639334,1.29664242,2.62358189,0.0726948157
33007,1,0.234500006,3.80000019,7.43000031,8,2.82400012,-11.1999969,-60.2999992,0.0149920015,0.0260899998,0.0968650058,-36.8400002,3843.60034,0,0,5.93115425,1.83842337,2.1917181,0.316835493
33007,1,0.595600009,3.57200003,6.30000019,8,2.97200012,-66.5599976,-77.5800018,0.0260520019,0.00946499966,0.0890750065,-30.7199974,3044.90015,0,0,5.60222244,2.21653652,2.34834909,0.172889501
33007,1,0.595600009,3.57200003,6.30000019,8,2.97200012,-66.5599976,-77.5800018,0.0260520019,0.00946499966,0.0968650058,-38.8799973,3353.6001,5,-6,6.62330914,1.41139245,3.13452721,0.34623152
33007,1,0.285100013,3.22000003,6.11000013,8,3.89600015,-11.1999969,-60.2999992,0.0149920015,0.0262800008,0.0869850069,-10.3199959,3319.30005,0,0,6.7412262,2.15356445,2.29023838,0.382903844
33007,1,0.234500006,3.80000019,7.43000031,8,2.82400012,-14.3999939,37.4400024,0.0137320012,0.0814750046,0.0979100093,46.6800079,3285.00024,0,0,3.99314737,1.65068901,2.06163597,0.0468037315
33007,1,0.25060001,3.58400011,6.36000013,8,1.09600008,-14.3999939,37.4400024,0.0137320012,0.0814750046,0.0979100093,46.6800079,3285.00024,0,0,5.72071791,1.70925534,2.04597092,0.327581942
33007,1,0.234500006,3.57200003,6.30000019,8,2.97200012,-2.55999756,-77.5800018,0.0260520019,0.00918000005,0.0869850069,-10.3199959,3319.30005,0,0,7.23351574,2.74928069,2.21890235,0.3775554
33007,1,0.25060001,3.80000019,7.43000031,8,3.46400023,17.6000061,37.4400024,0.0137320012,0.0854650065,0.0890750065,-30.5999985,2917.50024,0,0,12.3631268,9.09789371,2.36412811,0.15018408
33007,1,0.595600009,3.57200003,6.30000019,8,2.97200012,-66.5599976,-77.5800018,0.0260520019,0.00547500001,0.0979100093,46.6800079,3285.00024,5,-6,79.4266586,1.38606215,3.69719386,12.3905659
33007,1,0.234500006,3.80000019,7.43000031,8,2.82400012,-1.59999847,37.4400024,0.0137320012,0.0814750046,0.0979100093,46.6800079,3285.00024,5,-6,4.35639334,1.29664242,2.62358189,0.0726948157
33007,1,0.25060001,3.58400011,6.36000013,8,1.09600008,-14.3999939,37.4400024,0.0137320012,0.0814750046,0.0979100093,46.6800079,3285.00024,0,0,5.72071791,1.70925534,2.04597092,0.327581942
33007,1,0.234500006,3.80000019,7.43000031,8,2.81200004,-13.1199951,-60.2999992,0.0149920015,0.0265650004,0.0890750065,-25.3199997,3285.00024,0,0,15.0816832,1.6970154,2.29577923,1.84814799
33007,1,0.402400017,3.80000019,7.43000031,8,2.26400018,25.6000061,36.7200089,0.0141240014,0.0814750046,0.0979100093,41.2800064,3353.6001,0,0,4.40995502,1.7035706,2.24324465,0.0771899298
33007,1,0.234500006,3.80000019,7.43000031,8,2.82400012,-14.3999939,37.4400024,0.0137320012,0.0814750046,0.0979100093,46.6800079,3044.90015,5,-6,4.26787281,1.29139411,2.6482935,0.0546975806
33007,1,0.234500006,3.80000019,7.43000031,8,2.82400012,-14.3999939,37.4400024,0.0137320012,0.0814750046,0.0979100093,46.6800079,3285.00024,0,0,3.99314737,1.65068901,2.06163597,0.0468037315
33007,1,0.285100013,3.22000003,6.11000013,8,3.89600015,-14.3999939,37.4400024,0.0137320012,0.0814750046,0.0979100093,46.6800079,3285.00024,0,0,4.29128742,1.69060075,2.03997898,0.0934512913
33007,1,0.234500006,3.80000019,7.43000031,8,2.82400012,-11.1999969,-60.2999992,0.0149920015,0.0262800008,0.0869850069,-10.3199959,3319.30005,0,0,5.65463114,2.4153223,2.27616453,0.16052407
33007,1,0.234500006,3.80000019,7.43000031,8,2.82400012,-14.3999939,37.4400024,0.0260520019,0.00946499966,0.0890750065,-30.5999985,2912.6001,0,0,18.5300484,14.2253141,3.05770755,0.207837984
33007,1,0.595600009,3.57200003,6.30000019,8,2.97200012,-66.5599976,-77.5800018,0.0137320012,0.0814750046,0.0979100093,46.6800079,3285.00024,0,0,15.3963833,7.57215738,2.96245408,0.810295224
33007,1,0.234500006,3.80000019,7.43000031,8,2.82400012,-13.7599945,-36.3599968,0.0167280007,0.0552550033,0.0936350077,-46.3199997,3319.30005,0,0,10.3370323,6.19565439,2.50587988,0.272582948
33007,1,0.234500006,3.80000019,7.43000031,8,2.82400012,-14.3999939,37.4400024,0.0137320012,0.0814750046,0.0979100093,46.6800079,3044.90015,5,-6,4.26787281,1.29139411,2.6482935,0.0546975806
33007,1,0.402400017,3.28399992,6.05000019,8,2.97200012,-66.5599976,-36.3599968,0.0167280007,0.0552550033,0.0936350077,-43.4399986,3113.5,0,0,10.2349262,4.64787912,2.54465842,0.507064819
33007,1,0.234500006,3.80000019,7.42500019,8,2.97200012,-66.5599976,-37.0800018,0.0142080011,0.0552550033,0.0936350077,-47.0400009,3113.5,0,0,12.3562336,8.10330582,2.36567545,0.314542145
33007,1,0.234500006,3.28399992,6.05000019,8,2.97200012,-66.5599976,-77.5800018,0.0260520019,0.00918000005,0.0869850069,-11.0399971,3113.5,0,0,7.53773594,4.07457638,2.21865749,0.207416981
33007,1,0.402400017,3.57200003,6.30000019,8,2.97200012,-12.6399918,-17.0999908,0.0149920015,0.0260899998,0.0968650058,-47.5200005,3353.6001,0,0,14.7975302,7.38651562,3.25285792,0.693026066
33007,1,0.595600009,3.57200003,6.30000019,8,2.97200012,-66.5599976,-77.5800018,0.0260520019,0.00946499966,0.0890750065,-30.5999985,2917.50024,5,-6,4.45390701,0.851456404,2.35369015,0.208126739
33007,1,0.402400017,3.28399992,6.05000019,8,2.97200012,-66.5599976,-36.3599968,0.0167280007,0.0552550033,0.0979100093,46.6800079,3285.00024,0,0,16.1055927,9.06617928,3.09166861,0.657957494
33007,1,0.402400017,3.28399992,6.11000013,8,1.09600008,-14.3999939,37.4400024,0.0137320012,0.0814750046,0.0979100093,46.6800079,3285.00024,0,0,4.81199932,1.68421757,2.03868318,0.181516469
33007,1,0.234500006,3.80000019,7.43000031,8,2.82400012,-14.3999939,37.4400024,0.0137320012,0.0814750046,0.0979100093,37.6800003,3319.30005,0,0,4.44354582,1.79643738,2.07523966,0.0953114554
33007,1,0.234500006,3.80000019,7.43000031,8,2.82400012,-14.3999939,-60.2999992,0.0149920015,0.0260899998,0.0968650058,-36.8400002,3843.60034,0,0,5.41859436,1.85523486,2.18830943,0.229174986
33007,1,0.234500006,3.80000019,7.43000031,8,2.82400012,-11.1999969,37.4400024,0.0137320012,0.0814750046,0.0979100093,37.6800003,3319.30005,0,0,4.65962029,1.78610456,2.0657444,0.134628594
33007,1,0.234500006,3.80000019,7.43000031,8,2.82400012,-14.3999939,37.4400024,0.0137320012,0.0814750046,0.0979100093,46.6800079,3285.00024,0,0,3.99314737,1.65068901,2.06163597,0.0468037315
33007,1,0.595600009,3.57200003,6.30000019,8,2.97200012,-66.5599976,-77.5800018,0.0260520019,0.00946499966,0.0890750065,-30.5999985,2912.6001,5,-6,4.44950438,0.849406123,2.35369015,0.207734689
33007,1,0.234500006,3.80000019,7.43000031,8,2.82400012,-14.3999939,37.4400024,0.0137320012,0.0814750046,0.0979100093,46.6800079,3044.90015,5,-6,4.26787281,1.29139411,2.6482935,0.0546975806
33007,1,0.363300025,2.97200012,6.09250021,8,1.38400006,42.7200012,-37.0800018,0.0142080011,0.0552550033,0.0936350077,-43.4399986,3113.5,0,0,6.58908176,3.29648662,2.18413854,0.184742823
33007,1,0.234500006,3.80000019,7.43000031,8,2.82400012,-14.3999939,37.4400024,0.0137320012,0.0814750046,0.0979100093,46.6800079,3285.00024,0,0,3.99314737,1.65068901,2.06163597,0.0468037315
33007,1,0.25060001,3.58400011,6.36000013,8,1.09600008,-14.3999939,37.4400024,0.0137320012,0.0814750046,0.0979100093,46.6800079,3285.00024,0,0,5.72071791,1.70925534,2.04597092,0.327581942
33007,1,0.234500006,3.80000019,7.42500019,8,2.97200012,-66.5599976,-37.0800018,0.0142920008,0.0814750046,0.0979100093,46.6800079,3285.00024,0,0,16.6138649,11.3128452,4.75646973,0.0907585248
33007,1,0.388599992,3.57200003,6.30500031,8,2.82400012,-13.1199951,-39.2399979,0.0142080011,0.0552550033,0.0936350077,-43.4399986,3113.5,0,0,17.3565502,1.93028426,2.20189357,2.20406199
33007,1,0.234500006,3.80000019,7.43000031,8,2.82400012,-14.3999939,37.4400024,0.0137320012,0.00946499966,0.0968650058,-38.8799973,3044.90015,0,0,18.5738831,9.52578068,2.87539697,1.02878428
33007,1,0.595600009,3.57200003,6.30000019,8,2.97200012,-66.5599976,-77.5800018,0.0260520019,0.0814750046,0.0979100093,37.6800003,3319.30005,0,0,13.1008701,1.82547915,4.13355541,1.19030583
33007,1,0.234500006,3.80000019,7.43000031,8,2.81200004,-13.1199951,-60.2999992,0.0141240014,0.0175400004,0.0793850049,-0.839996338,3843.60034,0,0,6.31586647,1.94785953,2.42734313,0.323443979
33007,1,0.384000003,2.49600005,6.94000006,8,0.256000012,22.2400055,-50.0399971,0.00939200073,0.0265650004,0.0890750065,-30.7199974,3353.6001,-7,-6,16.5878677,0.945994437,2.12452984,2.25289059
33007,1,0.402400017,3.80000019,7.43000031,8,2.26400018,25.6000061,36.7200089,0.0141240014,0.0814750046,0.0979100093,46.6800079,3285.00024,0,0,4.46719503,1.6795752,2.55291724,0.0391171202
33007,1,0.25060001,3.58400011,6.36000013,8,1.09600008,-14.3999939,37.4400024,0.0137320012,0.0814750046,0.0979100093,46.6800079,3285.00024,0,0,5.72071791,1.70925534,2.04597092,0.327581942
33007,1,0.363300025,2.97200012,6.09250021,8,1.38400006,42.7200012,-42.2999954,0.0149920015,0.0260899998,0.0968650058,-36.8400002,3843.60034,0,0,17.3009758,1.7552278,2.10227585,2.24057865
33007,1,0.234500006,3.80000019,7.43000031,8,2.82400012,-11.1999969,-55.079998,0.0142080011,0.0552550033,0.0936350077,-43.4399986,3113.5,0,0,7.91959476,1.70878828,2.22972107,0.663514197
33007,1,0.411600024,3.58400011,6.36000013,8,1.09600008,-14.3999939,37.4400024,0.0137320012,0.0814750046,0.0979100093,46.6800079,3285.00024,0,0,6.30459642,1.69723845,2.04158926,0.42762813
33007,1,0.234500006,3.80000019,7.43000031,8,2.82400012,-14.3999939,37.4400024,0.0137320012,0.0814750046,0.0979100093,46.6800079,3285.00024,0,0,3.99314737,1.65068901,2.06163597,0.0468037315
33007,1,0.402400017,3.28399992,6.05000019,8,2.97200012,-66.5599976,-77.5800018,0.0260520019,0.00918000005,0.0869850069,-7.43999863,3059.6001,0,0,6.86875916,3.48261404,2.22008324,0.194343656
33007,1,0.402400017,3.28399992,6.11000013,8,1.09600008,-5.11999512,-39.2399979,0.0145440008,0.0924950093,0.0511700027,-11.0399971,3113.5,0,0,14.2007599,10.3472233,3.70584893,0.0246147178
33007,1,0.402400017,3.28399992,6.11000013,8,0.984000027,-1.59999847,37.4400024,0.0137320012,0.0814750046,0.0979100093,46.6800079,3319.30005,0,0,6.63650846,1.70520294,2.0488019,0.480417281
33007,1,0.285100013,3.22000003,6.11000013,8,3.89600015,-11.1999969,-60.2999992,0.0149920015,0.0262800008,0.0869850069,-10.3199959,3285.00024,0,0,6.95557117,2.17720914,2.29066491,0.414616287
33007,1,0.595600009,3.57200003,7.43000031,8,2.82400012,-14.3999939,37.4400024,0.0137320012,0.0814750046,0.0979100093,46.6800079,3285.00024,0,0,5.94988728,1.66339302,2.1166532,0.361640126
33007,1,0.234500006,3.80000019,6.30000019,8,2.97200012,-66.5599976,-77.5800018,0.0260520019,0.00946499966,0.0968650058,-38.8799973,3044.90015,0,0,4.66258287,1.8834058,2.23710871,0.0903447419
33007,1,0.25060001,3.57200003,6.30000019,8,2.97200012,-14.3999939,37.4400024,0.0260520019,0.00918000005,0.0869850069,-10.3199959,3319.30005,5,6,11.4786997,3.50149012,2.33378506,0.940570652
33007,1,0.363300025,2.97200012,6.09250021,8,1.38400006,42.7200012,-77.5800018,0.0137320012,0.0814750046,0.0979100093,46.6800079,3285.00024,0,0,21.5851173,14.603322,4.87720013,0.350765735
33007,1,0.234500006,3.80000019,7.43000031,8,2.82400012,-14.3999939,37.4400024,0.0137320012,0.0814750046,0.0979100093,46.6800079,3285.00024,0,0,3.99314737,1.65068901,2.06163597,0.0468037315
33007,0,0,0,0,0,0,0,0,0,0,0,0,0,0,0,0,0,0,0
33007,0,0,0,0,0,0,0,0,0,0,0,0,0,0,0,0,0,0,0
33007,0,0,0,0,0,0,0,0,0,0,0,0,0,0,0,0,0,0,0
33007,0,0,0,0,0,0,0,0,0,0,0,0,0,0,0,0,0,0,0
33007,0,0,0,0,0,0,0,0,0,0,0,0,0,0,0,0,0,0,0
33007,0,0,0,0,0,0,0,0,0,0,0,0,0,0,0,0,0,0,0
33007,0,0,0,0,0,0,0,0,0,0,0,0,0,0,0,0,0,0,0
33007,0,0,0,0,0,0,0,0,0,0,0,0,0,0,0,0,0,0,0
33007,0,0,0,0,0,0,0,0,0,0,0,0,0,0,0,0,0,0,0
33007,0,0,0,0,0,0,0,0,0,0,0,0,0,0,0,0,0,0,0
33007,0,0,0,0,0,0,0,0,0,0,0,0,0,0,0,0,0,0,0
33007,0,0,0,0,0,0,0,0,0,0,0,0,0,0,0,0,0,0,0
33007,0,0,0,0,0,0,0,0,0,0,0,0,0,0,0,0,0,0,0
33007,0,0,0,0,0,0,0,0,0,0,0,0,0,0,0,0,0,0,0
33007,0,0,0,0,0,0,0,0,0,0,0,0,0,0,0,0,0,0,0
33007,0,0,0,0,0,0,0,0,0,0,0,0,0,0,0,0,0,0,0
33007,0,0,0,0,0,0,0,0,0,0,0,0,0,0,0,0,0,0,0
33007,0,0,0,0,0,0,0,0,0,0,0,0,0,0,0,0,0,0,0
33007,0,0,0,0,0,0,0,0,0,0,0,0,0,0,0,0,0,0,0
33007,0,0,0,0,0,0,0,0,0,0,0,0,0,0,0,0,0,0,0
33007,0,0,0,0,0,0,0,0,0,0,0,0,0,0,0,0,0,0,0
33007,0,0,0,0,0,0,0,0,0,0,0,0,0,0,0,0,0,0,0
33007,0,0,0,0,0,0,0,0,0,0,0,0,0,0,0,0,0,0,0
33007,0,0,0,0,0,0,0,0,0,0,0,0,0,0,0,0,0,0,0
33007,0,0,0,0,0,0,0,0,0,0,0,0,0,0,0,0,0,0,0
33007,0,0,0,0,0,0,0,0,0,0,0,0,0,0,0,0,0,0,0
33007,0,0,0,0,0,0,0,0,0,0,0,0,0,0,0,0,0,0,0
